alert_id,txn_id,alert_ts,channel,city,merchant_category,merchant_id,customer_id,amount_inr,fraud_score,rule_hit,severity,status,is_false_positive,is_blocked,analyst_queue
ALT0000001,TXN00019476,2025-07-15 00:01:32,Wallet,Kochi,Education,M1159,C30759,6307.71,0.522,night_burst,Low,Investigating,0,0,Queue
ALT0000002,TXN00036440,2025-07-15 00:06:08,Card,Mumbai,Food Delivery,M1777,C53845,2677.05,0.637,new_payee,Medium,Cleared,1,0,Done
ALT0000003,TXN00008534,2025-07-15 00:08:45,UPI,Jaipur,Electronics,M1203,C61873,3173.84,0.509,night_burst,Low,Open,0,0,Queue
ALT0000004,TXN00016633,2025-07-15 00:10:03,Card,Nagpur,Grocery,M1283,C83500,2618.96,0.628,device,Medium,Blocked,0,1,Done
ALT0000005,TXN00025566,2025-07-15 00:14:15,UPI,Jaipur,Education,M1898,C56616,916.62,0.557,night_burst,Medium,Open,0,0,Queue
ALT0000006,TXN00018696,2025-07-15 00:18:05,UPI,Kolkata,Food Delivery,M1264,C74505,2841.31,0.568,new_payee,Medium,Cleared,1,0,Done
ALT0000007,TXN00022648,2025-07-15 00:18:14,UPI,Ahmedabad,Fashion,M1429,C66749,86412.01,0.515,velocity,Low,Investigating,0,0,Queue
ALT0000008,TXN00006861,2025-07-15 00:22:48,Card,Jaipur,Education,M1431,C74160,1672.12,0.514,new_payee,Low,Open,0,0,Queue
ALT0000009,TXN00024934,2025-07-15 00:24:29,UPI,Jaipur,Food Delivery,M1045,C79796,13981.93,0.6,velocity,Medium,Investigating,0,0,Queue
ALT0000010,TXN00034037,2025-07-15 00:29:27,UPI,Chandigarh,Food Delivery,M1554,C50629,638.28,0.482,velocity,Low,Cleared,1,0,Done
ALT0000011,TXN00019612,2025-07-15 00:29:52,UPI,Chandigarh,Utilities,M1418,C47872,1487.91,0.577,velocity,Medium,Cleared,1,0,Done
ALT0000012,TXN00035524,2025-07-15 00:31:02,UPI,Bengaluru,Grocery,M1864,C61915,1935.21,0.567,new_payee,Medium,Cleared,1,0,Done
ALT0000013,TXN00031485,2025-07-15 00:31:50,UPI,Mumbai,Travel,M1189,C48917,55246.71,0.48,night_burst,Low,Open,0,0,Queue
ALT0000014,TXN00000390,2025-07-15 00:35:38,Card,Kolkata,Utilities,M1799,C87174,2821.79,0.57,velocity,Medium,Cleared,1,0,Done
ALT0000015,TXN00047208,2025-07-15 00:37:12,UPI,Mumbai,Utilities,M1592,C64808,13087.77,0.54,geo_mismatch,Low,Cleared,1,0,Done
ALT0000016,TXN00017899,2025-07-15 00:37:27,UPI,Chandigarh,Grocery,M1083,C84428,42549.23,0.59,amount_spike,Medium,Open,0,0,Queue
ALT0000017,TXN00016613,2025-07-15 00:51:43,UPI,Delhi,Gaming,M1707,C63084,2276.51,0.515,velocity,Low,Cleared,1,0,Done
ALT0000018,TXN00021431,2025-07-15 00:55:25,Card,Nagpur,Utilities,M1402,C89466,63419.93,0.762,velocity,High,Blocked,0,1,Done
ALT0000019,TXN00018440,2025-07-15 00:59:01,UPI,Ahmedabad,Food Delivery,M1717,C27753,13652.39,0.644,night_burst,Medium,Cleared,1,0,Done
ALT0000020,TXN00017804,2025-07-15 01:02:51,Card,Jaipur,Food Delivery,M1428,C28617,2589.6,0.625,geo_mismatch,Medium,Escalated,0,0,Queue
ALT0000021,TXN00012403,2025-07-15 01:04:53,Wallet,Nagpur,Healthcare,M1644,C89294,1835.34,0.558,night_burst,Medium,Cleared,1,0,Done
ALT0000022,TXN00029077,2025-07-15 01:18:13,Card,Ahmedabad,Fuel,M1849,C26731,8338.07,0.615,velocity,Medium,Blocked,1,1,Done
ALT0000023,TXN00047711,2025-07-15 01:23:02,UPI,Delhi,Grocery,M1202,C78630,2912.18,0.604,new_payee,Medium,Investigating,0,0,Queue
ALT0000024,TXN00009834,2025-07-15 01:29:57,Wallet,Kochi,Fashion,M1379,C12454,78919.86,0.616,velocity,Medium,Investigating,0,0,Queue
ALT0000025,TXN00032604,2025-07-15 01:30:14,UPI,Bengaluru,Education,M1515,C37390,2997.89,0.614,new_payee,Medium,Open,0,0,Queue
ALT0000026,TXN00044005,2025-07-15 01:33:14,UPI,Pune,Grocery,M1639,C89427,21182.27,0.675,velocity,Medium,Escalated,0,0,Queue
ALT0000027,TXN00011368,2025-07-15 01:35:51,UPI,Kochi,Healthcare,M1026,C41499,1342.44,0.515,night_burst,Low,Cleared,1,0,Done
ALT0000028,TXN00040234,2025-07-15 01:37:50,Card,Jaipur,Education,M1202,C52176,19060.54,0.613,night_burst,Medium,Open,0,0,Queue
ALT0000029,TXN00029517,2025-07-15 01:46:27,UPI,Ahmedabad,Food Delivery,M1876,C25114,8287.77,0.68,velocity,Medium,Cleared,1,0,Done
ALT0000030,TXN00038088,2025-07-15 01:52:01,Wallet,Nagpur,Travel,M1454,C56808,7098.73,0.551,velocity,Medium,Blocked,1,1,Done
ALT0000031,TXN00000830,2025-07-15 01:53:34,UPI,Chandigarh,Food Delivery,M1463,C38948,4072.38,0.564,new_payee,Medium,Cleared,1,0,Done
ALT0000032,TXN00020891,2025-07-15 01:59:11,UPI,Chandigarh,Food Delivery,M1865,C14915,24708.12,0.508,night_burst,Low,Investigating,0,0,Queue
ALT0000033,TXN00003315,2025-07-15 02:01:16,Card,Chandigarh,Utilities,M1435,C84994,21124.19,0.613,velocity,Medium,Investigating,0,0,Queue
ALT0000034,TXN00046874,2025-07-15 02:03:36,Card,Pune,Fashion,M1023,C35624,5554.98,0.594,new_payee,Medium,Investigating,0,0,Queue
ALT0000035,TXN00031963,2025-07-15 02:03:50,UPI,Chennai,Grocery,M1049,C58608,407.75,0.683,velocity,High,Escalated,0,0,Queue
ALT0000036,TXN00046357,2025-07-15 02:04:49,UPI,Ahmedabad,Travel,M1276,C70600,66198.61,0.487,amount_spike,Low,Blocked,0,1,Done
ALT0000037,TXN00020637,2025-07-15 02:07:17,UPI,Delhi,Fuel,M1461,C39900,34004.38,0.48,velocity,Low,Cleared,1,0,Done
ALT0000038,TXN00008658,2025-07-15 02:12:22,UPI,Jaipur,Utilities,M1431,C68643,4337.55,0.521,velocity,Low,Blocked,0,1,Done
ALT0000039,TXN00004002,2025-07-15 02:15:49,Wallet,Chandigarh,Fuel,M1524,C86157,2869.25,0.81,night_burst,High,Open,0,0,Queue
ALT0000040,TXN00024532,2025-07-15 02:24:53,UPI,Chandigarh,Fashion,M1122,C26850,14216.52,0.592,new_payee,Medium,Blocked,1,1,Done
ALT0000041,TXN00019935,2025-07-15 02:26:05,UPI,Delhi,Healthcare,M1354,C24164,313.77,0.5,night_burst,Low,Blocked,1,1,Done
ALT0000042,TXN00028805,2025-07-15 02:28:12,Card,Ahmedabad,Education,M1179,C50841,38110.19,0.483,amount_spike,Low,Open,0,0,Queue
ALT0000043,TXN00038530,2025-07-15 02:28:58,UPI,Mumbai,Healthcare,M1732,C57026,3588.12,0.513,velocity,Low,Open,0,0,Queue
ALT0000044,TXN00026168,2025-07-15 02:29:00,Card,Kochi,Food Delivery,M1065,C21722,2846.56,0.572,velocity,Medium,Cleared,1,0,Done
ALT0000045,TXN00007551,2025-07-15 02:44:55,UPI,Nagpur,Grocery,M1035,C18750,4331.66,0.732,new_payee,High,Blocked,0,1,Done
ALT0000046,TXN00024347,2025-07-15 02:46:31,Wallet,Surat,Grocery,M1521,C13344,4692.06,0.583,velocity,Medium,Open,0,0,Queue
ALT0000047,TXN00026573,2025-07-15 02:46:31,UPI,Nagpur,Grocery,M1073,C12272,3713.09,0.63,new_payee,Medium,Blocked,0,1,Done
ALT0000048,TXN00037413,2025-07-15 02:56:29,UPI,Hyderabad,Travel,M1277,C26260,961.5,0.53,new_payee,Low,Investigating,0,0,Queue
ALT0000049,TXN00046869,2025-07-15 02:56:42,UPI,Kolkata,Food Delivery,M1886,C83582,3735.98,0.68,geo_mismatch,Medium,Investigating,0,0,Queue
ALT0000050,TXN00044864,2025-07-15 02:58:31,UPI,Surat,Food Delivery,M1752,C51986,5016.53,0.49,velocity,Low,Cleared,1,0,Done
ALT0000051,TXN00038562,2025-07-15 03:09:48,Card,Ahmedabad,Gaming,M1786,C52496,8581.84,0.568,night_burst,Medium,Cleared,1,0,Done
ALT0000052,TXN00033902,2025-07-15 03:10:41,Card,Lucknow,Fashion,M1447,C11259,12486.31,0.704,device,High,Cleared,0,0,Done
ALT0000053,TXN00007750,2025-07-15 03:12:15,Wallet,Mumbai,Healthcare,M1328,C86941,1209.97,0.617,night_burst,Medium,Escalated,0,0,Queue
ALT0000054,TXN00019463,2025-07-15 03:24:01,Card,Jaipur,Fuel,M1755,C54021,23657.34,0.55,velocity,Low,Open,0,0,Queue
ALT0000055,TXN00002634,2025-07-15 03:29:00,UPI,Lucknow,Travel,M1249,C75902,969.65,0.584,new_payee,Medium,Blocked,0,1,Done
ALT0000056,TXN00006023,2025-07-15 03:37:05,UPI,Pune,Grocery,M1297,C13367,199424.29,0.687,amount_spike,High,Blocked,1,1,Done
ALT0000057,TXN00042044,2025-07-15 03:39:27,Wallet,Delhi,Grocery,M1010,C75421,1582.19,0.581,velocity,Medium,Escalated,0,0,Queue
ALT0000058,TXN00020467,2025-07-15 03:42:55,UPI,Jaipur,Grocery,M1283,C84507,2388.04,0.493,new_payee,Low,Open,0,0,Queue
ALT0000059,TXN00025439,2025-07-15 03:44:49,UPI,Kochi,Fashion,M1708,C26842,1311.3,0.515,night_burst,Low,Blocked,1,1,Done
ALT0000060,TXN00036154,2025-07-15 03:54:17,Card,Chennai,Education,M1391,C20895,7852.28,0.538,new_payee,Low,Open,0,0,Queue
ALT0000061,TXN00045031,2025-07-15 04:01:59,UPI,Delhi,Fuel,M1726,C77158,16126.45,0.796,velocity,High,Blocked,0,1,Done
ALT0000062,TXN00030720,2025-07-15 04:02:00,Card,Ahmedabad,Electronics,M1530,C35164,26444.73,0.553,amount_spike,Medium,Cleared,1,0,Done
ALT0000063,TXN00021721,2025-07-15 04:02:53,UPI,Surat,Utilities,M1070,C70557,1316.84,0.507,night_burst,Low,Blocked,1,1,Done
ALT0000064,TXN00000490,2025-07-15 04:06:35,UPI,Delhi,Grocery,M1891,C49005,11747.35,0.572,night_burst,Medium,Blocked,1,1,Done
ALT0000065,TXN00024378,2025-07-15 04:09:48,UPI,Chennai,Electronics,M1579,C82103,884.79,0.531,night_burst,Low,Cleared,1,0,Done
ALT0000066,TXN00034550,2025-07-15 04:10:01,Card,Ahmedabad,Fashion,M1441,C44077,3361.01,0.49,velocity,Low,Cleared,1,0,Done
ALT0000067,TXN00037449,2025-07-15 04:10:24,Card,Mumbai,Food Delivery,M1703,C34640,1013.66,0.546,velocity,Low,Cleared,1,0,Done
ALT0000068,TXN00016314,2025-07-15 04:21:20,Card,Nagpur,Food Delivery,M1822,C19746,22634.87,0.604,night_burst,Medium,Open,0,0,Queue
ALT0000069,TXN00037446,2025-07-15 04:22:20,Card,Nagpur,Fashion,M1248,C27067,26599.12,0.66,amount_spike,Medium,Cleared,1,0,Done
ALT0000070,TXN00022755,2025-07-15 04:24:11,Card,Surat,Healthcare,M1618,C23250,6728.08,0.489,velocity,Low,Investigating,0,0,Queue
ALT0000071,TXN00032757,2025-07-15 04:27:50,Card,Ahmedabad,Food Delivery,M1657,C22446,2834.7,0.553,velocity,Medium,Investigating,0,0,Queue
ALT0000072,TXN00044684,2025-07-15 04:32:23,Wallet,Chandigarh,Utilities,M1403,C78609,11336.11,0.583,new_payee,Medium,Cleared,1,0,Done
ALT0000073,TXN00007022,2025-07-15 04:34:26,UPI,Pune,Food Delivery,M1091,C45091,2980.94,0.567,velocity,Medium,Blocked,0,1,Done
ALT0000074,TXN00025124,2025-07-15 04:47:59,Card,Chennai,Utilities,M1229,C73943,2322.16,0.573,velocity,Medium,Cleared,1,0,Done
ALT0000075,TXN00037667,2025-07-15 04:48:09,Card,Ahmedabad,Fuel,M1744,C21755,81831.25,0.492,velocity,Low,Blocked,1,1,Done
ALT0000076,TXN00005035,2025-07-15 04:59:59,Wallet,Nagpur,Fuel,M1482,C81919,31723.97,0.607,device,Medium,Investigating,0,0,Queue
ALT0000077,TXN00042738,2025-07-15 05:27:17,Card,Delhi,Grocery,M1256,C41869,20887.16,0.648,velocity,Medium,Cleared,1,0,Done
ALT0000078,TXN00005833,2025-07-15 05:52:54,UPI,Pune,Food Delivery,M1389,C81681,1734.93,0.541,velocity,Low,Cleared,1,0,Done
ALT0000079,TXN00042339,2025-07-15 06:39:34,Card,Hyderabad,Education,M1861,C31873,1640.7,0.524,geo_mismatch,Low,Open,0,0,Queue
ALT0000080,TXN00019579,2025-07-15 07:51:40,Card,Kolkata,Food Delivery,M1632,C49053,469.84,0.659,device,Medium,Investigating,0,0,Queue
ALT0000081,TXN00015255,2025-07-15 07:55:23,Card,Ahmedabad,Electronics,M1353,C52443,22378.7,0.609,velocity,Medium,Blocked,1,1,Done
ALT0000082,TXN00039290,2025-07-15 08:43:15,UPI,Chennai,Grocery,M1554,C16575,3794.29,0.614,velocity,Medium,Blocked,0,1,Done
ALT0000083,TXN00013936,2025-07-15 08:44:48,Card,Kochi,Grocery,M1081,C34247,7949.64,0.502,new_payee,Low,Cleared,1,0,Done
ALT0000084,TXN00022003,2025-07-15 08:59:45,UPI,Ahmedabad,Food Delivery,M1202,C30893,16224.66,0.496,velocity,Low,Cleared,1,0,Done
ALT0000085,TXN00040644,2025-07-15 09:14:15,Card,Chennai,Fuel,M1629,C59817,1252.7,0.565,velocity,Medium,Cleared,1,0,Done
ALT0000086,TXN00015747,2025-07-15 09:19:25,UPI,Lucknow,Food Delivery,M1760,C23264,293406.52,0.575,amount_spike,Medium,Open,0,0,Queue
ALT0000087,TXN00017970,2025-07-15 09:45:45,UPI,Kochi,Travel,M1708,C11321,7416.32,0.525,velocity,Low,Open,0,0,Queue
ALT0000088,TXN00046022,2025-07-15 10:38:14,Card,Delhi,Fuel,M1548,C42110,2514.86,0.49,geo_mismatch,Low,Open,0,0,Queue
ALT0000089,TXN00039893,2025-07-15 10:56:06,Card,Nagpur,Utilities,M1649,C25429,11748.95,0.486,device,Low,Cleared,1,0,Done
ALT0000090,TXN00036906,2025-07-15 11:15:58,Card,Bengaluru,Fashion,M1076,C15530,35211.5,0.574,velocity,Medium,Open,0,0,Queue
ALT0000091,TXN00019429,2025-07-15 11:49:36,Card,Delhi,Food Delivery,M1559,C44443,149270.5,0.489,amount_spike,Low,Cleared,1,0,Done
ALT0000092,TXN00009212,2025-07-15 12:17:55,Card,Bengaluru,Healthcare,M1451,C73903,30508.53,0.681,velocity,High,Escalated,0,0,Queue
ALT0000093,TXN00002301,2025-07-15 13:16:17,UPI,Nagpur,Travel,M1305,C54742,15698.3,0.744,velocity,High,Investigating,0,0,Queue
ALT0000094,TXN00000336,2025-07-15 13:43:23,Card,Kochi,Food Delivery,M1248,C62780,12598.63,0.571,new_payee,Medium,Cleared,1,0,Done
ALT0000095,TXN00001110,2025-07-15 13:49:44,UPI,Jaipur,Fuel,M1742,C41063,9181.05,0.59,new_payee,Medium,Investigating,0,0,Queue
ALT0000096,TXN00026560,2025-07-15 14:40:04,UPI,Surat,Grocery,M1898,C48095,1910.08,0.497,device,Low,Cleared,1,0,Done
ALT0000097,TXN00034698,2025-07-15 14:55:46,UPI,Bengaluru,Food Delivery,M1002,C82849,2466.59,0.565,velocity,Medium,Open,0,0,Queue
ALT0000098,TXN00029066,2025-07-15 15:00:39,UPI,Hyderabad,Utilities,M1015,C56969,7557.01,0.559,geo_mismatch,Medium,Investigating,0,0,Queue
ALT0000099,TXN00001383,2025-07-15 15:23:21,Card,Kolkata,Healthcare,M1144,C10411,33344.85,0.556,velocity,Medium,Investigating,0,0,Queue
ALT0000100,TXN00026749,2025-07-15 15:24:20,UPI,Pune,Fuel,M1107,C22492,1518.46,0.514,device,Low,Cleared,1,0,Done
ALT0000101,TXN00009445,2025-07-15 15:46:38,UPI,Ahmedabad,Grocery,M1634,C86699,14990.26,0.591,geo_mismatch,Medium,Blocked,0,1,Done
ALT0000102,TXN00009488,2025-07-15 16:17:48,UPI,Kochi,Electronics,M1100,C17979,9390.52,0.634,velocity,Medium,Blocked,1,1,Done
ALT0000103,TXN00025832,2025-07-15 16:17:57,Wallet,Nagpur,Fashion,M1550,C64691,487.19,0.508,velocity,Low,Cleared,1,0,Done
ALT0000104,TXN00034337,2025-07-15 16:32:30,UPI,Lucknow,Food Delivery,M1419,C40280,5128.79,0.579,velocity,Medium,Open,0,0,Queue
ALT0000105,TXN00021380,2025-07-15 16:39:33,UPI,Mumbai,Grocery,M1708,C55974,2430.25,0.613,geo_mismatch,Medium,Blocked,1,1,Done
ALT0000106,TXN00037990,2025-07-15 16:47:52,UPI,Jaipur,Fashion,M1104,C75498,5508.19,0.525,velocity,Low,Blocked,0,1,Done
ALT0000107,TXN00003474,2025-07-15 16:53:55,Card,Mumbai,Travel,M1399,C20334,6492.88,0.759,new_payee,High,Investigating,0,0,Queue
ALT0000108,TXN00020566,2025-07-15 17:08:02,UPI,Chennai,Electronics,M1362,C19648,74163.59,0.588,amount_spike,Medium,Cleared,1,0,Done
ALT0000109,TXN00024794,2025-07-15 17:21:21,UPI,Bengaluru,Grocery,M1480,C28866,10624.56,0.68,new_payee,Medium,Investigating,0,0,Queue
ALT0000110,TXN00030090,2025-07-15 17:26:05,Wallet,Lucknow,Fashion,M1628,C34743,4138.72,0.506,device,Low,Cleared,1,0,Done
ALT0000111,TXN00035650,2025-07-15 17:42:17,Wallet,Jaipur,Gaming,M1574,C57806,336.33,0.529,geo_mismatch,Low,Cleared,1,0,Done
ALT0000112,TXN00018033,2025-07-15 18:01:43,Card,Lucknow,Fuel,M1862,C81218,7416.75,0.657,velocity,Medium,Cleared,1,0,Done
ALT0000113,TXN00029366,2025-07-15 18:10:26,UPI,Surat,Healthcare,M1156,C32705,86136.71,0.495,velocity,Low,Cleared,1,0,Done
ALT0000114,TXN00033501,2025-07-15 18:24:22,Card,Chennai,Healthcare,M1567,C81414,2700.97,0.592,velocity,Medium,Cleared,1,0,Done
ALT0000115,TXN00033356,2025-07-15 18:30:02,UPI,Nagpur,Fuel,M1652,C29678,6664.0,0.523,device,Low,Investigating,0,0,Queue
ALT0000116,TXN00013677,2025-07-15 18:30:22,UPI,Mumbai,Gaming,M1377,C16258,4168.54,0.481,device,Low,Cleared,1,0,Done
ALT0000117,TXN00003166,2025-07-15 18:44:51,UPI,Hyderabad,Gaming,M1568,C20331,3567.77,0.511,new_payee,Low,Cleared,1,0,Done
ALT0000118,TXN00041974,2025-07-15 19:05:31,UPI,Bengaluru,Utilities,M1009,C47435,6219.84,0.606,device,Medium,Cleared,1,0,Done
ALT0000119,TXN00028712,2025-07-15 19:08:37,Card,Nagpur,Travel,M1678,C58114,73956.9,0.608,velocity,Medium,Open,0,0,Queue
ALT0000120,TXN00033450,2025-07-15 19:20:48,Card,Hyderabad,Grocery,M1115,C63007,3796.19,0.618,velocity,Medium,Cleared,1,0,Done
ALT0000121,TXN00002151,2025-07-15 19:57:05,Card,Surat,Grocery,M1049,C72544,31545.06,0.597,velocity,Medium,Escalated,0,0,Queue
ALT0000122,TXN00038081,2025-07-15 20:04:19,Card,Hyderabad,Grocery,M1718,C11126,1984.43,0.581,velocity,Medium,Open,0,0,Queue
ALT0000123,TXN00021543,2025-07-15 20:05:41,UPI,Kolkata,Travel,M1564,C17628,11439.85,0.502,velocity,Low,Cleared,1,0,Done
ALT0000124,TXN00023130,2025-07-15 21:09:25,UPI,Ahmedabad,Fuel,M1000,C60635,2497.12,0.578,device,Medium,Investigating,0,0,Queue
ALT0000125,TXN00044267,2025-07-15 22:00:04,UPI,Nagpur,Education,M1060,C32306,816.24,0.608,velocity,Medium,Blocked,0,1,Done
ALT0000126,TXN00022317,2025-07-15 22:20:27,Card,Ahmedabad,Electronics,M1327,C27080,89197.91,0.615,amount_spike,Medium,Investigating,0,0,Queue
ALT0000127,TXN00025343,2025-07-15 22:30:19,Card,Nagpur,Gaming,M1468,C53481,3234.96,0.483,device,Low,Cleared,1,0,Done
ALT0000128,TXN00047041,2025-07-15 22:32:48,Card,Pune,Electronics,M1522,C46208,40055.28,0.546,velocity,Low,Blocked,1,1,Done
ALT0000129,TXN00010885,2025-07-15 22:50:23,Wallet,Jaipur,Education,M1424,C24132,356.02,0.5,velocity,Low,Open,0,0,Queue
ALT0000130,TXN00039050,2025-07-15 22:51:07,UPI,Jaipur,Fashion,M1002,C20078,1655.54,0.53,velocity,Low,Investigating,0,0,Queue
ALT0000131,TXN00021917,2025-07-15 23:01:27,UPI,Indore,Education,M1293,C42536,3373.31,0.567,night_burst,Medium,Open,0,0,Queue
ALT0000132,TXN00011122,2025-07-15 23:06:52,UPI,Hyderabad,Fuel,M1596,C15721,11718.93,0.514,night_burst,Low,Cleared,1,0,Done
ALT0000133,TXN00014280,2025-07-15 23:11:10,UPI,Pune,Food Delivery,M1683,C74124,1211.53,0.483,velocity,Low,Investigating,0,0,Queue
ALT0000134,TXN00009979,2025-07-15 23:12:37,Card,Surat,Travel,M1470,C57272,6897.35,0.493,velocity,Low,Cleared,1,0,Done
ALT0000135,TXN00043651,2025-07-15 23:17:29,UPI,Kochi,Fashion,M1537,C89163,8763.44,0.561,device,Medium,Blocked,1,1,Done
ALT0000136,TXN00041276,2025-07-15 23:19:44,UPI,Bengaluru,Grocery,M1890,C28616,173105.44,0.628,velocity,Medium,Open,0,0,Queue
ALT0000137,TXN00015676,2025-07-15 23:24:10,Wallet,Nagpur,Utilities,M1334,C31183,975.4,0.567,new_payee,Medium,Investigating,0,0,Queue
ALT0000138,TXN00013848,2025-07-15 23:25:58,UPI,Pune,Gaming,M1017,C85793,2906.65,0.496,velocity,Low,Open,0,0,Queue
ALT0000139,TXN00017271,2025-07-15 23:32:57,UPI,Jaipur,Gaming,M1502,C19780,1892.39,0.509,velocity,Low,Blocked,0,1,Done
ALT0000140,TXN00002826,2025-07-15 23:33:58,Card,Surat,Fashion,M1719,C82598,43837.27,0.589,night_burst,Medium,Cleared,1,0,Done
ALT0000141,TXN00001457,2025-07-15 23:34:21,UPI,Delhi,Utilities,M1829,C19922,6490.87,0.6,new_payee,Medium,Investigating,0,0,Queue
ALT0000142,TXN00032484,2025-07-15 23:34:51,UPI,Chennai,Fuel,M1439,C11006,29835.8,0.617,night_burst,Medium,Cleared,1,0,Done
ALT0000143,TXN00017997,2025-07-15 23:35:52,UPI,Delhi,Gaming,M1007,C32304,8263.02,0.495,velocity,Low,Cleared,1,0,Done
ALT0000144,TXN00005714,2025-07-15 23:40:52,Wallet,Kochi,Gaming,M1654,C52551,5978.34,0.602,new_payee,Medium,Cleared,1,0,Done
ALT0000145,TXN00041093,2025-07-15 23:44:21,UPI,Delhi,Fashion,M1568,C82786,1318.35,0.745,velocity,High,Escalated,0,0,Queue
ALT0000146,TXN00025111,2025-07-15 23:54:55,UPI,Chandigarh,Fuel,M1717,C30599,671.79,0.563,velocity,Medium,Open,0,0,Queue
ALT0000147,TXN00015715,2025-07-16 00:06:02,Card,Hyderabad,Healthcare,M1316,C44422,27052.33,0.564,amount_spike,Medium,Open,0,0,Queue
ALT0000148,TXN00045536,2025-07-16 00:08:57,Card,Lucknow,Electronics,M1887,C74209,10626.63,0.579,velocity,Medium,Open,0,0,Queue
ALT0000149,TXN00044296,2025-07-16 00:10:51,Card,Ahmedabad,Electronics,M1102,C66156,4974.8,0.601,night_burst,Medium,Cleared,1,0,Done
ALT0000150,TXN00001413,2025-07-16 00:18:31,Card,Kolkata,Food Delivery,M1332,C36574,85859.31,0.504,amount_spike,Low,Investigating,0,0,Queue
ALT0000151,TXN00004509,2025-07-16 00:28:41,UPI,Nagpur,Food Delivery,M1332,C31330,955.1,0.535,velocity,Low,Investigating,0,0,Queue
ALT0000152,TXN00008835,2025-07-16 00:28:48,Card,Delhi,Utilities,M1868,C47162,9418.03,0.482,velocity,Low,Cleared,1,0,Done
ALT0000153,TXN00005386,2025-07-16 00:30:13,UPI,Mumbai,Electronics,M1438,C84489,32181.04,0.48,new_payee,Low,Cleared,1,0,Done
ALT0000154,TXN00047531,2025-07-16 00:31:14,Card,Delhi,Electronics,M1190,C17169,4854.27,0.603,night_burst,Medium,Open,0,0,Queue
ALT0000155,TXN00013789,2025-07-16 00:33:52,UPI,Indore,Utilities,M1752,C29838,21283.17,0.522,velocity,Low,Cleared,1,0,Done
ALT0000156,TXN00008518,2025-07-16 00:40:48,Wallet,Surat,Fuel,M1778,C11389,740.31,0.564,night_burst,Medium,Open,0,0,Queue
ALT0000157,TXN00017982,2025-07-16 00:44:34,UPI,Kochi,Fashion,M1158,C46910,32453.31,0.761,new_payee,High,Open,0,0,Queue
ALT0000158,TXN00007582,2025-07-16 00:44:51,UPI,Hyderabad,Fuel,M1610,C71187,10665.94,0.529,velocity,Low,Cleared,1,0,Done
ALT0000159,TXN00024660,2025-07-16 00:45:32,UPI,Hyderabad,Grocery,M1192,C11099,22319.5,0.61,night_burst,Medium,Blocked,0,1,Done
ALT0000160,TXN00028186,2025-07-16 00:46:51,Card,Ahmedabad,Travel,M1756,C27578,41508.35,0.948,device,Critical,Cleared,0,0,Done
ALT0000161,TXN00022553,2025-07-16 00:50:23,Card,Hyderabad,Travel,M1668,C27761,49836.77,0.532,amount_spike,Low,Cleared,1,0,Done
ALT0000162,TXN00006656,2025-07-16 00:57:38,Wallet,Jaipur,Electronics,M1021,C24888,4876.95,0.582,new_payee,Medium,Blocked,0,1,Done
ALT0000163,TXN00040277,2025-07-16 00:57:56,Card,Ahmedabad,Healthcare,M1313,C20194,38230.51,0.668,amount_spike,Medium,Investigating,0,0,Queue
ALT0000164,TXN00027850,2025-07-16 01:02:34,Wallet,Ahmedabad,Fashion,M1143,C83410,47000.06,0.563,new_payee,Medium,Investigating,0,0,Queue
ALT0000165,TXN00038095,2025-07-16 01:06:00,Wallet,Jaipur,Education,M1887,C74684,963.05,0.538,velocity,Low,Cleared,1,0,Done
ALT0000166,TXN00019582,2025-07-16 01:06:44,Wallet,Jaipur,Electronics,M1624,C79603,6633.36,0.558,night_burst,Medium,Cleared,1,0,Done
ALT0000167,TXN00020435,2025-07-16 01:08:55,Card,Indore,Utilities,M1893,C65224,3266.91,0.753,device,High,Investigating,0,0,Queue
ALT0000168,TXN00027614,2025-07-16 01:17:11,UPI,Ahmedabad,Utilities,M1077,C52509,4260.76,0.566,new_payee,Medium,Blocked,1,1,Done
ALT0000169,TXN00044840,2025-07-16 01:22:32,UPI,Surat,Travel,M1154,C82395,3783.81,0.513,new_payee,Low,Open,0,0,Queue
ALT0000170,TXN00020914,2025-07-16 01:24:29,UPI,Hyderabad,Education,M1876,C10409,2580.51,0.61,night_burst,Medium,Cleared,1,0,Done
ALT0000171,TXN00047614,2025-07-16 01:28:25,UPI,Jaipur,Fashion,M1806,C61872,4420.34,0.629,night_burst,Medium,Blocked,1,1,Done
ALT0000172,TXN00030106,2025-07-16 01:28:41,Card,Kolkata,Food Delivery,M1717,C68117,4345.47,0.661,new_payee,Medium,Investigating,0,0,Queue
ALT0000173,TXN00040611,2025-07-16 01:41:11,UPI,Hyderabad,Grocery,M1439,C85678,687.72,0.58,geo_mismatch,Medium,Open,0,0,Queue
ALT0000174,TXN00008235,2025-07-16 01:55:12,Card,Indore,Fuel,M1641,C64997,75329.33,0.609,velocity,Medium,Escalated,0,0,Queue
ALT0000175,TXN00015520,2025-07-16 01:56:47,UPI,Kolkata,Fashion,M1721,C80460,1051.51,0.727,night_burst,High,Cleared,0,0,Done
ALT0000176,TXN00045529,2025-07-16 02:00:40,UPI,Chennai,Education,M1791,C50430,8870.05,0.562,night_burst,Medium,Investigating,0,0,Queue
ALT0000177,TXN00019053,2025-07-16 02:01:01,Wallet,Chandigarh,Food Delivery,M1258,C89750,625.2,0.502,velocity,Low,Open,0,0,Queue
ALT0000178,TXN00043520,2025-07-16 02:03:12,Card,Surat,Education,M1249,C89512,52567.98,0.541,velocity,Low,Blocked,1,1,Done
ALT0000179,TXN00017736,2025-07-16 02:03:36,UPI,Kochi,Fuel,M1633,C26698,46729.52,0.608,new_payee,Medium,Cleared,1,0,Done
ALT0000180,TXN00034169,2025-07-16 02:03:59,Card,Ahmedabad,Fuel,M1741,C38875,12403.57,0.566,new_payee,Medium,Blocked,1,1,Done
ALT0000181,TXN00000832,2025-07-16 02:08:37,UPI,Chennai,Fashion,M1271,C49610,3053.44,0.56,velocity,Medium,Investigating,0,0,Queue
ALT0000182,TXN00031419,2025-07-16 02:09:26,UPI,Ahmedabad,Fuel,M1790,C46172,28382.39,0.506,amount_spike,Low,Cleared,1,0,Done
ALT0000183,TXN00018337,2025-07-16 02:10:18,Wallet,Jaipur,Food Delivery,M1684,C81493,15498.87,0.578,amount_spike,Medium,Cleared,1,0,Done
ALT0000184,TXN00028217,2025-07-16 02:15:28,Card,Delhi,Fashion,M1578,C11108,11622.9,0.747,night_burst,High,Cleared,0,0,Done
ALT0000185,TXN00037318,2025-07-16 02:17:20,Wallet,Pune,Healthcare,M1619,C47246,1203.52,0.544,velocity,Low,Cleared,1,0,Done
ALT0000186,TXN00033210,2025-07-16 02:20:09,Card,Lucknow,Fashion,M1577,C71941,24913.77,0.613,new_payee,Medium,Investigating,0,0,Queue
ALT0000187,TXN00029962,2025-07-16 02:27:53,UPI,Lucknow,Fuel,M1897,C46157,29238.58,0.502,amount_spike,Low,Investigating,0,0,Queue
ALT0000188,TXN00033172,2025-07-16 02:32:02,Card,Jaipur,Grocery,M1318,C30484,1361.56,0.709,velocity,High,Cleared,0,0,Done
ALT0000189,TXN00040097,2025-07-16 02:37:01,Card,Bengaluru,Food Delivery,M1281,C78102,10028.0,0.489,velocity,Low,Cleared,1,0,Done
ALT0000190,TXN00019626,2025-07-16 02:37:45,Card,Bengaluru,Electronics,M1721,C19104,23620.36,0.545,amount_spike,Low,Cleared,1,0,Done
ALT0000191,TXN00046233,2025-07-16 02:47:27,UPI,Pune,Utilities,M1259,C65806,1741.59,0.796,night_burst,High,Investigating,0,0,Queue
ALT0000192,TXN00043720,2025-07-16 02:50:54,UPI,Delhi,Education,M1204,C32220,321.49,0.487,velocity,Low,Investigating,0,0,Queue
ALT0000193,TXN00038304,2025-07-16 02:56:33,UPI,Surat,Food Delivery,M1450,C86389,3144.03,0.553,velocity,Medium,Open,0,0,Queue
ALT0000194,TXN00036369,2025-07-16 02:59:54,Card,Indore,Utilities,M1107,C42251,15917.25,0.575,device,Medium,Investigating,0,0,Queue
ALT0000195,TXN00016510,2025-07-16 03:02:36,UPI,Kolkata,Travel,M1588,C44896,3277.82,0.529,velocity,Low,Cleared,1,0,Done
ALT0000196,TXN00025062,2025-07-16 03:07:10,UPI,Nagpur,Travel,M1887,C29317,3052.27,0.59,velocity,Medium,Cleared,1,0,Done
ALT0000197,TXN00011349,2025-07-16 03:10:14,UPI,Indore,Fuel,M1023,C10314,3426.14,0.524,velocity,Low,Cleared,1,0,Done
ALT0000198,TXN00015601,2025-07-16 03:23:12,Card,Chennai,Electronics,M1541,C57469,275524.64,0.731,velocity,High,Blocked,0,1,Done
ALT0000199,TXN00035936,2025-07-16 03:32:42,Card,Nagpur,Utilities,M1780,C89277,15631.07,0.519,amount_spike,Low,Cleared,1,0,Done
ALT0000200,TXN00029269,2025-07-16 03:35:10,UPI,Indore,Food Delivery,M1340,C12217,9958.78,0.542,velocity,Low,Cleared,1,0,Done
ALT0000201,TXN00023448,2025-07-16 03:39:22,Card,Ahmedabad,Gaming,M1548,C81551,18927.76,0.785,night_burst,High,Escalated,0,0,Queue
ALT0000202,TXN00008269,2025-07-16 03:40:37,UPI,Surat,Gaming,M1543,C19878,7318.82,0.704,new_payee,High,Blocked,0,1,Done
ALT0000203,TXN00033754,2025-07-16 03:41:42,UPI,Delhi,Utilities,M1123,C33080,235.53,0.48,velocity,Low,Blocked,0,1,Done
ALT0000204,TXN00030139,2025-07-16 03:42:18,UPI,Nagpur,Healthcare,M1629,C77068,3766.48,0.605,night_burst,Medium,Blocked,0,1,Done
ALT0000205,TXN00046611,2025-07-16 03:45:03,Card,Lucknow,Utilities,M1728,C74354,1834.31,0.663,new_payee,Medium,Cleared,1,0,Done
ALT0000206,TXN00045697,2025-07-16 03:46:54,UPI,Indore,Fashion,M1190,C15730,2121.25,0.587,night_burst,Medium,Investigating,0,0,Queue
ALT0000207,TXN00041011,2025-07-16 03:48:18,UPI,Nagpur,Grocery,M1587,C40538,2220.05,0.672,new_payee,Medium,Cleared,1,0,Done
ALT0000208,TXN00040030,2025-07-16 03:54:20,UPI,Surat,Travel,M1848,C17556,5160.59,0.567,velocity,Medium,Open,0,0,Queue
ALT0000209,TXN00017580,2025-07-16 03:55:55,UPI,Delhi,Education,M1080,C45680,1677.75,0.523,velocity,Low,Cleared,1,0,Done
ALT0000210,TXN00022310,2025-07-16 04:03:58,UPI,Hyderabad,Utilities,M1433,C53634,1061.26,0.495,night_burst,Low,Blocked,0,1,Done
ALT0000211,TXN00024202,2025-07-16 04:05:15,UPI,Chandigarh,Education,M1767,C39362,2243.09,0.492,velocity,Low,Open,0,0,Queue
ALT0000212,TXN00005979,2025-07-16 04:06:54,Wallet,Ahmedabad,Fuel,M1886,C34763,54840.73,0.695,device,High,Blocked,1,1,Done
ALT0000213,TXN00024517,2025-07-16 04:07:18,UPI,Delhi,Travel,M1470,C86537,1300.72,0.605,velocity,Medium,Cleared,1,0,Done
ALT0000214,TXN00016129,2025-07-16 04:08:26,Card,Ahmedabad,Grocery,M1092,C49734,6878.36,0.531,velocity,Low,Open,0,0,Queue
ALT0000215,TXN00006609,2025-07-16 04:09:22,Card,Chennai,Utilities,M1575,C79608,1480.34,0.503,new_payee,Low,Open,0,0,Queue
ALT0000216,TXN00036532,2025-07-16 04:24:25,Card,Indore,Electronics,M1233,C57376,24305.92,0.504,new_payee,Low,Blocked,0,1,Done
ALT0000217,TXN00009912,2025-07-16 04:29:14,Card,Bengaluru,Healthcare,M1267,C26213,31573.97,0.65,amount_spike,Medium,Blocked,1,1,Done
ALT0000218,TXN00016777,2025-07-16 04:32:38,UPI,Pune,Grocery,M1754,C32976,22218.67,0.575,device,Medium,Cleared,1,0,Done
ALT0000219,TXN00022699,2025-07-16 04:35:53,UPI,Kolkata,Fuel,M1559,C49850,5899.52,0.517,night_burst,Low,Open,0,0,Queue
ALT0000220,TXN00002628,2025-07-16 04:36:04,Card,Bengaluru,Electronics,M1692,C85706,9790.6,0.516,new_payee,Low,Cleared,1,0,Done
ALT0000221,TXN00006713,2025-07-16 04:36:36,Card,Lucknow,Grocery,M1002,C15696,4979.62,0.579,velocity,Medium,Cleared,1,0,Done
ALT0000222,TXN00000517,2025-07-16 04:51:34,UPI,Ahmedabad,Gaming,M1595,C31738,6399.36,0.494,night_burst,Low,Open,0,0,Queue
ALT0000223,TXN00011209,2025-07-16 04:54:54,UPI,Nagpur,Education,M1162,C56145,1046.52,0.575,velocity,Medium,Investigating,0,0,Queue
ALT0000224,TXN00001026,2025-07-16 05:09:18,Card,Pune,Utilities,M1684,C72102,26865.61,0.591,amount_spike,Medium,Investigating,0,0,Queue
ALT0000225,TXN00038784,2025-07-16 05:24:14,Wallet,Mumbai,Healthcare,M1622,C68798,7175.7,0.656,velocity,Medium,Cleared,1,0,Done
ALT0000226,TXN00044028,2025-07-16 05:38:44,UPI,Chandigarh,Food Delivery,M1718,C20800,18503.13,0.628,device,Medium,Investigating,0,0,Queue
ALT0000227,TXN00027722,2025-07-16 06:04:08,Card,Pune,Grocery,M1665,C41818,26689.21,0.568,new_payee,Medium,Open,0,0,Queue
ALT0000228,TXN00005490,2025-07-16 06:07:23,UPI,Kochi,Food Delivery,M1200,C40929,10358.94,0.504,velocity,Low,Investigating,0,0,Queue
ALT0000229,TXN00030072,2025-07-16 07:11:37,UPI,Bengaluru,Grocery,M1253,C37897,7953.61,0.632,velocity,Medium,Escalated,0,0,Queue
ALT0000230,TXN00042071,2025-07-16 08:27:01,Card,Nagpur,Healthcare,M1186,C55534,5654.45,0.495,new_payee,Low,Open,0,0,Queue
ALT0000231,TXN00022062,2025-07-16 08:43:55,UPI,Hyderabad,Utilities,M1399,C18112,1049.33,0.596,velocity,Medium,Cleared,1,0,Done
ALT0000232,TXN00008669,2025-07-16 08:48:05,Card,Nagpur,Fashion,M1850,C13087,52093.06,0.542,amount_spike,Low,Cleared,1,0,Done
ALT0000233,TXN00045074,2025-07-16 09:03:03,UPI,Nagpur,Grocery,M1675,C15025,4042.1,0.48,velocity,Low,Open,0,0,Queue
ALT0000234,TXN00037799,2025-07-16 09:18:31,Card,Ahmedabad,Electronics,M1213,C80076,26336.94,0.562,amount_spike,Medium,Investigating,0,0,Queue
ALT0000235,TXN00024652,2025-07-16 09:19:42,Card,Pune,Healthcare,M1211,C57900,34267.61,0.5,device,Low,Cleared,1,0,Done
ALT0000236,TXN00016498,2025-07-16 09:20:57,Card,Chandigarh,Fuel,M1352,C32140,3839.66,0.504,velocity,Low,Investigating,0,0,Queue
ALT0000237,TXN00047200,2025-07-16 09:48:22,UPI,Jaipur,Food Delivery,M1524,C84590,3294.89,0.57,velocity,Medium,Open,0,0,Queue
ALT0000238,TXN00029657,2025-07-16 10:04:23,UPI,Nagpur,Fuel,M1412,C47771,1058.34,0.481,velocity,Low,Cleared,1,0,Done
ALT0000239,TXN00006881,2025-07-16 10:40:57,UPI,Mumbai,Electronics,M1760,C62498,14651.27,0.614,new_payee,Medium,Investigating,0,0,Queue
ALT0000240,TXN00033433,2025-07-16 10:51:00,UPI,Chennai,Grocery,M1340,C40976,3356.47,0.648,velocity,Medium,Cleared,1,0,Done
ALT0000241,TXN00019666,2025-07-16 10:58:00,Wallet,Delhi,Utilities,M1508,C88595,1374.57,0.571,new_payee,Medium,Cleared,1,0,Done
ALT0000242,TXN00033763,2025-07-16 11:24:43,UPI,Lucknow,Healthcare,M1465,C85981,3722.78,0.492,device,Low,Investigating,0,0,Queue
ALT0000243,TXN00013541,2025-07-16 11:25:05,UPI,Mumbai,Fuel,M1442,C35798,5402.39,0.501,velocity,Low,Cleared,1,0,Done
ALT0000244,TXN00004535,2025-07-16 11:50:22,UPI,Kochi,Electronics,M1021,C59876,6653.95,0.498,new_payee,Low,Investigating,0,0,Queue
ALT0000245,TXN00019444,2025-07-16 13:13:24,Card,Pune,Travel,M1690,C41917,2321.49,0.49,device,Low,Cleared,1,0,Done
ALT0000246,TXN00021019,2025-07-16 13:18:12,UPI,Chandigarh,Grocery,M1251,C18285,1486.9,0.636,device,Medium,Open,0,0,Queue
ALT0000247,TXN00021174,2025-07-16 13:25:03,UPI,Pune,Grocery,M1131,C49597,52612.88,0.538,device,Low,Open,0,0,Queue
ALT0000248,TXN00032287,2025-07-16 13:30:32,UPI,Ahmedabad,Electronics,M1724,C49884,29775.61,0.542,amount_spike,Low,Blocked,1,1,Done
ALT0000249,TXN00029338,2025-07-16 14:51:46,Card,Pune,Food Delivery,M1897,C76207,2744.23,0.624,velocity,Medium,Cleared,1,0,Done
ALT0000250,TXN00043154,2025-07-16 15:55:25,UPI,Surat,Fashion,M1293,C39051,844.16,0.597,velocity,Medium,Blocked,1,1,Done
ALT0000251,TXN00002431,2025-07-16 16:02:28,UPI,Pune,Utilities,M1524,C89918,11637.87,0.549,device,Low,Investigating,0,0,Queue
ALT0000252,TXN00004740,2025-07-16 16:19:51,UPI,Indore,Travel,M1840,C18661,14042.84,0.661,new_payee,Medium,Investigating,0,0,Queue
ALT0000253,TXN00030394,2025-07-16 16:32:26,UPI,Surat,Electronics,M1054,C41079,5380.83,0.482,velocity,Low,Open,0,0,Queue
ALT0000254,TXN00006400,2025-07-16 16:40:17,Wallet,Delhi,Grocery,M1322,C24075,9319.39,0.641,velocity,Medium,Cleared,1,0,Done
ALT0000255,TXN00018463,2025-07-16 17:02:06,Card,Indore,Grocery,M1822,C38799,2255.42,0.604,velocity,Medium,Open,0,0,Queue
ALT0000256,TXN00007629,2025-07-16 17:11:31,UPI,Pune,Electronics,M1368,C37854,691.72,0.65,velocity,Medium,Cleared,1,0,Done
ALT0000257,TXN00031249,2025-07-16 17:25:46,Card,Kochi,Fashion,M1437,C31684,12654.99,0.59,device,Medium,Investigating,0,0,Queue
ALT0000258,TXN00043338,2025-07-16 18:06:08,UPI,Surat,Fashion,M1392,C35631,2653.44,0.526,device,Low,Open,0,0,Queue
ALT0000259,TXN00032769,2025-07-16 18:25:19,UPI,Chandigarh,Grocery,M1075,C22349,168560.17,0.612,new_payee,Medium,Investigating,0,0,Queue
ALT0000260,TXN00026533,2025-07-16 18:55:21,UPI,Chandigarh,Electronics,M1794,C15219,2862.51,0.508,new_payee,Low,Investigating,0,0,Queue
ALT0000261,TXN00024991,2025-07-16 19:10:15,Card,Indore,Fuel,M1494,C53802,137375.9,0.638,velocity,Medium,Open,0,0,Queue
ALT0000262,TXN00019353,2025-07-16 19:36:34,Card,Indore,Electronics,M1186,C85686,193339.47,0.483,geo_mismatch,Low,Investigating,0,0,Queue
ALT0000263,TXN00012473,2025-07-16 21:14:40,Card,Chennai,Grocery,M1623,C38010,35402.98,0.508,amount_spike,Low,Investigating,0,0,Queue
ALT0000264,TXN00045604,2025-07-16 21:14:43,Wallet,Nagpur,Grocery,M1229,C60285,968.53,0.483,geo_mismatch,Low,Open,0,0,Queue
ALT0000265,TXN00001070,2025-07-16 21:26:18,Wallet,Bengaluru,Electronics,M1732,C83412,113.22,0.631,device,Medium,Blocked,1,1,Done
ALT0000266,TXN00010257,2025-07-16 21:34:17,Wallet,Bengaluru,Travel,M1782,C68418,4400.08,0.511,velocity,Low,Cleared,1,0,Done
ALT0000267,TXN00040198,2025-07-16 21:54:48,Card,Chennai,Education,M1589,C35456,40651.79,0.566,amount_spike,Medium,Cleared,1,0,Done
ALT0000268,TXN00035738,2025-07-16 22:43:13,Card,Surat,Travel,M1270,C32021,10235.09,0.507,device,Low,Open,0,0,Queue
ALT0000269,TXN00037891,2025-07-16 23:00:28,Card,Lucknow,Travel,M1593,C36732,6360.0,0.513,velocity,Low,Cleared,1,0,Done
ALT0000270,TXN00037320,2025-07-16 23:04:45,Wallet,Surat,Food Delivery,M1485,C64379,178.76,0.534,night_burst,Low,Cleared,1,0,Done
ALT0000271,TXN00001173,2025-07-16 23:04:57,UPI,Pune,Fuel,M1038,C48695,5375.72,0.618,night_burst,Medium,Investigating,0,0,Queue
ALT0000272,TXN00018808,2025-07-16 23:05:37,UPI,Jaipur,Healthcare,M1831,C49500,1106.07,0.534,velocity,Low,Blocked,0,1,Done
ALT0000273,TXN00019784,2025-07-16 23:05:49,UPI,Hyderabad,Food Delivery,M1793,C36070,2590.72,0.548,night_burst,Low,Investigating,0,0,Queue
ALT0000274,TXN00012395,2025-07-16 23:07:11,UPI,Indore,Gaming,M1279,C83821,1379.97,0.48,night_burst,Low,Open,0,0,Queue
ALT0000275,TXN00019504,2025-07-16 23:07:13,UPI,Bengaluru,Healthcare,M1573,C46113,30586.13,0.88,velocity,Critical,Blocked,0,1,Done
ALT0000276,TXN00036101,2025-07-16 23:11:19,UPI,Indore,Utilities,M1522,C67633,767.75,0.542,night_burst,Low,Investigating,0,0,Queue
ALT0000277,TXN00028867,2025-07-16 23:14:32,Card,Surat,Gaming,M1703,C20464,191495.43,0.777,amount_spike,High,Blocked,0,1,Done
ALT0000278,TXN00004628,2025-07-16 23:16:13,UPI,Nagpur,Grocery,M1009,C82297,2787.84,0.495,device,Low,Cleared,1,0,Done
ALT0000279,TXN00035446,2025-07-16 23:18:46,UPI,Chandigarh,Fashion,M1315,C60259,1166.15,0.586,night_burst,Medium,Investigating,0,0,Queue
ALT0000280,TXN00038426,2025-07-16 23:22:03,UPI,Mumbai,Gaming,M1645,C35803,2304.19,0.612,velocity,Medium,Blocked,0,1,Done
ALT0000281,TXN00034262,2025-07-16 23:27:01,Card,Kolkata,Fuel,M1367,C27294,4409.65,0.575,device,Medium,Investigating,0,0,Queue
ALT0000282,TXN00011310,2025-07-16 23:27:39,UPI,Surat,Travel,M1149,C27954,2016.97,0.497,night_burst,Low,Blocked,1,1,Done
ALT0000283,TXN00040788,2025-07-16 23:30:33,UPI,Ahmedabad,Fuel,M1686,C29506,6665.99,0.611,night_burst,Medium,Cleared,1,0,Done
ALT0000284,TXN00009078,2025-07-16 23:35:24,Card,Bengaluru,Electronics,M1546,C19021,63382.23,0.556,velocity,Medium,Blocked,0,1,Done
ALT0000285,TXN00045879,2025-07-16 23:39:15,UPI,Chandigarh,Education,M1873,C29321,11764.4,0.637,velocity,Medium,Cleared,1,0,Done
ALT0000286,TXN00036494,2025-07-16 23:39:52,Card,Lucknow,Grocery,M1817,C89646,61157.38,0.548,night_burst,Low,Investigating,0,0,Queue
ALT0000287,TXN00047911,2025-07-16 23:40:37,Wallet,Surat,Healthcare,M1832,C73303,1115.92,0.654,velocity,Medium,Escalated,0,0,Queue
ALT0000288,TXN00038897,2025-07-16 23:42:37,UPI,Kolkata,Grocery,M1630,C14006,959.95,0.542,velocity,Low,Cleared,1,0,Done
ALT0000289,TXN00004997,2025-07-16 23:53:50,UPI,Mumbai,Travel,M1599,C41502,8221.67,0.533,night_burst,Low,Open,0,0,Queue
ALT0000290,TXN00044726,2025-07-16 23:55:14,UPI,Hyderabad,Food Delivery,M1089,C52574,1849.69,0.584,night_burst,Medium,Cleared,1,0,Done
ALT0000291,TXN00015605,2025-07-16 23:57:42,UPI,Chennai,Grocery,M1654,C71144,10110.79,0.624,device,Medium,Open,0,0,Queue
ALT0000292,TXN00044516,2025-07-17 00:04:12,Wallet,Surat,Fuel,M1235,C14190,2180.64,0.55,velocity,Low,Open,0,0,Queue
ALT0000293,TXN00043135,2025-07-17 00:05:03,UPI,Kochi,Fuel,M1724,C25066,4337.78,0.677,new_payee,Medium,Cleared,1,0,Done
ALT0000294,TXN00029204,2025-07-17 00:06:43,UPI,Lucknow,Education,M1600,C43215,1205.29,0.583,night_burst,Medium,Investigating,0,0,Queue
ALT0000295,TXN00020935,2025-07-17 00:08:22,Wallet,Jaipur,Grocery,M1809,C68985,6837.73,0.486,velocity,Low,Cleared,1,0,Done
ALT0000296,TXN00002790,2025-07-17 00:12:17,Card,Kolkata,Healthcare,M1137,C81577,7056.46,0.6,velocity,Medium,Blocked,1,1,Done
ALT0000297,TXN00022436,2025-07-17 00:13:57,UPI,Kochi,Utilities,M1426,C35572,4924.52,0.48,velocity,Low,Cleared,1,0,Done
ALT0000298,TXN00028841,2025-07-17 00:16:13,UPI,Pune,Gaming,M1237,C15832,2555.57,0.574,night_burst,Medium,Open,0,0,Queue
ALT0000299,TXN00015801,2025-07-17 00:25:41,Wallet,Ahmedabad,Healthcare,M1659,C41527,7170.88,0.599,night_burst,Medium,Blocked,0,1,Done
ALT0000300,TXN00006572,2025-07-17 00:26:14,UPI,Pune,Food Delivery,M1547,C17182,44225.26,0.654,amount_spike,Medium,Open,0,0,Queue
ALT0000301,TXN00009187,2025-07-17 00:28:28,Card,Lucknow,Fuel,M1392,C13669,39125.45,0.721,velocity,High,Blocked,0,1,Done
ALT0000302,TXN00019303,2025-07-17 00:31:54,UPI,Nagpur,Food Delivery,M1150,C24446,535.75,0.574,night_burst,Medium,Cleared,1,0,Done
ALT0000303,TXN00046814,2025-07-17 00:31:56,UPI,Indore,Grocery,M1066,C88218,350.15,0.615,velocity,Medium,Open,0,0,Queue
ALT0000304,TXN00000566,2025-07-17 00:33:04,UPI,Kolkata,Fashion,M1791,C69387,712.32,0.533,velocity,Low,Cleared,1,0,Done
ALT0000305,TXN00021982,2025-07-17 00:33:51,Wallet,Jaipur,Grocery,M1857,C80347,8107.87,0.814,device,High,Blocked,0,1,Done
ALT0000306,TXN00035699,2025-07-17 00:34:09,Wallet,Chennai,Utilities,M1221,C87471,1432.33,0.581,night_burst,Medium,Cleared,1,0,Done
ALT0000307,TXN00029764,2025-07-17 00:40:28,UPI,Delhi,Food Delivery,M1187,C10928,9044.42,0.669,device,Medium,Blocked,0,1,Done
ALT0000308,TXN00046080,2025-07-17 00:42:46,UPI,Jaipur,Education,M1446,C45604,7651.35,0.599,velocity,Medium,Open,0,0,Queue
ALT0000309,TXN00025626,2025-07-17 00:47:28,Card,Ahmedabad,Grocery,M1697,C87441,19854.18,0.537,velocity,Low,Open,0,0,Queue
ALT0000310,TXN00030271,2025-07-17 00:48:10,UPI,Hyderabad,Grocery,M1829,C81055,842.91,0.566,new_payee,Medium,Investigating,0,0,Queue
ALT0000311,TXN00045460,2025-07-17 00:48:29,Card,Nagpur,Utilities,M1260,C49676,1570.85,0.61,velocity,Medium,Cleared,1,0,Done
ALT0000312,TXN00011074,2025-07-17 00:51:30,UPI,Bengaluru,Fuel,M1535,C65623,3014.41,0.556,geo_mismatch,Medium,Investigating,0,0,Queue
ALT0000313,TXN00025334,2025-07-17 00:52:08,Card,Surat,Electronics,M1530,C32423,45610.67,0.566,night_burst,Medium,Investigating,0,0,Queue
ALT0000314,TXN00044650,2025-07-17 00:53:38,UPI,Lucknow,Food Delivery,M1472,C19145,1004.95,0.59,new_payee,Medium,Cleared,1,0,Done
ALT0000315,TXN00009883,2025-07-17 01:03:21,UPI,Nagpur,Fashion,M1632,C49387,15350.28,0.572,new_payee,Medium,Investigating,0,0,Queue
ALT0000316,TXN00040237,2025-07-17 01:03:54,Card,Chennai,Travel,M1780,C57981,40209.12,0.747,new_payee,High,Blocked,0,1,Done
ALT0000317,TXN00003381,2025-07-17 01:18:44,UPI,Hyderabad,Fuel,M1017,C66826,7500.54,0.639,device,Medium,Investigating,0,0,Queue
ALT0000318,TXN00010838,2025-07-17 01:19:00,Wallet,Bengaluru,Travel,M1019,C57142,2367.8,0.648,velocity,Medium,Blocked,0,1,Done
ALT0000319,TXN00037136,2025-07-17 01:22:33,Card,Indore,Healthcare,M1073,C38934,68862.62,0.484,velocity,Low,Cleared,1,0,Done
ALT0000320,TXN00002626,2025-07-17 01:22:49,UPI,Nagpur,Fashion,M1163,C61420,292.18,0.734,device,High,Blocked,0,1,Done
ALT0000321,TXN00046990,2025-07-17 01:26:15,UPI,Indore,Grocery,M1871,C60510,8436.21,0.597,new_payee,Medium,Open,0,0,Queue
ALT0000322,TXN00030321,2025-07-17 01:27:21,Card,Lucknow,Fuel,M1209,C82857,12740.7,0.533,new_payee,Low,Cleared,1,0,Done
ALT0000323,TXN00003869,2025-07-17 01:28:44,UPI,Ahmedabad,Food Delivery,M1171,C28970,1037.74,0.537,velocity,Low,Investigating,0,0,Queue
ALT0000324,TXN00015592,2025-07-17 01:29:05,Wallet,Lucknow,Electronics,M1477,C65114,2399.8,0.638,device,Medium,Blocked,1,1,Done
ALT0000325,TXN00022681,2025-07-17 01:39:31,UPI,Nagpur,Utilities,M1436,C38191,289.57,0.53,velocity,Low,Cleared,1,0,Done
ALT0000326,TXN00009391,2025-07-17 01:43:10,UPI,Jaipur,Utilities,M1746,C20682,319059.81,0.596,amount_spike,Medium,Investigating,0,0,Queue
ALT0000327,TXN00033688,2025-07-17 01:45:02,UPI,Lucknow,Electronics,M1678,C58752,20663.34,0.51,velocity,Low,Investigating,0,0,Queue
ALT0000328,TXN00021104,2025-07-17 01:46:00,UPI,Nagpur,Healthcare,M1087,C43551,12362.33,0.798,velocity,High,Blocked,0,1,Done
ALT0000329,TXN00026545,2025-07-17 01:47:22,UPI,Indore,Gaming,M1497,C72427,5165.69,0.75,velocity,High,Open,0,0,Queue
ALT0000330,TXN00012961,2025-07-17 01:47:39,Wallet,Chennai,Gaming,M1237,C27849,1629.26,0.499,velocity,Low,Open,0,0,Queue
ALT0000331,TXN00032703,2025-07-17 01:48:04,UPI,Indore,Healthcare,M1873,C77484,1040.95,0.658,device,Medium,Cleared,1,0,Done
ALT0000332,TXN00005153,2025-07-17 01:49:53,UPI,Chennai,Food Delivery,M1066,C69606,653.62,0.51,velocity,Low,Cleared,1,0,Done
ALT0000333,TXN00023003,2025-07-17 01:51:32,UPI,Chandigarh,Electronics,M1014,C47943,2561.23,0.505,night_burst,Low,Cleared,1,0,Done
ALT0000334,TXN00028110,2025-07-17 01:53:09,UPI,Chandigarh,Grocery,M1231,C84223,25973.31,0.604,velocity,Medium,Investigating,0,0,Queue
ALT0000335,TXN00009581,2025-07-17 01:56:33,UPI,Chandigarh,Food Delivery,M1430,C84446,7956.74,0.53,velocity,Low,Cleared,1,0,Done
ALT0000336,TXN00041638,2025-07-17 02:02:02,Wallet,Hyderabad,Grocery,M1136,C55012,3168.48,0.595,new_payee,Medium,Cleared,1,0,Done
ALT0000337,TXN00036451,2025-07-17 02:07:45,UPI,Jaipur,Utilities,M1040,C58087,4757.56,0.528,velocity,Low,Cleared,1,0,Done
ALT0000338,TXN00041707,2025-07-17 02:10:10,UPI,Lucknow,Gaming,M1272,C43295,3168.63,0.735,velocity,High,Investigating,0,0,Queue
ALT0000339,TXN00021960,2025-07-17 02:19:44,UPI,Indore,Grocery,M1522,C85894,8971.36,0.607,new_payee,Medium,Investigating,0,0,Queue
ALT0000340,TXN00001155,2025-07-17 02:21:03,UPI,Chennai,Grocery,M1730,C21241,24898.77,0.613,velocity,Medium,Cleared,1,0,Done
ALT0000341,TXN00026816,2025-07-17 02:21:18,UPI,Surat,Food Delivery,M1343,C54383,15762.97,0.523,velocity,Low,Open,0,0,Queue
ALT0000342,TXN00031198,2025-07-17 02:22:53,UPI,Indore,Food Delivery,M1498,C56801,2124.53,0.561,velocity,Medium,Open,0,0,Queue
ALT0000343,TXN00000073,2025-07-17 02:23:44,Card,Pune,Fuel,M1048,C75588,7277.7,0.519,velocity,Low,Cleared,1,0,Done
ALT0000344,TXN00035980,2025-07-17 02:30:35,Card,Indore,Grocery,M1264,C21890,104299.91,0.607,amount_spike,Medium,Blocked,1,1,Done
ALT0000345,TXN00025231,2025-07-17 02:33:47,Card,Hyderabad,Healthcare,M1759,C54240,24167.56,0.55,velocity,Low,Cleared,1,0,Done
ALT0000346,TXN00004244,2025-07-17 02:40:40,Wallet,Kolkata,Food Delivery,M1025,C29112,7504.58,0.557,night_burst,Medium,Open,0,0,Queue
ALT0000347,TXN00041296,2025-07-17 02:43:32,UPI,Kochi,Grocery,M1588,C11521,10276.05,0.688,night_burst,High,Blocked,1,1,Done
ALT0000348,TXN00003746,2025-07-17 02:45:47,UPI,Hyderabad,Fashion,M1128,C85884,2622.01,0.586,velocity,Medium,Cleared,1,0,Done
ALT0000349,TXN00028982,2025-07-17 02:54:31,Wallet,Mumbai,Fashion,M1888,C11032,3109.81,0.617,night_burst,Medium,Investigating,0,0,Queue
ALT0000350,TXN00044869,2025-07-17 02:56:19,Card,Delhi,Fuel,M1435,C65510,3760.45,0.986,device,Critical,Blocked,0,1,Done
ALT0000351,TXN00042890,2025-07-17 02:59:44,UPI,Lucknow,Travel,M1704,C77733,1847.87,0.488,velocity,Low,Blocked,0,1,Done
ALT0000352,TXN00033510,2025-07-17 03:07:44,Wallet,Delhi,Electronics,M1492,C59103,372.37,0.633,device,Medium,Blocked,1,1,Done
ALT0000353,TXN00018930,2025-07-17 03:11:13,Wallet,Nagpur,Travel,M1436,C50058,612.98,0.581,velocity,Medium,Blocked,0,1,Done
ALT0000354,TXN00028684,2025-07-17 03:13:58,Card,Kolkata,Fashion,M1245,C12760,28781.5,0.514,velocity,Low,Cleared,1,0,Done
ALT0000355,TXN00009966,2025-07-17 03:18:25,UPI,Hyderabad,Food Delivery,M1349,C89943,544.86,0.618,new_payee,Medium,Investigating,0,0,Queue
ALT0000356,TXN00039532,2025-07-17 03:18:45,Card,Kochi,Fashion,M1701,C15281,9124.21,0.783,velocity,High,Blocked,0,1,Done
ALT0000357,TXN00022178,2025-07-17 03:19:41,UPI,Mumbai,Education,M1282,C21160,1275.88,0.482,night_burst,Low,Investigating,0,0,Queue
ALT0000358,TXN00028866,2025-07-17 03:42:11,Card,Ahmedabad,Healthcare,M1625,C16342,19842.74,0.527,geo_mismatch,Low,Cleared,1,0,Done
ALT0000359,TXN00026738,2025-07-17 03:44:53,UPI,Indore,Utilities,M1472,C80344,2134.05,0.496,night_burst,Low,Cleared,1,0,Done
ALT0000360,TXN00007337,2025-07-17 03:52:13,UPI,Lucknow,Grocery,M1459,C82505,1018.44,0.5,velocity,Low,Investigating,0,0,Queue
ALT0000361,TXN00007942,2025-07-17 03:54:18,UPI,Ahmedabad,Food Delivery,M1891,C11529,1608.13,0.618,velocity,Medium,Cleared,1,0,Done
ALT0000362,TXN00015709,2025-07-17 03:56:36,UPI,Surat,Grocery,M1848,C19703,5547.88,0.606,new_payee,Medium,Cleared,1,0,Done
ALT0000363,TXN00004610,2025-07-17 03:57:15,UPI,Delhi,Grocery,M1158,C17782,2837.0,0.594,night_burst,Medium,Cleared,1,0,Done
ALT0000364,TXN00031995,2025-07-17 03:59:47,UPI,Lucknow,Grocery,M1572,C10412,2772.89,0.601,velocity,Medium,Cleared,1,0,Done
ALT0000365,TXN00019511,2025-07-17 04:07:42,Wallet,Indore,Electronics,M1171,C54519,1372.17,0.783,velocity,High,Cleared,0,0,Done
ALT0000366,TXN00021179,2025-07-17 04:08:25,UPI,Kolkata,Education,M1152,C29966,29587.97,0.544,amount_spike,Low,Cleared,1,0,Done
ALT0000367,TXN00003117,2025-07-17 04:08:41,UPI,Delhi,Food Delivery,M1819,C65640,1027.21,0.649,night_burst,Medium,Blocked,0,1,Done
ALT0000368,TXN00006957,2025-07-17 04:08:41,UPI,Nagpur,Food Delivery,M1037,C27727,1901.76,0.838,device,Critical,Blocked,0,1,Done
ALT0000369,TXN00041421,2025-07-17 04:11:21,Card,Surat,Fashion,M1141,C27673,1595.94,0.608,night_burst,Medium,Investigating,0,0,Queue
ALT0000370,TXN00003308,2025-07-17 04:13:48,UPI,Chandigarh,Electronics,M1035,C80337,1545.66,0.61,new_payee,Medium,Cleared,1,0,Done
ALT0000371,TXN00037329,2025-07-17 04:16:03,Card,Bengaluru,Fuel,M1838,C40742,29817.56,0.968,new_payee,Critical,Cleared,0,0,Done
ALT0000372,TXN00006252,2025-07-17 04:24:41,UPI,Indore,Gaming,M1774,C65236,13457.72,0.792,device,High,Investigating,0,0,Queue
ALT0000373,TXN00030120,2025-07-17 04:26:34,UPI,Surat,Fuel,M1360,C32773,27736.34,0.521,velocity,Low,Open,0,0,Queue
ALT0000374,TXN00006249,2025-07-17 04:28:23,Card,Surat,Grocery,M1216,C55589,30758.53,0.576,amount_spike,Medium,Blocked,0,1,Done
ALT0000375,TXN00024420,2025-07-17 04:34:06,Card,Lucknow,Fuel,M1556,C62011,4382.29,0.599,new_payee,Medium,Cleared,1,0,Done
ALT0000376,TXN00013989,2025-07-17 04:43:18,UPI,Ahmedabad,Electronics,M1197,C61161,4095.6,0.614,night_burst,Medium,Blocked,0,1,Done
ALT0000377,TXN00033300,2025-07-17 04:49:38,UPI,Delhi,Travel,M1177,C75888,2870.45,0.71,night_burst,High,Investigating,0,0,Queue
ALT0000378,TXN00027939,2025-07-17 04:52:36,UPI,Chandigarh,Grocery,M1626,C40013,6750.76,0.571,night_burst,Medium,Investigating,0,0,Queue
ALT0000379,TXN00017983,2025-07-17 05:28:25,Card,Pune,Utilities,M1371,C45618,15046.77,0.554,amount_spike,Medium,Blocked,0,1,Done
ALT0000380,TXN00013388,2025-07-17 05:39:47,Card,Kolkata,Food Delivery,M1656,C83743,3449.45,0.603,device,Medium,Investigating,0,0,Queue
ALT0000381,TXN00005982,2025-07-17 05:55:45,Card,Bengaluru,Utilities,M1415,C17820,34096.37,0.525,amount_spike,Low,Investigating,0,0,Queue
ALT0000382,TXN00013971,2025-07-17 06:03:39,UPI,Jaipur,Gaming,M1642,C68286,2034.01,0.536,velocity,Low,Investigating,0,0,Queue
ALT0000383,TXN00039602,2025-07-17 06:08:34,UPI,Surat,Food Delivery,M1085,C13792,1483.26,0.603,velocity,Medium,Blocked,0,1,Done
ALT0000384,TXN00026431,2025-07-17 06:11:49,Card,Lucknow,Food Delivery,M1178,C47432,9790.95,0.598,geo_mismatch,Medium,Investigating,0,0,Queue
ALT0000385,TXN00004747,2025-07-17 06:42:45,UPI,Lucknow,Fashion,M1045,C29494,2789.74,0.538,velocity,Low,Investigating,0,0,Queue
ALT0000386,TXN00009016,2025-07-17 06:54:01,UPI,Hyderabad,Travel,M1234,C47114,1402.63,0.535,geo_mismatch,Low,Investigating,0,0,Queue
ALT0000387,TXN00036445,2025-07-17 06:57:06,Card,Chandigarh,Electronics,M1664,C39857,1078.69,0.539,geo_mismatch,Low,Investigating,0,0,Queue
ALT0000388,TXN00041433,2025-07-17 07:00:40,Wallet,Kochi,Fashion,M1488,C73706,8794.05,0.645,device,Medium,Investigating,0,0,Queue
ALT0000389,TXN00035370,2025-07-17 07:32:50,Card,Delhi,Utilities,M1707,C19378,60906.72,0.658,velocity,Medium,Cleared,1,0,Done
ALT0000390,TXN00033091,2025-07-17 07:36:04,UPI,Surat,Gaming,M1579,C10559,39073.54,0.542,velocity,Low,Open,0,0,Queue
ALT0000391,TXN00047279,2025-07-17 07:57:33,Card,Kochi,Healthcare,M1471,C21844,2193.57,0.512,new_payee,Low,Cleared,1,0,Done
ALT0000392,TXN00001739,2025-07-17 08:03:38,UPI,Kochi,Electronics,M1527,C75909,387.92,0.533,geo_mismatch,Low,Cleared,1,0,Done
ALT0000393,TXN00020650,2025-07-17 08:09:30,Card,Pune,Fuel,M1103,C65654,17953.16,0.535,new_payee,Low,Cleared,1,0,Done
ALT0000394,TXN00003669,2025-07-17 08:31:11,Card,Lucknow,Travel,M1050,C34675,29185.51,0.571,velocity,Medium,Cleared,1,0,Done
ALT0000395,TXN00029748,2025-07-17 08:37:18,UPI,Chennai,Fashion,M1045,C81154,6326.31,0.646,velocity,Medium,Investigating,0,0,Queue
ALT0000396,TXN00019431,2025-07-17 08:38:14,Wallet,Chandigarh,Fashion,M1402,C54583,31235.82,0.56,amount_spike,Medium,Cleared,1,0,Done
ALT0000397,TXN00001689,2025-07-17 08:49:57,Card,Surat,Grocery,M1039,C67182,17077.15,0.609,velocity,Medium,Investigating,0,0,Queue
ALT0000398,TXN00007800,2025-07-17 10:06:16,UPI,Jaipur,Utilities,M1696,C85464,2275.35,0.635,velocity,Medium,Investigating,0,0,Queue
ALT0000399,TXN00010539,2025-07-17 10:32:01,UPI,Mumbai,Fashion,M1762,C29558,13725.1,0.538,device,Low,Cleared,1,0,Done
ALT0000400,TXN00009641,2025-07-17 10:38:59,UPI,Lucknow,Food Delivery,M1521,C36544,1711.22,0.514,velocity,Low,Investigating,0,0,Queue
ALT0000401,TXN00028157,2025-07-17 10:47:11,Wallet,Jaipur,Utilities,M1451,C17085,493.74,0.635,device,Medium,Open,0,0,Queue
ALT0000402,TXN00023140,2025-07-17 10:49:09,UPI,Jaipur,Food Delivery,M1603,C56764,16113.23,0.482,device,Low,Cleared,1,0,Done
ALT0000403,TXN00034249,2025-07-17 11:07:14,UPI,Bengaluru,Gaming,M1274,C69210,2242.96,0.507,velocity,Low,Investigating,0,0,Queue
ALT0000404,TXN00034719,2025-07-17 11:13:25,Card,Nagpur,Food Delivery,M1834,C30228,3293.79,0.543,geo_mismatch,Low,Open,0,0,Queue
ALT0000405,TXN00012860,2025-07-17 11:23:06,UPI,Indore,Fuel,M1006,C15251,6355.58,0.563,new_payee,Medium,Blocked,1,1,Done
ALT0000406,TXN00008415,2025-07-17 11:29:42,UPI,Nagpur,Food Delivery,M1341,C12614,126825.72,0.493,device,Low,Open,0,0,Queue
ALT0000407,TXN00023043,2025-07-17 11:31:43,UPI,Surat,Utilities,M1718,C82293,18126.94,0.498,amount_spike,Low,Investigating,0,0,Queue
ALT0000408,TXN00010214,2025-07-17 11:42:06,UPI,Nagpur,Travel,M1123,C62537,288.76,0.576,velocity,Medium,Investigating,0,0,Queue
ALT0000409,TXN00035166,2025-07-17 12:00:58,Card,Ahmedabad,Healthcare,M1695,C33795,13321.14,0.494,device,Low,Blocked,0,1,Done
ALT0000410,TXN00014904,2025-07-17 12:25:20,UPI,Chennai,Fuel,M1079,C30156,6586.87,0.493,device,Low,Blocked,1,1,Done
ALT0000411,TXN00045442,2025-07-17 12:50:18,Card,Delhi,Education,M1453,C80535,12466.35,0.643,velocity,Medium,Investigating,0,0,Queue
ALT0000412,TXN00022789,2025-07-17 13:35:41,UPI,Kochi,Utilities,M1364,C18709,26451.68,0.503,new_payee,Low,Open,0,0,Queue
ALT0000413,TXN00003093,2025-07-17 13:58:52,UPI,Pune,Fashion,M1269,C17750,3558.54,0.489,device,Low,Cleared,1,0,Done
ALT0000414,TXN00047305,2025-07-17 14:29:07,UPI,Hyderabad,Fashion,M1012,C81414,505.15,0.571,new_payee,Medium,Cleared,1,0,Done
ALT0000415,TXN00022567,2025-07-17 14:32:11,Card,Nagpur,Grocery,M1657,C46512,8898.03,0.5,velocity,Low,Cleared,1,0,Done
ALT0000416,TXN00006129,2025-07-17 14:55:06,Wallet,Pune,Gaming,M1875,C21387,7427.12,0.852,device,Critical,Blocked,1,1,Done
ALT0000417,TXN00026571,2025-07-17 15:51:15,UPI,Kolkata,Fashion,M1817,C45279,3298.14,0.63,velocity,Medium,Open,0,0,Queue
ALT0000418,TXN00038798,2025-07-17 16:43:39,Card,Pune,Fuel,M1891,C79647,1337.96,0.554,geo_mismatch,Medium,Investigating,0,0,Queue
ALT0000419,TXN00011381,2025-07-17 17:12:09,UPI,Nagpur,Fashion,M1833,C20671,39919.63,0.537,amount_spike,Low,Investigating,0,0,Queue
ALT0000420,TXN00025158,2025-07-17 17:30:49,UPI,Mumbai,Fashion,M1548,C50194,50490.12,0.598,velocity,Medium,Cleared,1,0,Done
ALT0000421,TXN00046124,2025-07-17 18:52:25,UPI,Lucknow,Electronics,M1244,C24394,3891.58,0.656,new_payee,Medium,Open,0,0,Queue
ALT0000422,TXN00033158,2025-07-17 20:01:08,Wallet,Pune,Grocery,M1740,C36634,1008.47,0.626,velocity,Medium,Investigating,0,0,Queue
ALT0000423,TXN00002308,2025-07-17 20:16:11,Card,Pune,Travel,M1093,C58180,12682.1,0.529,new_payee,Low,Investigating,0,0,Queue
ALT0000424,TXN00018961,2025-07-17 20:16:36,UPI,Kochi,Grocery,M1877,C18980,965.12,0.514,geo_mismatch,Low,Blocked,1,1,Done
ALT0000425,TXN00028671,2025-07-17 20:37:00,UPI,Chennai,Food Delivery,M1470,C45705,11412.93,0.61,geo_mismatch,Medium,Investigating,0,0,Queue
ALT0000426,TXN00035430,2025-07-17 20:38:09,Card,Mumbai,Fuel,M1495,C24096,54448.44,0.534,amount_spike,Low,Open,0,0,Queue
ALT0000427,TXN00009760,2025-07-17 20:52:46,UPI,Kochi,Electronics,M1318,C39919,490.89,0.525,velocity,Low,Investigating,0,0,Queue
ALT0000428,TXN00007603,2025-07-17 21:50:10,Card,Jaipur,Fashion,M1617,C17334,9225.45,0.526,new_payee,Low,Open,0,0,Queue
ALT0000429,TXN00043098,2025-07-17 22:05:46,UPI,Lucknow,Utilities,M1335,C43285,616.75,0.499,geo_mismatch,Low,Cleared,1,0,Done
ALT0000430,TXN00019246,2025-07-17 22:38:58,Card,Kochi,Grocery,M1300,C54708,52348.62,0.619,new_payee,Medium,Cleared,1,0,Done
ALT0000431,TXN00009344,2025-07-17 23:02:54,UPI,Mumbai,Fuel,M1548,C65380,4056.87,0.523,new_payee,Low,Investigating,0,0,Queue
ALT0000432,TXN00045622,2025-07-17 23:06:05,UPI,Mumbai,Fuel,M1857,C76516,12646.23,0.555,velocity,Medium,Open,0,0,Queue
ALT0000433,TXN00024167,2025-07-17 23:07:21,Card,Pune,Grocery,M1827,C71392,6205.76,0.517,new_payee,Low,Cleared,1,0,Done
ALT0000434,TXN00046911,2025-07-17 23:08:09,Card,Chennai,Fashion,M1459,C87467,4451.41,0.557,new_payee,Medium,Open,0,0,Queue
ALT0000435,TXN00001476,2025-07-17 23:09:48,Wallet,Nagpur,Grocery,M1538,C42781,274.72,0.497,velocity,Low,Cleared,1,0,Done
ALT0000436,TXN00025488,2025-07-17 23:14:12,Wallet,Kochi,Gaming,M1226,C49258,476.09,0.58,night_burst,Medium,Cleared,1,0,Done
ALT0000437,TXN00029449,2025-07-17 23:16:09,UPI,Chandigarh,Fashion,M1726,C75038,839.98,0.508,night_burst,Low,Blocked,1,1,Done
ALT0000438,TXN00011635,2025-07-17 23:17:50,Card,Indore,Fashion,M1246,C74779,967.12,0.579,velocity,Medium,Investigating,0,0,Queue
ALT0000439,TXN00019389,2025-07-17 23:19:37,Card,Kochi,Food Delivery,M1645,C14869,14036.07,0.634,velocity,Medium,Cleared,1,0,Done
ALT0000440,TXN00003462,2025-07-17 23:20:55,Wallet,Surat,Grocery,M1615,C45338,1175.27,0.615,velocity,Medium,Open,0,0,Queue
ALT0000441,TXN00042429,2025-07-17 23:24:15,UPI,Hyderabad,Food Delivery,M1280,C87691,1991.17,0.617,velocity,Medium,Blocked,1,1,Done
ALT0000442,TXN00004576,2025-07-17 23:25:58,Card,Ahmedabad,Gaming,M1249,C73296,10131.82,0.63,device,Medium,Blocked,1,1,Done
ALT0000443,TXN00043299,2025-07-17 23:27:40,Card,Bengaluru,Fuel,M1530,C78499,5240.83,0.485,velocity,Low,Cleared,1,0,Done
ALT0000444,TXN00034433,2025-07-17 23:33:57,Card,Jaipur,Food Delivery,M1672,C62389,6582.74,0.624,device,Medium,Cleared,1,0,Done
ALT0000445,TXN00019028,2025-07-17 23:35:49,UPI,Chennai,Grocery,M1460,C61451,6067.43,0.715,night_burst,High,Investigating,0,0,Queue
ALT0000446,TXN00007631,2025-07-17 23:40:24,Card,Indore,Healthcare,M1194,C34684,15502.85,0.619,velocity,Medium,Investigating,0,0,Queue
ALT0000447,TXN00046242,2025-07-17 23:43:30,Card,Chandigarh,Grocery,M1544,C68664,16743.19,0.558,night_burst,Medium,Escalated,0,0,Queue
ALT0000448,TXN00046212,2025-07-17 23:45:37,Card,Bengaluru,Fuel,M1184,C50479,226954.3,0.932,geo_mismatch,Critical,Blocked,0,1,Done
ALT0000449,TXN00045469,2025-07-17 23:51:57,Card,Jaipur,Fashion,M1850,C10806,2907.7,0.592,velocity,Medium,Investigating,0,0,Queue
ALT0000450,TXN00010062,2025-07-17 23:52:11,Card,Pune,Fuel,M1379,C50223,6809.12,0.549,velocity,Low,Cleared,1,0,Done
ALT0000451,TXN00001803,2025-07-17 23:55:49,UPI,Surat,Food Delivery,M1687,C27464,1839.54,0.565,velocity,Medium,Cleared,1,0,Done
ALT0000452,TXN00036618,2025-07-18 00:02:25,UPI,Lucknow,Healthcare,M1598,C55855,1304.64,0.522,velocity,Low,Investigating,0,0,Queue
ALT0000453,TXN00014934,2025-07-18 00:03:31,Wallet,Pune,Grocery,M1451,C26259,7903.68,0.481,night_burst,Low,Open,0,0,Queue
ALT0000454,TXN00019064,2025-07-18 00:05:36,Wallet,Kochi,Utilities,M1561,C36137,6669.55,0.576,velocity,Medium,Cleared,1,0,Done
ALT0000455,TXN00037921,2025-07-18 00:13:45,UPI,Chandigarh,Food Delivery,M1554,C53584,3639.6,0.593,velocity,Medium,Cleared,1,0,Done
ALT0000456,TXN00047927,2025-07-18 00:15:38,Card,Indore,Healthcare,M1251,C86383,25803.36,0.649,amount_spike,Medium,Open,0,0,Queue
ALT0000457,TXN00001420,2025-07-18 00:16:06,UPI,Hyderabad,Utilities,M1748,C89975,33309.91,0.608,amount_spike,Medium,Cleared,1,0,Done
ALT0000458,TXN00023206,2025-07-18 00:16:40,Wallet,Indore,Travel,M1717,C31658,2551.66,0.521,new_payee,Low,Open,0,0,Queue
ALT0000459,TXN00017481,2025-07-18 00:30:35,UPI,Hyderabad,Food Delivery,M1874,C60001,962.0,0.528,new_payee,Low,Cleared,1,0,Done
ALT0000460,TXN00027314,2025-07-18 00:33:54,UPI,Ahmedabad,Utilities,M1840,C74261,244.98,0.598,velocity,Medium,Blocked,0,1,Done
ALT0000461,TXN00046181,2025-07-18 00:34:15,Card,Surat,Fuel,M1381,C73514,9169.36,0.572,velocity,Medium,Investigating,0,0,Queue
ALT0000462,TXN00008966,2025-07-18 00:36:09,UPI,Kochi,Healthcare,M1241,C81754,2313.53,0.813,night_burst,High,Escalated,0,0,Queue
ALT0000463,TXN00021669,2025-07-18 00:47:01,UPI,Chennai,Fuel,M1638,C87850,7682.64,0.6,velocity,Medium,Investigating,0,0,Queue
ALT0000464,TXN00031397,2025-07-18 01:04:41,UPI,Kolkata,Healthcare,M1498,C19986,6611.45,0.52,velocity,Low,Investigating,0,0,Queue
ALT0000465,TXN00013550,2025-07-18 01:12:19,UPI,Jaipur,Electronics,M1119,C10624,26496.89,0.616,velocity,Medium,Cleared,1,0,Done
ALT0000466,TXN00011795,2025-07-18 01:19:28,UPI,Mumbai,Electronics,M1028,C16751,5459.43,0.558,velocity,Medium,Cleared,1,0,Done
ALT0000467,TXN00014068,2025-07-18 01:21:51,Card,Bengaluru,Grocery,M1066,C32934,11204.62,0.487,new_payee,Low,Blocked,1,1,Done
ALT0000468,TXN00047333,2025-07-18 01:25:07,Card,Nagpur,Healthcare,M1765,C46017,4868.21,0.509,velocity,Low,Investigating,0,0,Queue
ALT0000469,TXN00031111,2025-07-18 01:26:42,UPI,Surat,Grocery,M1617,C30161,1513.05,0.605,new_payee,Medium,Investigating,0,0,Queue
ALT0000470,TXN00039170,2025-07-18 01:36:25,Card,Chandigarh,Fashion,M1722,C70777,15818.34,0.594,velocity,Medium,Blocked,0,1,Done
ALT0000471,TXN00006784,2025-07-18 01:38:29,Card,Nagpur,Fashion,M1178,C79884,5580.37,0.618,velocity,Medium,Investigating,0,0,Queue
ALT0000472,TXN00039097,2025-07-18 01:51:32,UPI,Kolkata,Electronics,M1216,C87703,414.97,0.67,device,Medium,Cleared,1,0,Done
ALT0000473,TXN00022421,2025-07-18 01:55:59,Card,Lucknow,Gaming,M1159,C51500,2368.53,0.483,velocity,Low,Cleared,1,0,Done
ALT0000474,TXN00040738,2025-07-18 01:56:56,UPI,Chennai,Grocery,M1274,C44734,1422.69,0.618,velocity,Medium,Investigating,0,0,Queue
ALT0000475,TXN00021846,2025-07-18 01:58:50,UPI,Bengaluru,Electronics,M1436,C26248,11412.27,0.53,night_burst,Low,Cleared,1,0,Done
ALT0000476,TXN00034490,2025-07-18 02:04:19,UPI,Hyderabad,Grocery,M1220,C81714,40184.72,0.617,amount_spike,Medium,Investigating,0,0,Queue
ALT0000477,TXN00009971,2025-07-18 02:08:24,UPI,Hyderabad,Fashion,M1044,C38249,6603.8,0.545,new_payee,Low,Cleared,1,0,Done
ALT0000478,TXN00042546,2025-07-18 02:14:45,UPI,Kochi,Education,M1601,C81055,8804.96,0.503,velocity,Low,Blocked,0,1,Done
ALT0000479,TXN00035794,2025-07-18 02:17:21,UPI,Pune,Healthcare,M1858,C72795,5225.45,0.531,night_burst,Low,Investigating,0,0,Queue
ALT0000480,TXN00044771,2025-07-18 02:28:47,UPI,Chandigarh,Gaming,M1336,C35532,5250.27,0.615,night_burst,Medium,Cleared,1,0,Done
ALT0000481,TXN00007342,2025-07-18 02:36:11,Card,Hyderabad,Utilities,M1851,C80105,4599.34,0.604,velocity,Medium,Cleared,1,0,Done
ALT0000482,TXN00008019,2025-07-18 02:37:36,UPI,Lucknow,Grocery,M1570,C32620,5085.24,0.631,geo_mismatch,Medium,Cleared,1,0,Done
ALT0000483,TXN00024928,2025-07-18 02:39:40,UPI,Kolkata,Fuel,M1045,C30528,4547.68,0.589,velocity,Medium,Cleared,1,0,Done
ALT0000484,TXN00017046,2025-07-18 02:43:20,Card,Indore,Food Delivery,M1090,C89365,3131.32,0.52,velocity,Low,Cleared,1,0,Done
ALT0000485,TXN00035793,2025-07-18 02:46:33,UPI,Chennai,Fuel,M1206,C55999,2663.98,0.545,velocity,Low,Cleared,1,0,Done
ALT0000486,TXN00035673,2025-07-18 02:52:42,Wallet,Hyderabad,Healthcare,M1620,C49183,381.29,0.62,velocity,Medium,Cleared,1,0,Done
ALT0000487,TXN00006189,2025-07-18 02:55:55,UPI,Nagpur,Food Delivery,M1561,C84150,15059.3,0.724,night_burst,High,Escalated,0,0,Queue
ALT0000488,TXN00028297,2025-07-18 02:59:30,Card,Lucknow,Food Delivery,M1146,C66996,1445.03,0.618,night_burst,Medium,Investigating,0,0,Queue
ALT0000489,TXN00015706,2025-07-18 03:04:02,UPI,Chennai,Fashion,M1335,C89678,403.2,0.58,new_payee,Medium,Cleared,1,0,Done
ALT0000490,TXN00011455,2025-07-18 03:08:57,Card,Kolkata,Travel,M1789,C35026,46613.56,0.546,new_payee,Low,Open,0,0,Queue
ALT0000491,TXN00029312,2025-07-18 03:10:06,UPI,Jaipur,Fashion,M1062,C54293,14949.49,0.493,velocity,Low,Cleared,1,0,Done
ALT0000492,TXN00025498,2025-07-18 03:11:53,UPI,Kochi,Fuel,M1255,C70416,8502.05,0.613,velocity,Medium,Blocked,0,1,Done
ALT0000493,TXN00000610,2025-07-18 03:13:19,Card,Nagpur,Grocery,M1316,C53811,2417.35,0.527,night_burst,Low,Investigating,0,0,Queue
ALT0000494,TXN00002359,2025-07-18 03:24:53,UPI,Chandigarh,Education,M1699,C38820,31570.98,0.501,velocity,Low,Blocked,1,1,Done
ALT0000495,TXN00046339,2025-07-18 03:27:17,Card,Surat,Utilities,M1665,C78212,13657.84,0.524,new_payee,Low,Investigating,0,0,Queue
ALT0000496,TXN00004924,2025-07-18 03:34:08,UPI,Kochi,Healthcare,M1033,C67799,2371.66,0.604,velocity,Medium,Open,0,0,Queue
ALT0000497,TXN00014485,2025-07-18 03:43:36,Card,Lucknow,Utilities,M1577,C31787,8064.65,0.528,velocity,Low,Blocked,1,1,Done
ALT0000498,TXN00003865,2025-07-18 03:45:13,Card,Jaipur,Grocery,M1632,C53343,37533.99,0.696,amount_spike,High,Blocked,1,1,Done
ALT0000499,TXN00037884,2025-07-18 03:46:14,UPI,Surat,Electronics,M1039,C77072,2696.97,0.496,velocity,Low,Cleared,1,0,Done
ALT0000500,TXN00047756,2025-07-18 03:48:38,UPI,Bengaluru,Fashion,M1162,C75578,2623.92,0.602,velocity,Medium,Open,0,0,Queue
ALT0000501,TXN00037219,2025-07-18 03:52:55,Wallet,Indore,Travel,M1599,C83678,2512.95,0.573,night_burst,Medium,Cleared,1,0,Done
ALT0000502,TXN00010954,2025-07-18 03:56:04,Wallet,Jaipur,Education,M1061,C89339,5763.7,0.52,velocity,Low,Open,0,0,Queue
ALT0000503,TXN00014343,2025-07-18 03:58:43,Card,Kolkata,Travel,M1086,C34597,2878.59,0.588,velocity,Medium,Blocked,1,1,Done
ALT0000504,TXN00018781,2025-07-18 03:59:06,Wallet,Ahmedabad,Utilities,M1242,C49774,2341.62,0.537,night_burst,Low,Cleared,1,0,Done
ALT0000505,TXN00023558,2025-07-18 03:59:43,Card,Bengaluru,Utilities,M1652,C39547,18988.22,0.779,geo_mismatch,High,Blocked,0,1,Done
ALT0000506,TXN00002221,2025-07-18 04:05:15,UPI,Nagpur,Grocery,M1619,C10221,18509.56,0.62,geo_mismatch,Medium,Investigating,0,0,Queue
ALT0000507,TXN00022367,2025-07-18 04:10:37,UPI,Chennai,Fuel,M1825,C33685,1330.5,0.566,velocity,Medium,Investigating,0,0,Queue
ALT0000508,TXN00010763,2025-07-18 04:24:13,Wallet,Surat,Grocery,M1181,C88166,726.61,0.513,new_payee,Low,Cleared,1,0,Done
ALT0000509,TXN00019506,2025-07-18 04:35:00,UPI,Jaipur,Fashion,M1790,C63884,14621.25,0.533,new_payee,Low,Investigating,0,0,Queue
ALT0000510,TXN00011473,2025-07-18 04:48:33,UPI,Bengaluru,Food Delivery,M1431,C48363,5328.19,0.511,new_payee,Low,Cleared,1,0,Done
ALT0000511,TXN00045297,2025-07-18 04:48:57,Card,Chennai,Gaming,M1674,C48997,1318.6,0.655,night_burst,Medium,Cleared,1,0,Done
ALT0000512,TXN00034107,2025-07-18 04:53:54,UPI,Nagpur,Food Delivery,M1520,C40818,2298.37,0.487,velocity,Low,Cleared,1,0,Done
ALT0000513,TXN00017359,2025-07-18 04:57:19,UPI,Kochi,Food Delivery,M1267,C48365,5072.85,0.509,velocity,Low,Open,0,0,Queue
ALT0000514,TXN00016007,2025-07-18 04:59:01,UPI,Jaipur,Fashion,M1688,C69073,82879.17,0.643,velocity,Medium,Escalated,0,0,Queue
ALT0000515,TXN00032666,2025-07-18 05:18:49,Card,Jaipur,Grocery,M1026,C21353,127503.95,0.487,velocity,Low,Cleared,1,0,Done
ALT0000516,TXN00032156,2025-07-18 05:28:08,Wallet,Mumbai,Travel,M1127,C18547,16692.95,0.745,velocity,High,Blocked,0,1,Done
ALT0000517,TXN00043597,2025-07-18 05:30:36,Card,Kochi,Electronics,M1217,C74039,225932.36,0.572,velocity,Medium,Investigating,0,0,Queue
ALT0000518,TXN00026036,2025-07-18 06:20:31,UPI,Jaipur,Fashion,M1629,C76413,13026.13,0.532,velocity,Low,Cleared,1,0,Done
ALT0000519,TXN00037820,2025-07-18 06:40:22,Card,Jaipur,Travel,M1160,C86098,903.06,0.502,geo_mismatch,Low,Cleared,1,0,Done
ALT0000520,TXN00000057,2025-07-18 07:21:46,UPI,Hyderabad,Fashion,M1506,C74719,11741.15,0.58,velocity,Medium,Blocked,1,1,Done
ALT0000521,TXN00023986,2025-07-18 07:22:28,UPI,Mumbai,Electronics,M1044,C84173,2169.45,0.521,geo_mismatch,Low,Cleared,1,0,Done
ALT0000522,TXN00024983,2025-07-18 07:27:36,UPI,Indore,Food Delivery,M1251,C77289,1222.2,0.486,velocity,Low,Blocked,0,1,Done
ALT0000523,TXN00027146,2025-07-18 07:42:20,Wallet,Jaipur,Fuel,M1247,C23671,1522.27,0.538,velocity,Low,Cleared,1,0,Done
ALT0000524,TXN00037768,2025-07-18 08:13:44,Card,Mumbai,Utilities,M1607,C28850,3197.59,0.572,new_payee,Medium,Open,0,0,Queue
ALT0000525,TXN00011325,2025-07-18 08:24:12,UPI,Hyderabad,Healthcare,M1092,C72662,1975.25,0.515,velocity,Low,Investigating,0,0,Queue
ALT0000526,TXN00038776,2025-07-18 08:37:59,UPI,Kolkata,Gaming,M1601,C40411,1095.26,0.514,velocity,Low,Open,0,0,Queue
ALT0000527,TXN00044766,2025-07-18 08:46:51,Card,Ahmedabad,Electronics,M1287,C66809,26963.05,0.706,velocity,High,Cleared,0,0,Done
ALT0000528,TXN00047637,2025-07-18 09:06:31,Card,Surat,Fuel,M1082,C12534,350000.0,0.604,new_payee,Medium,Blocked,1,1,Done
ALT0000529,TXN00017877,2025-07-18 09:23:44,Card,Lucknow,Utilities,M1189,C87263,19306.51,0.593,geo_mismatch,Medium,Blocked,0,1,Done
ALT0000530,TXN00021744,2025-07-18 09:56:49,Wallet,Hyderabad,Food Delivery,M1877,C49965,17133.47,0.577,velocity,Medium,Cleared,1,0,Done
ALT0000531,TXN00047388,2025-07-18 09:58:47,Wallet,Surat,Gaming,M1828,C25890,1187.59,0.626,device,Medium,Investigating,0,0,Queue
ALT0000532,TXN00033662,2025-07-18 10:08:43,Wallet,Jaipur,Healthcare,M1072,C77824,3143.07,0.499,device,Low,Open,0,0,Queue
ALT0000533,TXN00020875,2025-07-18 10:13:34,UPI,Kochi,Food Delivery,M1121,C27489,1130.33,0.482,velocity,Low,Cleared,1,0,Done
ALT0000534,TXN00040365,2025-07-18 10:49:49,Wallet,Bengaluru,Gaming,M1006,C17285,1876.22,0.596,device,Medium,Blocked,1,1,Done
ALT0000535,TXN00034086,2025-07-18 10:54:19,Card,Ahmedabad,Gaming,M1402,C39247,6530.25,0.551,velocity,Medium,Cleared,1,0,Done
ALT0000536,TXN00025166,2025-07-18 11:53:31,Card,Hyderabad,Utilities,M1191,C56892,10988.93,0.492,device,Low,Blocked,1,1,Done
ALT0000537,TXN00021819,2025-07-18 13:15:48,UPI,Jaipur,Fashion,M1263,C65328,23314.64,0.807,velocity,High,Cleared,0,0,Done
ALT0000538,TXN00039565,2025-07-18 13:28:22,UPI,Jaipur,Fuel,M1355,C87201,5510.33,0.543,velocity,Low,Cleared,1,0,Done
ALT0000539,TXN00022370,2025-07-18 13:29:42,UPI,Indore,Food Delivery,M1683,C44540,50241.46,0.634,new_payee,Medium,Cleared,1,0,Done
ALT0000540,TXN00030405,2025-07-18 13:36:46,UPI,Bengaluru,Electronics,M1156,C43072,5062.45,0.532,device,Low,Investigating,0,0,Queue
ALT0000541,TXN00044526,2025-07-18 13:36:57,Card,Bengaluru,Electronics,M1043,C78033,25829.87,0.61,amount_spike,Medium,Blocked,0,1,Done
ALT0000542,TXN00039433,2025-07-18 14:12:15,UPI,Kolkata,Gaming,M1350,C68868,2172.39,0.639,geo_mismatch,Medium,Cleared,1,0,Done
ALT0000543,TXN00017116,2025-07-18 14:45:05,UPI,Jaipur,Fashion,M1581,C83483,7055.08,0.624,device,Medium,Open,0,0,Queue
ALT0000544,TXN00014440,2025-07-18 14:52:06,Wallet,Jaipur,Grocery,M1548,C36426,23435.2,0.608,velocity,Medium,Open,0,0,Queue
ALT0000545,TXN00035386,2025-07-18 14:57:19,UPI,Delhi,Fashion,M1132,C73566,37486.27,0.534,device,Low,Cleared,1,0,Done
ALT0000546,TXN00018513,2025-07-18 15:08:16,Wallet,Ahmedabad,Travel,M1320,C27096,2156.94,0.689,device,High,Blocked,0,1,Done
ALT0000547,TXN00026577,2025-07-18 16:52:13,UPI,Chandigarh,Grocery,M1047,C84704,3597.67,0.621,new_payee,Medium,Blocked,0,1,Done
ALT0000548,TXN00045369,2025-07-18 16:53:21,UPI,Chandigarh,Fashion,M1200,C20398,629.37,0.561,device,Medium,Open,0,0,Queue
ALT0000549,TXN00013886,2025-07-18 17:22:45,UPI,Ahmedabad,Utilities,M1690,C10976,8434.22,0.574,velocity,Medium,Cleared,1,0,Done
ALT0000550,TXN00017401,2025-07-18 17:23:56,Wallet,Jaipur,Electronics,M1483,C68510,410.32,0.545,new_payee,Low,Investigating,0,0,Queue
ALT0000551,TXN00032894,2025-07-18 17:30:10,Card,Ahmedabad,Fuel,M1065,C48695,106420.95,0.589,amount_spike,Medium,Blocked,0,1,Done
ALT0000552,TXN00001079,2025-07-18 18:06:09,UPI,Jaipur,Gaming,M1090,C82915,9830.9,0.494,new_payee,Low,Cleared,1,0,Done
ALT0000553,TXN00046140,2025-07-18 18:37:25,Card,Indore,Fuel,M1228,C82584,1146.15,0.556,velocity,Medium,Blocked,1,1,Done
ALT0000554,TXN00030143,2025-07-18 19:14:45,Wallet,Ahmedabad,Fuel,M1862,C42731,19045.65,0.628,amount_spike,Medium,Cleared,1,0,Done
ALT0000555,TXN00041882,2025-07-18 19:24:55,UPI,Chennai,Grocery,M1163,C87032,20102.23,0.573,velocity,Medium,Investigating,0,0,Queue
ALT0000556,TXN00028604,2025-07-18 19:32:06,UPI,Ahmedabad,Utilities,M1776,C61765,1541.6,0.599,velocity,Medium,Investigating,0,0,Queue
ALT0000557,TXN00019584,2025-07-18 19:40:40,UPI,Kolkata,Travel,M1569,C18243,11156.39,0.65,device,Medium,Investigating,0,0,Queue
ALT0000558,TXN00009056,2025-07-18 20:13:36,Wallet,Bengaluru,Grocery,M1763,C75518,12297.0,0.597,new_payee,Medium,Cleared,1,0,Done
ALT0000559,TXN00012830,2025-07-18 20:30:26,Card,Chennai,Utilities,M1252,C73451,6288.85,0.572,velocity,Medium,Escalated,0,0,Queue
ALT0000560,TXN00039373,2025-07-18 20:33:38,UPI,Kochi,Grocery,M1469,C24194,663.73,0.492,velocity,Low,Open,0,0,Queue
ALT0000561,TXN00025972,2025-07-18 20:55:26,UPI,Mumbai,Travel,M1483,C41617,2675.68,0.552,velocity,Medium,Cleared,1,0,Done
ALT0000562,TXN00025121,2025-07-18 21:00:56,Card,Mumbai,Electronics,M1545,C68770,66294.48,0.504,device,Low,Cleared,1,0,Done
ALT0000563,TXN00026922,2025-07-18 21:04:27,Card,Kolkata,Grocery,M1560,C88687,35949.14,0.699,velocity,High,Blocked,1,1,Done
ALT0000564,TXN00025823,2025-07-18 21:36:35,UPI,Indore,Grocery,M1678,C83274,26155.76,0.502,new_payee,Low,Cleared,1,0,Done
ALT0000565,TXN00017165,2025-07-18 21:42:38,UPI,Mumbai,Food Delivery,M1516,C67643,6143.1,0.564,new_payee,Medium,Cleared,1,0,Done
ALT0000566,TXN00030288,2025-07-18 21:43:10,Wallet,Ahmedabad,Fashion,M1178,C18088,9778.15,0.493,device,Low,Cleared,1,0,Done
ALT0000567,TXN00020817,2025-07-18 22:38:59,Card,Lucknow,Education,M1621,C60075,164425.31,0.546,new_payee,Low,Open,0,0,Queue
ALT0000568,TXN00043153,2025-07-18 22:49:57,Card,Delhi,Utilities,M1077,C70359,21682.32,0.488,device,Low,Cleared,1,0,Done
ALT0000569,TXN00032008,2025-07-18 22:56:26,UPI,Kolkata,Education,M1808,C24427,211682.77,0.602,geo_mismatch,Medium,Open,0,0,Queue
ALT0000570,TXN00033985,2025-07-18 23:07:09,UPI,Kochi,Electronics,M1709,C21584,2135.02,0.602,new_payee,Medium,Blocked,0,1,Done
ALT0000571,TXN00005823,2025-07-18 23:10:59,Card,Jaipur,Travel,M1521,C79976,6516.11,0.602,night_burst,Medium,Blocked,0,1,Done
ALT0000572,TXN00007979,2025-07-18 23:16:41,Card,Jaipur,Fashion,M1344,C25741,25548.68,0.557,new_payee,Medium,Escalated,0,0,Queue
ALT0000573,TXN00029404,2025-07-18 23:19:33,Card,Chandigarh,Food Delivery,M1059,C52050,472.95,0.552,night_burst,Medium,Investigating,0,0,Queue
ALT0000574,TXN00008433,2025-07-18 23:22:52,Card,Chennai,Gaming,M1364,C66080,46104.06,0.483,night_burst,Low,Cleared,1,0,Done
ALT0000575,TXN00004826,2025-07-18 23:23:52,UPI,Chandigarh,Food Delivery,M1124,C82986,32856.03,0.802,amount_spike,High,Blocked,0,1,Done
ALT0000576,TXN00039543,2025-07-18 23:25:35,UPI,Nagpur,Utilities,M1377,C59566,6060.98,0.594,night_burst,Medium,Escalated,0,0,Queue
ALT0000577,TXN00002866,2025-07-18 23:27:06,Wallet,Delhi,Fuel,M1147,C51886,2811.62,0.586,new_payee,Medium,Escalated,0,0,Queue
ALT0000578,TXN00011051,2025-07-18 23:30:05,UPI,Pune,Grocery,M1005,C43526,10145.75,0.548,velocity,Low,Cleared,1,0,Done
ALT0000579,TXN00045994,2025-07-18 23:31:41,UPI,Chennai,Travel,M1544,C51430,4413.46,0.486,velocity,Low,Cleared,1,0,Done
ALT0000580,TXN00032570,2025-07-18 23:36:07,UPI,Hyderabad,Fashion,M1871,C44713,1839.34,0.607,night_burst,Medium,Cleared,1,0,Done
ALT0000581,TXN00021613,2025-07-18 23:37:44,UPI,Chennai,Utilities,M1066,C29516,4049.75,0.693,device,High,Cleared,1,0,Done
ALT0000582,TXN00018842,2025-07-18 23:38:42,Card,Bengaluru,Fashion,M1242,C59230,10722.33,0.51,velocity,Low,Open,0,0,Queue
ALT0000583,TXN00013706,2025-07-18 23:39:22,UPI,Kolkata,Travel,M1794,C18339,9473.82,0.504,night_burst,Low,Investigating,0,0,Queue
ALT0000584,TXN00007158,2025-07-18 23:44:35,UPI,Nagpur,Grocery,M1708,C46679,907.0,0.517,velocity,Low,Open,0,0,Queue
ALT0000585,TXN00031794,2025-07-18 23:47:10,UPI,Chandigarh,Grocery,M1793,C13033,40281.29,0.612,amount_spike,Medium,Cleared,1,0,Done
ALT0000586,TXN00033904,2025-07-18 23:47:15,Wallet,Delhi,Gaming,M1409,C82411,1979.48,0.51,velocity,Low,Open,0,0,Queue
ALT0000587,TXN00028933,2025-07-18 23:55:36,Card,Lucknow,Utilities,M1382,C22508,4022.89,0.527,night_burst,Low,Cleared,1,0,Done
ALT0000588,TXN00010351,2025-07-19 00:00:03,UPI,Pune,Food Delivery,M1638,C62208,1085.44,0.5,velocity,Low,Investigating,0,0,Queue
ALT0000589,TXN00004213,2025-07-19 00:00:32,Card,Kolkata,Grocery,M1475,C70466,4561.18,0.604,velocity,Medium,Blocked,1,1,Done
ALT0000590,TXN00005334,2025-07-19 00:01:33,UPI,Mumbai,Gaming,M1505,C32601,2129.53,0.816,device,High,Investigating,0,0,Queue
ALT0000591,TXN00044199,2025-07-19 00:04:45,UPI,Chandigarh,Electronics,M1302,C65236,1636.55,0.537,velocity,Low,Cleared,1,0,Done
ALT0000592,TXN00022548,2025-07-19 00:05:00,Wallet,Mumbai,Utilities,M1134,C24207,1868.41,0.608,new_payee,Medium,Open,0,0,Queue
ALT0000593,TXN00035593,2025-07-19 00:05:35,Card,Hyderabad,Healthcare,M1301,C29950,2453.4,0.516,velocity,Low,Open,0,0,Queue
ALT0000594,TXN00031631,2025-07-19 00:10:19,Wallet,Bengaluru,Grocery,M1897,C48221,12613.55,0.539,velocity,Low,Cleared,1,0,Done
ALT0000595,TXN00009892,2025-07-19 00:13:08,Card,Kolkata,Utilities,M1801,C10215,13115.38,0.56,velocity,Medium,Cleared,1,0,Done
ALT0000596,TXN00006786,2025-07-19 00:15:20,Card,Jaipur,Fuel,M1438,C32337,5093.68,0.59,velocity,Medium,Investigating,0,0,Queue
ALT0000597,TXN00025511,2025-07-19 00:20:28,UPI,Delhi,Grocery,M1180,C50873,412.62,0.506,velocity,Low,Cleared,1,0,Done
ALT0000598,TXN00015218,2025-07-19 00:27:23,UPI,Delhi,Electronics,M1412,C18226,43484.02,0.582,velocity,Medium,Cleared,1,0,Done
ALT0000599,TXN00009656,2025-07-19 00:36:20,UPI,Chennai,Healthcare,M1493,C74524,17187.61,0.506,velocity,Low,Open,0,0,Queue
ALT0000600,TXN00046477,2025-07-19 00:37:42,UPI,Nagpur,Fashion,M1584,C69870,4878.23,0.502,velocity,Low,Investigating,0,0,Queue
ALT0000601,TXN00005033,2025-07-19 00:44:21,UPI,Kochi,Fashion,M1566,C36918,10866.73,0.522,velocity,Low,Cleared,1,0,Done
ALT0000602,TXN00045184,2025-07-19 00:47:14,Wallet,Chandigarh,Grocery,M1032,C49983,5603.28,0.611,velocity,Medium,Escalated,0,0,Queue
ALT0000603,TXN00042834,2025-07-19 01:03:32,UPI,Hyderabad,Utilities,M1574,C82016,6434.09,0.508,new_payee,Low,Cleared,1,0,Done
ALT0000604,TXN00024415,2025-07-19 01:05:16,Card,Chandigarh,Grocery,M1680,C81873,1286.5,0.756,geo_mismatch,High,Escalated,0,0,Queue
ALT0000605,TXN00037416,2025-07-19 01:15:21,Card,Jaipur,Grocery,M1697,C29379,8057.1,0.579,velocity,Medium,Cleared,1,0,Done
ALT0000606,TXN00019271,2025-07-19 01:21:09,UPI,Delhi,Gaming,M1704,C46831,2071.07,0.588,night_burst,Medium,Investigating,0,0,Queue
ALT0000607,TXN00033839,2025-07-19 01:24:12,UPI,Ahmedabad,Fuel,M1598,C70594,1065.31,0.825,device,Critical,Open,0,0,Queue
ALT0000608,TXN00034631,2025-07-19 01:24:50,UPI,Chennai,Gaming,M1752,C23163,1735.82,0.614,velocity,Medium,Cleared,1,0,Done
ALT0000609,TXN00009874,2025-07-19 01:29:05,Wallet,Kochi,Electronics,M1196,C75430,5865.39,0.566,new_payee,Medium,Open,0,0,Queue
ALT0000610,TXN00042563,2025-07-19 01:32:57,Card,Mumbai,Grocery,M1790,C32922,53196.55,0.494,amount_spike,Low,Open,0,0,Queue
ALT0000611,TXN00047934,2025-07-19 01:39:30,UPI,Kochi,Grocery,M1544,C81566,1614.67,0.543,night_burst,Low,Cleared,1,0,Done
ALT0000612,TXN00025545,2025-07-19 01:41:20,Card,Delhi,Gaming,M1766,C12758,6757.61,0.524,velocity,Low,Open,0,0,Queue
ALT0000613,TXN00002093,2025-07-19 01:47:51,UPI,Delhi,Electronics,M1749,C27795,75264.48,0.575,new_payee,Medium,Open,0,0,Queue
ALT0000614,TXN00006093,2025-07-19 01:51:29,UPI,Pune,Grocery,M1173,C56061,4539.0,0.551,new_payee,Medium,Blocked,0,1,Done
ALT0000615,TXN00032749,2025-07-19 02:04:14,UPI,Chandigarh,Electronics,M1467,C51538,1206.53,0.501,new_payee,Low,Cleared,1,0,Done
ALT0000616,TXN00007647,2025-07-19 02:11:05,UPI,Bengaluru,Fuel,M1484,C65463,3281.11,0.5,night_burst,Low,Open,0,0,Queue
ALT0000617,TXN00009993,2025-07-19 02:19:11,UPI,Hyderabad,Fuel,M1396,C12191,1669.66,0.536,device,Low,Cleared,1,0,Done
ALT0000618,TXN00044723,2025-07-19 02:19:39,UPI,Kolkata,Grocery,M1359,C39900,3423.07,0.488,device,Low,Blocked,1,1,Done
ALT0000619,TXN00020976,2025-07-19 02:20:38,Card,Mumbai,Grocery,M1254,C35285,30434.67,0.655,velocity,Medium,Investigating,0,0,Queue
ALT0000620,TXN00018926,2025-07-19 02:25:42,UPI,Nagpur,Food Delivery,M1614,C35328,1435.79,0.514,night_burst,Low,Cleared,1,0,Done
ALT0000621,TXN00015968,2025-07-19 02:30:27,UPI,Hyderabad,Grocery,M1334,C45503,919.09,0.582,velocity,Medium,Investigating,0,0,Queue
ALT0000622,TXN00016428,2025-07-19 02:33:42,UPI,Pune,Utilities,M1133,C73342,20779.13,0.718,amount_spike,High,Escalated,0,0,Queue
ALT0000623,TXN00039784,2025-07-19 02:35:46,UPI,Lucknow,Fuel,M1033,C84583,3968.35,0.544,velocity,Low,Cleared,1,0,Done
ALT0000624,TXN00037341,2025-07-19 02:37:44,Card,Chandigarh,Fuel,M1353,C51247,9826.37,0.586,velocity,Medium,Investigating,0,0,Queue
ALT0000625,TXN00020978,2025-07-19 02:39:53,UPI,Kochi,Gaming,M1476,C30830,2278.29,0.6,new_payee,Medium,Blocked,0,1,Done
ALT0000626,TXN00021457,2025-07-19 02:41:17,UPI,Chandigarh,Utilities,M1317,C70426,2778.25,0.521,velocity,Low,Investigating,0,0,Queue
ALT0000627,TXN00019105,2025-07-19 02:41:49,UPI,Hyderabad,Fuel,M1059,C76723,10609.51,0.522,night_burst,Low,Cleared,1,0,Done
ALT0000628,TXN00042799,2025-07-19 02:43:05,UPI,Mumbai,Fashion,M1863,C59050,251.7,0.562,device,Medium,Blocked,1,1,Done
ALT0000629,TXN00040419,2025-07-19 02:44:46,UPI,Mumbai,Food Delivery,M1096,C81751,2128.3,0.586,velocity,Medium,Escalated,0,0,Queue
ALT0000630,TXN00002526,2025-07-19 02:48:31,UPI,Chennai,Fashion,M1254,C87448,1188.46,0.778,new_payee,High,Escalated,0,0,Queue
ALT0000631,TXN00000741,2025-07-19 03:00:00,Card,Indore,Healthcare,M1238,C47424,4229.97,0.728,device,High,Investigating,0,0,Queue
ALT0000632,TXN00046587,2025-07-19 03:05:26,Wallet,Hyderabad,Fashion,M1135,C32141,5658.13,0.557,new_payee,Medium,Blocked,1,1,Done
ALT0000633,TXN00035000,2025-07-19 03:05:43,UPI,Bengaluru,Food Delivery,M1203,C68355,6103.19,0.51,new_payee,Low,Open,0,0,Queue
ALT0000634,TXN00034484,2025-07-19 03:08:14,Card,Surat,Fuel,M1308,C83239,662.82,0.576,new_payee,Medium,Cleared,1,0,Done
ALT0000635,TXN00024506,2025-07-19 03:08:50,UPI,Pune,Gaming,M1791,C84611,48488.9,0.632,amount_spike,Medium,Cleared,1,0,Done
ALT0000636,TXN00020863,2025-07-19 03:21:39,UPI,Hyderabad,Grocery,M1082,C52907,10434.88,0.722,new_payee,High,Blocked,1,1,Done
ALT0000637,TXN00001694,2025-07-19 03:24:35,UPI,Jaipur,Travel,M1157,C29689,9560.67,0.569,new_payee,Medium,Blocked,0,1,Done
ALT0000638,TXN00031365,2025-07-19 03:32:08,UPI,Delhi,Food Delivery,M1279,C35829,3607.68,0.716,device,High,Escalated,0,0,Queue
ALT0000639,TXN00014895,2025-07-19 03:40:20,UPI,Mumbai,Education,M1677,C38447,1981.84,0.579,velocity,Medium,Investigating,0,0,Queue
ALT0000640,TXN00027842,2025-07-19 03:43:01,Wallet,Surat,Food Delivery,M1616,C84813,979.86,0.782,new_payee,High,Blocked,0,1,Done
ALT0000641,TXN00000492,2025-07-19 03:46:33,UPI,Indore,Fashion,M1707,C58733,10188.6,0.779,new_payee,High,Investigating,0,0,Queue
ALT0000642,TXN00032514,2025-07-19 03:47:07,Card,Mumbai,Food Delivery,M1432,C77430,288980.67,0.751,velocity,High,Investigating,0,0,Queue
ALT0000643,TXN00029273,2025-07-19 03:51:31,UPI,Chandigarh,Travel,M1527,C10035,5950.23,0.774,geo_mismatch,High,Blocked,0,1,Done
ALT0000644,TXN00007784,2025-07-19 03:56:52,Wallet,Chennai,Food Delivery,M1710,C12970,216.19,0.528,night_burst,Low,Cleared,1,0,Done
ALT0000645,TXN00006117,2025-07-19 04:04:17,UPI,Surat,Grocery,M1405,C34448,5500.68,0.498,velocity,Low,Cleared,1,0,Done
ALT0000646,TXN00012241,2025-07-19 04:07:58,Card,Surat,Utilities,M1878,C30970,2371.37,0.494,velocity,Low,Blocked,0,1,Done
ALT0000647,TXN00040483,2025-07-19 04:08:47,Card,Pune,Education,M1424,C24775,39234.87,0.589,night_burst,Medium,Cleared,1,0,Done
ALT0000648,TXN00034845,2025-07-19 04:09:29,Card,Lucknow,Electronics,M1765,C71095,5389.0,0.565,new_payee,Medium,Cleared,1,0,Done
ALT0000649,TXN00045142,2025-07-19 04:12:46,Card,Jaipur,Grocery,M1407,C33980,5108.1,0.523,night_burst,Low,Cleared,1,0,Done
ALT0000650,TXN00039904,2025-07-19 04:23:18,UPI,Kochi,Travel,M1857,C61880,1005.57,0.615,velocity,Medium,Cleared,1,0,Done
ALT0000651,TXN00043702,2025-07-19 04:23:26,Card,Surat,Grocery,M1023,C53055,6048.64,0.541,velocity,Low,Cleared,1,0,Done
ALT0000652,TXN00007740,2025-07-19 04:26:04,UPI,Bengaluru,Grocery,M1089,C69927,1298.38,0.591,velocity,Medium,Blocked,0,1,Done
ALT0000653,TXN00032532,2025-07-19 04:33:05,UPI,Chandigarh,Electronics,M1632,C45644,3203.57,0.489,new_payee,Low,Investigating,0,0,Queue
ALT0000654,TXN00014879,2025-07-19 04:33:12,UPI,Lucknow,Utilities,M1520,C60770,19786.13,0.705,amount_spike,High,Blocked,1,1,Done
ALT0000655,TXN00038953,2025-07-19 04:39:54,UPI,Bengaluru,Food Delivery,M1003,C84919,1405.5,0.551,new_payee,Medium,Investigating,0,0,Queue
ALT0000656,TXN00041643,2025-07-19 04:45:29,Card,Nagpur,Travel,M1159,C78122,2612.42,0.546,velocity,Low,Cleared,1,0,Done
ALT0000657,TXN00044619,2025-07-19 04:45:37,UPI,Delhi,Travel,M1053,C86581,12518.22,0.749,velocity,High,Escalated,0,0,Queue
ALT0000658,TXN00030229,2025-07-19 04:45:56,UPI,Surat,Utilities,M1058,C31205,1949.9,0.67,device,Medium,Cleared,1,0,Done
ALT0000659,TXN00006590,2025-07-19 04:46:54,UPI,Indore,Food Delivery,M1712,C18092,29928.13,0.571,velocity,Medium,Cleared,1,0,Done
ALT0000660,TXN00033150,2025-07-19 04:49:55,UPI,Kochi,Fuel,M1747,C41844,8374.17,0.504,velocity,Low,Blocked,1,1,Done
ALT0000661,TXN00037237,2025-07-19 04:51:46,Card,Lucknow,Electronics,M1355,C30125,10927.72,0.486,night_burst,Low,Cleared,1,0,Done
ALT0000662,TXN00030046,2025-07-19 04:53:09,Wallet,Hyderabad,Food Delivery,M1214,C27791,2567.14,0.565,device,Medium,Investigating,0,0,Queue
ALT0000663,TXN00026115,2025-07-19 04:53:31,UPI,Jaipur,Electronics,M1205,C21654,1595.47,0.512,night_burst,Low,Cleared,1,0,Done
ALT0000664,TXN00045927,2025-07-19 04:57:17,UPI,Delhi,Education,M1821,C77491,1601.74,0.53,new_payee,Low,Cleared,1,0,Done
ALT0000665,TXN00023830,2025-07-19 05:18:24,UPI,Delhi,Food Delivery,M1100,C45999,1689.39,0.555,device,Medium,Cleared,1,0,Done
ALT0000666,TXN00047833,2025-07-19 05:35:53,Card,Kolkata,Food Delivery,M1671,C61691,186989.24,0.5,amount_spike,Low,Cleared,1,0,Done
ALT0000667,TXN00012379,2025-07-19 05:39:55,UPI,Indore,Grocery,M1676,C12890,1940.54,0.614,geo_mismatch,Medium,Investigating,0,0,Queue
ALT0000668,TXN00009804,2025-07-19 06:09:20,UPI,Chennai,Grocery,M1876,C47960,700.85,0.618,geo_mismatch,Medium,Cleared,1,0,Done
ALT0000669,TXN00004950,2025-07-19 06:16:41,Wallet,Surat,Electronics,M1628,C20136,574.15,0.569,device,Medium,Cleared,1,0,Done
ALT0000670,TXN00018830,2025-07-19 06:43:23,Wallet,Chennai,Fashion,M1216,C53707,8557.41,0.481,velocity,Low,Investigating,0,0,Queue
ALT0000671,TXN00045363,2025-07-19 06:55:19,UPI,Hyderabad,Fashion,M1632,C38522,26230.72,0.606,amount_spike,Medium,Investigating,0,0,Queue
ALT0000672,TXN00008201,2025-07-19 08:13:12,UPI,Indore,Fashion,M1811,C79935,3520.38,0.598,velocity,Medium,Blocked,0,1,Done
ALT0000673,TXN00037563,2025-07-19 08:25:01,UPI,Kochi,Grocery,M1202,C59033,2332.75,0.636,device,Medium,Investigating,0,0,Queue
ALT0000674,TXN00017750,2025-07-19 09:04:14,Wallet,Hyderabad,Healthcare,M1134,C15211,1094.38,0.649,velocity,Medium,Investigating,0,0,Queue
ALT0000675,TXN00036089,2025-07-19 09:28:19,Card,Nagpur,Fuel,M1028,C30665,4140.04,0.487,velocity,Low,Open,0,0,Queue
ALT0000676,TXN00006055,2025-07-19 09:53:16,Card,Hyderabad,Gaming,M1036,C54821,3362.61,0.48,device,Low,Blocked,1,1,Done
ALT0000677,TXN00015415,2025-07-19 10:04:37,UPI,Kolkata,Food Delivery,M1385,C73446,3002.6,0.639,device,Medium,Cleared,1,0,Done
ALT0000678,TXN00023574,2025-07-19 10:43:02,UPI,Nagpur,Fuel,M1508,C36272,361.91,0.547,device,Low,Cleared,1,0,Done
ALT0000679,TXN00005865,2025-07-19 12:12:03,Card,Ahmedabad,Electronics,M1620,C12150,8543.98,0.62,velocity,Medium,Investigating,0,0,Queue
ALT0000680,TXN00042021,2025-07-19 12:32:07,Card,Ahmedabad,Fuel,M1834,C36863,68348.07,0.566,velocity,Medium,Investigating,0,0,Queue
ALT0000681,TXN00035229,2025-07-19 12:51:58,UPI,Kolkata,Food Delivery,M1308,C77674,28358.39,0.53,device,Low,Investigating,0,0,Queue
ALT0000682,TXN00029746,2025-07-19 13:41:46,Wallet,Kolkata,Gaming,M1105,C26767,5650.51,0.553,velocity,Medium,Open,0,0,Queue
ALT0000683,TXN00019172,2025-07-19 13:46:55,UPI,Nagpur,Utilities,M1717,C65040,5694.14,0.548,velocity,Low,Open,0,0,Queue
ALT0000684,TXN00006888,2025-07-19 14:12:46,UPI,Delhi,Grocery,M1258,C79461,1155.24,0.609,geo_mismatch,Medium,Cleared,1,0,Done
ALT0000685,TXN00025362,2025-07-19 14:38:24,UPI,Hyderabad,Gaming,M1862,C51184,444.7,0.557,velocity,Medium,Investigating,0,0,Queue
ALT0000686,TXN00009432,2025-07-19 14:41:12,UPI,Pune,Grocery,M1024,C26519,34630.68,0.656,new_payee,Medium,Cleared,1,0,Done
ALT0000687,TXN00002170,2025-07-19 15:33:15,Card,Indore,Electronics,M1845,C73693,350000.0,0.758,velocity,High,Blocked,0,1,Done
ALT0000688,TXN00016113,2025-07-19 16:05:16,Card,Nagpur,Fashion,M1480,C48743,19530.41,0.569,amount_spike,Medium,Investigating,0,0,Queue
ALT0000689,TXN00004416,2025-07-19 16:19:29,UPI,Jaipur,Electronics,M1354,C65241,28271.86,0.634,device,Medium,Investigating,0,0,Queue
ALT0000690,TXN00016905,2025-07-19 16:36:53,Wallet,Bengaluru,Fashion,M1232,C81828,6463.24,0.575,velocity,Medium,Open,0,0,Queue
ALT0000691,TXN00034656,2025-07-19 17:38:49,UPI,Mumbai,Food Delivery,M1143,C34082,227.36,0.51,device,Low,Blocked,1,1,Done
ALT0000692,TXN00029973,2025-07-19 18:22:47,Wallet,Ahmedabad,Grocery,M1589,C63218,1213.72,0.496,device,Low,Open,0,0,Queue
ALT0000693,TXN00032181,2025-07-19 18:30:21,Wallet,Delhi,Fashion,M1378,C27665,10422.26,0.544,device,Low,Cleared,1,0,Done
ALT0000694,TXN00011392,2025-07-19 19:18:29,Card,Pune,Food Delivery,M1389,C16362,50914.9,0.644,velocity,Medium,Investigating,0,0,Queue
ALT0000695,TXN00007727,2025-07-19 19:34:19,UPI,Ahmedabad,Gaming,M1334,C48912,10872.41,0.547,velocity,Low,Cleared,1,0,Done
ALT0000696,TXN00010978,2025-07-19 19:38:19,Card,Lucknow,Fuel,M1145,C53396,27550.2,0.584,device,Medium,Cleared,1,0,Done
ALT0000697,TXN00036214,2025-07-19 20:00:45,UPI,Jaipur,Travel,M1564,C88577,18228.17,0.54,device,Low,Investigating,0,0,Queue
ALT0000698,TXN00001917,2025-07-19 20:42:19,UPI,Mumbai,Gaming,M1180,C22230,1868.21,0.493,geo_mismatch,Low,Blocked,1,1,Done
ALT0000699,TXN00007692,2025-07-19 21:46:21,Card,Pune,Food Delivery,M1195,C33128,350000.0,0.49,velocity,Low,Investigating,0,0,Queue
ALT0000700,TXN00022667,2025-07-19 23:02:30,UPI,Chandigarh,Fuel,M1220,C78346,5058.46,0.772,new_payee,High,Blocked,0,1,Done
ALT0000701,TXN00044919,2025-07-19 23:03:48,UPI,Mumbai,Utilities,M1565,C68225,4242.04,0.505,velocity,Low,Cleared,1,0,Done
ALT0000702,TXN00040155,2025-07-19 23:04:29,Card,Kochi,Grocery,M1219,C74836,1209.59,0.484,velocity,Low,Cleared,1,0,Done
ALT0000703,TXN00030101,2025-07-19 23:17:30,UPI,Surat,Fashion,M1443,C81520,15528.29,0.583,velocity,Medium,Cleared,1,0,Done
ALT0000704,TXN00030042,2025-07-19 23:20:37,Wallet,Chandigarh,Grocery,M1581,C26256,719.36,0.602,velocity,Medium,Open,0,0,Queue
ALT0000705,TXN00045979,2025-07-19 23:23:08,Card,Delhi,Education,M1343,C27354,38747.96,0.625,amount_spike,Medium,Investigating,0,0,Queue
ALT0000706,TXN00042481,2025-07-19 23:24:09,Card,Indore,Utilities,M1684,C32866,2852.89,0.533,velocity,Low,Cleared,1,0,Done
ALT0000707,TXN00046562,2025-07-19 23:28:50,Card,Lucknow,Healthcare,M1601,C73024,1578.72,0.613,night_burst,Medium,Cleared,1,0,Done
ALT0000708,TXN00015258,2025-07-19 23:37:20,UPI,Surat,Electronics,M1518,C87944,3336.27,0.543,new_payee,Low,Cleared,1,0,Done
ALT0000709,TXN00045844,2025-07-19 23:54:52,Card,Surat,Utilities,M1825,C74904,2319.48,0.53,velocity,Low,Cleared,1,0,Done
ALT0000710,TXN00027180,2025-07-19 23:55:31,UPI,Ahmedabad,Electronics,M1797,C12771,1368.66,0.778,velocity,High,Escalated,0,0,Queue
ALT0000711,TXN00006367,2025-07-19 23:58:13,Card,Hyderabad,Grocery,M1830,C38127,895.99,0.593,new_payee,Medium,Cleared,1,0,Done
ALT0000712,TXN00000728,2025-07-19 23:59:14,UPI,Pune,Travel,M1694,C34330,31716.55,0.565,velocity,Medium,Investigating,0,0,Queue
ALT0000713,TXN00041710,2025-07-20 00:00:14,Wallet,Ahmedabad,Travel,M1121,C37601,1284.64,0.745,velocity,High,Investigating,0,0,Queue
ALT0000714,TXN00016347,2025-07-20 00:01:39,UPI,Ahmedabad,Grocery,M1615,C26350,2590.19,0.585,night_burst,Medium,Investigating,0,0,Queue
ALT0000715,TXN00038730,2025-07-20 00:03:19,Card,Indore,Utilities,M1819,C73945,7807.63,0.507,new_payee,Low,Cleared,1,0,Done
ALT0000716,TXN00002037,2025-07-20 00:05:53,UPI,Pune,Utilities,M1076,C71142,1749.95,0.519,velocity,Low,Cleared,1,0,Done
ALT0000717,TXN00013821,2025-07-20 00:06:39,UPI,Ahmedabad,Food Delivery,M1186,C54193,688.88,0.505,device,Low,Cleared,1,0,Done
ALT0000718,TXN00016557,2025-07-20 00:09:01,UPI,Nagpur,Food Delivery,M1562,C43008,2531.58,0.585,night_burst,Medium,Blocked,0,1,Done
ALT0000719,TXN00033795,2025-07-20 00:09:22,UPI,Kochi,Fashion,M1768,C16492,935.87,0.578,new_payee,Medium,Open,0,0,Queue
ALT0000720,TXN00002465,2025-07-20 00:11:48,Card,Bengaluru,Grocery,M1808,C53814,4874.06,0.677,night_burst,Medium,Investigating,0,0,Queue
ALT0000721,TXN00023691,2025-07-20 00:15:08,UPI,Chandigarh,Utilities,M1894,C11028,4580.41,0.516,night_burst,Low,Open,0,0,Queue
ALT0000722,TXN00023113,2025-07-20 00:25:39,Card,Mumbai,Electronics,M1871,C59441,13340.65,0.505,velocity,Low,Cleared,1,0,Done
ALT0000723,TXN00029579,2025-07-20 00:26:00,UPI,Nagpur,Gaming,M1206,C76534,43745.78,0.547,night_burst,Low,Investigating,0,0,Queue
ALT0000724,TXN00027785,2025-07-20 00:27:47,Wallet,Surat,Gaming,M1061,C40290,3284.73,0.838,velocity,Critical,Blocked,0,1,Done
ALT0000725,TXN00024411,2025-07-20 00:28:10,UPI,Jaipur,Grocery,M1260,C33194,5319.4,0.513,night_burst,Low,Cleared,1,0,Done
ALT0000726,TXN00006022,2025-07-20 00:30:05,UPI,Jaipur,Fashion,M1228,C11268,3038.28,0.495,night_burst,Low,Cleared,1,0,Done
ALT0000727,TXN00025960,2025-07-20 00:44:03,UPI,Chandigarh,Fashion,M1063,C36133,247890.38,0.719,velocity,High,Blocked,0,1,Done
ALT0000728,TXN00020156,2025-07-20 00:47:38,Card,Surat,Utilities,M1000,C35823,1881.57,0.559,night_burst,Medium,Cleared,1,0,Done
ALT0000729,TXN00041017,2025-07-20 00:48:30,UPI,Ahmedabad,Electronics,M1777,C15336,1306.06,0.774,device,High,Blocked,0,1,Done
ALT0000730,TXN00003641,2025-07-20 00:48:54,Card,Kochi,Fuel,M1021,C79626,12368.83,0.485,velocity,Low,Investigating,0,0,Queue
ALT0000731,TXN00045733,2025-07-20 00:51:59,Card,Delhi,Healthcare,M1350,C53092,3328.52,0.595,night_burst,Medium,Escalated,0,0,Queue
ALT0000732,TXN00018819,2025-07-20 00:53:44,UPI,Lucknow,Food Delivery,M1874,C22895,3901.25,0.765,geo_mismatch,High,Blocked,1,1,Done
ALT0000733,TXN00027387,2025-07-20 00:59:11,Wallet,Ahmedabad,Travel,M1708,C51157,883.22,0.511,velocity,Low,Cleared,1,0,Done
ALT0000734,TXN00018012,2025-07-20 00:59:49,UPI,Ahmedabad,Travel,M1526,C29273,700.5,0.533,velocity,Low,Cleared,1,0,Done
ALT0000735,TXN00004052,2025-07-20 01:09:30,UPI,Chandigarh,Fashion,M1320,C46463,8341.81,0.567,new_payee,Medium,Investigating,0,0,Queue
ALT0000736,TXN00028147,2025-07-20 01:13:31,UPI,Pune,Electronics,M1382,C41779,1548.42,0.768,night_burst,High,Investigating,0,0,Queue
ALT0000737,TXN00004311,2025-07-20 01:24:28,Card,Delhi,Fashion,M1689,C60164,9572.27,0.639,new_payee,Medium,Open,0,0,Queue
ALT0000738,TXN00034545,2025-07-20 01:34:23,UPI,Chandigarh,Travel,M1685,C45041,1380.57,0.612,velocity,Medium,Blocked,0,1,Done
ALT0000739,TXN00024706,2025-07-20 01:39:25,UPI,Lucknow,Electronics,M1672,C31035,6621.47,0.618,night_burst,Medium,Cleared,1,0,Done
ALT0000740,TXN00010193,2025-07-20 01:42:16,UPI,Bengaluru,Food Delivery,M1804,C19685,2035.12,0.523,velocity,Low,Investigating,0,0,Queue
ALT0000741,TXN00014620,2025-07-20 01:48:22,Wallet,Lucknow,Electronics,M1816,C66631,2817.76,0.62,velocity,Medium,Blocked,0,1,Done
ALT0000742,TXN00040480,2025-07-20 01:53:40,UPI,Chandigarh,Food Delivery,M1304,C41368,3287.79,0.558,new_payee,Medium,Blocked,1,1,Done
ALT0000743,TXN00006902,2025-07-20 01:54:20,UPI,Lucknow,Food Delivery,M1881,C15653,4953.94,0.539,velocity,Low,Investigating,0,0,Queue
ALT0000744,TXN00032313,2025-07-20 01:56:47,Wallet,Kolkata,Electronics,M1829,C59381,801.24,0.497,velocity,Low,Cleared,1,0,Done
ALT0000745,TXN00043489,2025-07-20 02:01:44,UPI,Kochi,Grocery,M1399,C80863,4977.21,0.54,night_burst,Low,Cleared,1,0,Done
ALT0000746,TXN00017730,2025-07-20 02:10:27,Card,Lucknow,Grocery,M1582,C49715,15465.1,0.579,night_burst,Medium,Investigating,0,0,Queue
ALT0000747,TXN00045787,2025-07-20 02:22:22,Wallet,Chennai,Education,M1247,C28665,1342.1,0.535,velocity,Low,Cleared,1,0,Done
ALT0000748,TXN00046645,2025-07-20 02:28:27,Card,Lucknow,Grocery,M1443,C86125,114748.14,0.515,velocity,Low,Cleared,1,0,Done
ALT0000749,TXN00000947,2025-07-20 02:31:39,UPI,Kolkata,Utilities,M1697,C22691,431.34,0.683,velocity,High,Blocked,0,1,Done
ALT0000750,TXN00032889,2025-07-20 02:33:17,UPI,Hyderabad,Grocery,M1140,C44106,2773.45,0.615,velocity,Medium,Cleared,1,0,Done
ALT0000751,TXN00001258,2025-07-20 02:33:54,UPI,Hyderabad,Travel,M1480,C27406,21869.98,0.695,geo_mismatch,High,Investigating,0,0,Queue
ALT0000752,TXN00008101,2025-07-20 02:36:55,UPI,Pune,Healthcare,M1715,C54833,5404.66,0.613,velocity,Medium,Open,0,0,Queue
ALT0000753,TXN00012069,2025-07-20 02:38:47,Card,Hyderabad,Grocery,M1580,C51454,25315.76,0.565,velocity,Medium,Investigating,0,0,Queue
ALT0000754,TXN00016140,2025-07-20 02:48:39,Card,Delhi,Grocery,M1520,C25741,25981.03,0.748,velocity,High,Blocked,0,1,Done
ALT0000755,TXN00014805,2025-07-20 02:52:50,UPI,Pune,Education,M1507,C57355,496.72,0.553,new_payee,Medium,Blocked,0,1,Done
ALT0000756,TXN00044558,2025-07-20 02:55:42,UPI,Jaipur,Healthcare,M1836,C30177,154762.12,0.491,amount_spike,Low,Blocked,1,1,Done
ALT0000757,TXN00045120,2025-07-20 02:57:28,UPI,Kochi,Fuel,M1280,C18536,1330.19,0.709,new_payee,High,Blocked,0,1,Done
ALT0000758,TXN00040986,2025-07-20 02:58:37,Card,Nagpur,Utilities,M1728,C51821,7230.4,0.615,night_burst,Medium,Escalated,0,0,Queue
ALT0000759,TXN00008243,2025-07-20 02:59:41,UPI,Jaipur,Electronics,M1437,C85323,6517.59,0.73,geo_mismatch,High,Blocked,1,1,Done
ALT0000760,TXN00044062,2025-07-20 03:06:46,UPI,Kolkata,Electronics,M1790,C16806,2259.15,0.483,new_payee,Low,Cleared,1,0,Done
ALT0000761,TXN00015902,2025-07-20 03:13:18,Card,Lucknow,Education,M1714,C56670,36387.2,0.665,night_burst,Medium,Open,0,0,Queue
ALT0000762,TXN00021017,2025-07-20 03:13:20,UPI,Mumbai,Electronics,M1871,C70440,1570.73,0.602,velocity,Medium,Investigating,0,0,Queue
ALT0000763,TXN00040709,2025-07-20 03:14:14,UPI,Kolkata,Food Delivery,M1797,C76459,2457.63,0.535,velocity,Low,Cleared,1,0,Done
ALT0000764,TXN00000793,2025-07-20 03:15:42,UPI,Lucknow,Fashion,M1737,C54943,42603.52,0.672,amount_spike,Medium,Blocked,1,1,Done
ALT0000765,TXN00024911,2025-07-20 03:20:18,Wallet,Chennai,Food Delivery,M1396,C21892,3810.46,0.572,velocity,Medium,Blocked,1,1,Done
ALT0000766,TXN00004706,2025-07-20 03:29:06,UPI,Indore,Healthcare,M1723,C53255,14857.86,0.614,geo_mismatch,Medium,Blocked,0,1,Done
ALT0000767,TXN00021650,2025-07-20 03:35:59,UPI,Ahmedabad,Fashion,M1083,C26612,3204.96,0.608,geo_mismatch,Medium,Investigating,0,0,Queue
ALT0000768,TXN00032868,2025-07-20 03:37:29,Wallet,Mumbai,Grocery,M1634,C77472,5327.34,0.519,new_payee,Low,Open,0,0,Queue
ALT0000769,TXN00006563,2025-07-20 03:38:17,UPI,Chandigarh,Food Delivery,M1361,C88589,928.11,0.63,night_burst,Medium,Open,0,0,Queue
ALT0000770,TXN00009940,2025-07-20 03:38:32,UPI,Lucknow,Travel,M1061,C55273,20882.55,0.518,velocity,Low,Cleared,1,0,Done
ALT0000771,TXN00042548,2025-07-20 03:39:46,Card,Bengaluru,Grocery,M1652,C43168,4813.14,0.578,velocity,Medium,Blocked,0,1,Done
ALT0000772,TXN00025900,2025-07-20 03:46:10,UPI,Jaipur,Fashion,M1642,C22871,72361.0,0.511,velocity,Low,Cleared,1,0,Done
ALT0000773,TXN00002943,2025-07-20 03:59:51,UPI,Chandigarh,Healthcare,M1120,C66748,8602.34,0.523,velocity,Low,Open,0,0,Queue
ALT0000774,TXN00027515,2025-07-20 04:00:25,Card,Nagpur,Fuel,M1707,C47720,3251.46,0.555,velocity,Medium,Cleared,1,0,Done
ALT0000775,TXN00029530,2025-07-20 04:06:02,Card,Chandigarh,Fuel,M1515,C60189,2315.41,0.545,night_burst,Low,Cleared,1,0,Done
ALT0000776,TXN00035817,2025-07-20 04:14:17,UPI,Surat,Electronics,M1548,C13709,1557.63,0.617,new_payee,Medium,Investigating,0,0,Queue
ALT0000777,TXN00044075,2025-07-20 04:14:50,Card,Lucknow,Fuel,M1212,C12650,5500.18,0.605,new_payee,Medium,Open,0,0,Queue
ALT0000778,TXN00009082,2025-07-20 04:16:03,Card,Indore,Travel,M1332,C24243,4416.54,0.571,new_payee,Medium,Open,0,0,Queue
ALT0000779,TXN00026935,2025-07-20 04:35:23,Card,Indore,Utilities,M1577,C70283,3533.04,0.526,velocity,Low,Investigating,0,0,Queue
ALT0000780,TXN00028023,2025-07-20 04:36:52,UPI,Chandigarh,Education,M1894,C55188,570.55,0.608,new_payee,Medium,Cleared,1,0,Done
ALT0000781,TXN00023807,2025-07-20 04:40:22,UPI,Lucknow,Gaming,M1350,C75864,1941.37,0.562,velocity,Medium,Investigating,0,0,Queue
ALT0000782,TXN00045449,2025-07-20 04:40:28,UPI,Chandigarh,Fashion,M1377,C49539,2505.32,0.556,new_payee,Medium,Investigating,0,0,Queue
ALT0000783,TXN00011114,2025-07-20 04:42:33,UPI,Hyderabad,Fashion,M1285,C55066,5063.83,0.547,velocity,Low,Open,0,0,Queue
ALT0000784,TXN00008619,2025-07-20 04:42:51,Card,Delhi,Utilities,M1792,C34047,3618.84,0.828,device,Critical,Investigating,0,0,Queue
ALT0000785,TXN00015107,2025-07-20 04:54:58,UPI,Ahmedabad,Fuel,M1886,C71279,453.2,0.699,velocity,High,Investigating,0,0,Queue
ALT0000786,TXN00033320,2025-07-20 04:58:45,Wallet,Nagpur,Fuel,M1333,C74345,6415.69,0.572,velocity,Medium,Cleared,1,0,Done
ALT0000787,TXN00034700,2025-07-20 05:33:59,Card,Ahmedabad,Gaming,M1600,C29596,4656.2,0.497,device,Low,Cleared,1,0,Done
ALT0000788,TXN00011146,2025-07-20 06:20:36,UPI,Kochi,Fuel,M1691,C75932,3108.74,0.541,geo_mismatch,Low,Investigating,0,0,Queue
ALT0000789,TXN00019745,2025-07-20 06:59:10,UPI,Delhi,Travel,M1267,C53103,1886.34,0.492,velocity,Low,Blocked,0,1,Done
ALT0000790,TXN00001284,2025-07-20 07:05:15,UPI,Hyderabad,Travel,M1357,C69481,1792.89,0.531,velocity,Low,Open,0,0,Queue
ALT0000791,TXN00031901,2025-07-20 07:17:17,UPI,Jaipur,Fuel,M1100,C59979,1121.36,0.613,velocity,Medium,Cleared,1,0,Done
ALT0000792,TXN00045722,2025-07-20 07:31:28,Card,Pune,Fuel,M1882,C67342,21531.39,0.489,velocity,Low,Investigating,0,0,Queue
ALT0000793,TXN00033179,2025-07-20 07:39:51,UPI,Mumbai,Healthcare,M1689,C43072,5667.94,0.614,device,Medium,Investigating,0,0,Queue
ALT0000794,TXN00018834,2025-07-20 07:58:31,Card,Kochi,Fashion,M1101,C47525,2196.42,0.572,geo_mismatch,Medium,Blocked,1,1,Done
ALT0000795,TXN00033127,2025-07-20 08:10:49,Wallet,Pune,Food Delivery,M1011,C46997,11518.55,0.618,velocity,Medium,Investigating,0,0,Queue
ALT0000796,TXN00010210,2025-07-20 08:31:10,Wallet,Jaipur,Food Delivery,M1433,C33341,3378.48,0.542,velocity,Low,Blocked,0,1,Done
ALT0000797,TXN00041362,2025-07-20 08:35:11,UPI,Indore,Gaming,M1425,C62869,2945.54,0.517,velocity,Low,Investigating,0,0,Queue
ALT0000798,TXN00031082,2025-07-20 08:47:06,Card,Jaipur,Grocery,M1156,C21834,2786.63,0.585,velocity,Medium,Cleared,1,0,Done
ALT0000799,TXN00045381,2025-07-20 09:36:44,UPI,Chennai,Grocery,M1695,C69277,4311.37,0.614,new_payee,Medium,Cleared,1,0,Done
ALT0000800,TXN00045734,2025-07-20 09:39:52,Card,Indore,Education,M1527,C38018,34568.95,0.532,device,Low,Cleared,1,0,Done
ALT0000801,TXN00018625,2025-07-20 09:44:26,Card,Chandigarh,Food Delivery,M1158,C62728,2789.23,0.634,geo_mismatch,Medium,Open,0,0,Queue
ALT0000802,TXN00016485,2025-07-20 10:11:42,UPI,Pune,Travel,M1891,C24523,3050.79,0.639,velocity,Medium,Cleared,1,0,Done
ALT0000803,TXN00030202,2025-07-20 10:27:00,Wallet,Kochi,Travel,M1152,C38699,4841.13,0.496,velocity,Low,Cleared,1,0,Done
ALT0000804,TXN00031573,2025-07-20 10:28:18,Card,Jaipur,Fuel,M1612,C89887,12900.14,0.539,geo_mismatch,Low,Open,0,0,Queue
ALT0000805,TXN00030820,2025-07-20 10:30:03,UPI,Delhi,Fashion,M1230,C19791,2988.76,0.564,geo_mismatch,Medium,Cleared,1,0,Done
ALT0000806,TXN00026289,2025-07-20 10:56:12,UPI,Hyderabad,Healthcare,M1284,C59728,7930.15,0.557,device,Medium,Blocked,1,1,Done
ALT0000807,TXN00029167,2025-07-20 11:24:15,UPI,Jaipur,Food Delivery,M1721,C71670,4271.04,0.562,new_payee,Medium,Open,0,0,Queue
ALT0000808,TXN00018219,2025-07-20 11:34:36,UPI,Indore,Fuel,M1565,C77879,6031.3,0.511,device,Low,Investigating,0,0,Queue
ALT0000809,TXN00046064,2025-07-20 11:38:26,Card,Ahmedabad,Travel,M1460,C77884,46786.07,0.599,amount_spike,Medium,Escalated,0,0,Queue
ALT0000810,TXN00006420,2025-07-20 11:58:30,UPI,Hyderabad,Fashion,M1539,C75289,1215.7,0.631,geo_mismatch,Medium,Investigating,0,0,Queue
ALT0000811,TXN00019943,2025-07-20 12:22:39,UPI,Delhi,Fashion,M1235,C44425,7426.17,0.505,velocity,Low,Cleared,1,0,Done
ALT0000812,TXN00037031,2025-07-20 12:39:46,UPI,Lucknow,Electronics,M1360,C43999,498.29,0.566,velocity,Medium,Cleared,1,0,Done
ALT0000813,TXN00015873,2025-07-20 12:45:11,UPI,Ahmedabad,Travel,M1625,C39348,1930.96,0.592,velocity,Medium,Blocked,0,1,Done
ALT0000814,TXN00009301,2025-07-20 13:09:34,UPI,Delhi,Fashion,M1763,C85480,76517.49,0.528,new_payee,Low,Cleared,1,0,Done
ALT0000815,TXN00031363,2025-07-20 13:52:03,Card,Nagpur,Utilities,M1300,C21023,33851.87,0.576,amount_spike,Medium,Cleared,1,0,Done
ALT0000816,TXN00013438,2025-07-20 13:57:26,Card,Ahmedabad,Fashion,M1362,C72817,35840.6,0.539,new_payee,Low,Cleared,1,0,Done
ALT0000817,TXN00001267,2025-07-20 14:35:09,Card,Ahmedabad,Utilities,M1538,C38225,35115.06,0.545,amount_spike,Low,Blocked,1,1,Done
ALT0000818,TXN00027549,2025-07-20 15:05:08,UPI,Ahmedabad,Gaming,M1403,C87693,12719.59,0.562,new_payee,Medium,Blocked,0,1,Done
ALT0000819,TXN00033034,2025-07-20 16:49:09,Card,Jaipur,Grocery,M1317,C77723,3952.02,0.495,velocity,Low,Investigating,0,0,Queue
ALT0000820,TXN00009714,2025-07-20 17:21:35,UPI,Surat,Grocery,M1028,C77664,1527.85,0.583,velocity,Medium,Investigating,0,0,Queue
ALT0000821,TXN00013021,2025-07-20 17:24:21,Card,Indore,Electronics,M1605,C59449,3780.96,0.537,device,Low,Cleared,1,0,Done
ALT0000822,TXN00021497,2025-07-20 17:54:23,Card,Pune,Grocery,M1251,C87236,4346.9,0.659,device,Medium,Blocked,1,1,Done
ALT0000823,TXN00035636,2025-07-20 18:01:34,UPI,Nagpur,Travel,M1570,C29598,2556.09,0.5,new_payee,Low,Cleared,1,0,Done
ALT0000824,TXN00042306,2025-07-20 18:02:01,UPI,Ahmedabad,Food Delivery,M1150,C15133,80438.7,0.613,device,Medium,Open,0,0,Queue
ALT0000825,TXN00007101,2025-07-20 18:19:10,UPI,Chandigarh,Grocery,M1710,C23364,129924.05,0.481,velocity,Low,Open,0,0,Queue
ALT0000826,TXN00016936,2025-07-20 19:02:26,UPI,Kochi,Fashion,M1758,C10010,4223.73,0.563,new_payee,Medium,Investigating,0,0,Queue
ALT0000827,TXN00035127,2025-07-20 19:29:13,Wallet,Delhi,Gaming,M1702,C35646,13863.64,0.572,velocity,Medium,Blocked,0,1,Done
ALT0000828,TXN00028104,2025-07-20 19:31:39,UPI,Kochi,Utilities,M1703,C10272,885.36,0.486,device,Low,Cleared,1,0,Done
ALT0000829,TXN00006702,2025-07-20 19:38:56,Card,Lucknow,Gaming,M1336,C28032,94201.41,0.559,velocity,Medium,Open,0,0,Queue
ALT0000830,TXN00016100,2025-07-20 20:24:53,Card,Pune,Fuel,M1007,C53156,33784.88,0.61,amount_spike,Medium,Cleared,1,0,Done
ALT0000831,TXN00002097,2025-07-20 20:36:31,Card,Chennai,Gaming,M1399,C29503,12118.13,0.498,new_payee,Low,Investigating,0,0,Queue
ALT0000832,TXN00034365,2025-07-20 20:50:10,UPI,Chennai,Electronics,M1479,C63148,3362.97,0.501,device,Low,Investigating,0,0,Queue
ALT0000833,TXN00043403,2025-07-20 21:17:22,Card,Ahmedabad,Food Delivery,M1118,C32901,257187.48,0.552,new_payee,Medium,Open,0,0,Queue
ALT0000834,TXN00002450,2025-07-20 21:18:29,Card,Pune,Utilities,M1305,C29281,27718.71,0.682,geo_mismatch,High,Blocked,0,1,Done
ALT0000835,TXN00009207,2025-07-20 21:28:48,UPI,Chennai,Grocery,M1872,C66059,1728.17,0.638,velocity,Medium,Blocked,0,1,Done
ALT0000836,TXN00014566,2025-07-20 21:42:41,UPI,Nagpur,Utilities,M1127,C54893,1066.87,0.596,velocity,Medium,Open,0,0,Queue
ALT0000837,TXN00015108,2025-07-20 21:44:22,Card,Chandigarh,Fuel,M1322,C45103,58243.51,0.595,amount_spike,Medium,Investigating,0,0,Queue
ALT0000838,TXN00011095,2025-07-20 22:02:36,UPI,Bengaluru,Food Delivery,M1361,C22787,9422.26,0.527,geo_mismatch,Low,Open,0,0,Queue
ALT0000839,TXN00030879,2025-07-20 22:30:13,Card,Mumbai,Healthcare,M1175,C43273,90282.74,0.635,velocity,Medium,Open,0,0,Queue
ALT0000840,TXN00014223,2025-07-20 23:09:48,UPI,Chandigarh,Electronics,M1058,C58133,8790.14,0.491,velocity,Low,Cleared,1,0,Done
ALT0000841,TXN00017955,2025-07-20 23:14:44,Wallet,Nagpur,Grocery,M1016,C63228,720.28,0.609,night_burst,Medium,Cleared,1,0,Done
ALT0000842,TXN00002494,2025-07-20 23:15:08,Wallet,Kolkata,Gaming,M1517,C24644,803.2,0.702,velocity,High,Investigating,0,0,Queue
ALT0000843,TXN00033290,2025-07-20 23:15:55,UPI,Chennai,Grocery,M1443,C12429,215.6,0.567,device,Medium,Cleared,1,0,Done
ALT0000844,TXN00002002,2025-07-20 23:17:41,UPI,Bengaluru,Fashion,M1474,C22147,18935.59,0.572,velocity,Medium,Open,0,0,Queue
ALT0000845,TXN00039991,2025-07-20 23:18:19,Wallet,Surat,Grocery,M1027,C19306,2109.14,0.684,velocity,High,Cleared,1,0,Done
ALT0000846,TXN00046893,2025-07-20 23:22:46,Card,Kolkata,Food Delivery,M1145,C38512,8798.32,0.504,night_burst,Low,Cleared,1,0,Done
ALT0000847,TXN00011264,2025-07-20 23:27:54,UPI,Pune,Fashion,M1475,C25152,9080.57,0.507,new_payee,Low,Investigating,0,0,Queue
ALT0000848,TXN00023169,2025-07-20 23:29:52,Card,Delhi,Fashion,M1635,C77337,35652.13,0.587,velocity,Medium,Blocked,1,1,Done
ALT0000849,TXN00013627,2025-07-20 23:32:17,Card,Lucknow,Electronics,M1254,C53377,3046.14,0.525,velocity,Low,Investigating,0,0,Queue
ALT0000850,TXN00030541,2025-07-20 23:38:07,Card,Indore,Fashion,M1838,C55470,6535.14,0.604,velocity,Medium,Investigating,0,0,Queue
ALT0000851,TXN00039266,2025-07-20 23:42:28,Card,Kochi,Food Delivery,M1858,C28940,95256.41,0.725,amount_spike,High,Blocked,0,1,Done
ALT0000852,TXN00047728,2025-07-20 23:42:36,Card,Delhi,Electronics,M1826,C33324,4541.36,0.508,night_burst,Low,Cleared,1,0,Done
ALT0000853,TXN00020956,2025-07-20 23:46:58,Wallet,Bengaluru,Fashion,M1561,C43684,2708.43,0.548,velocity,Low,Investigating,0,0,Queue
ALT0000854,TXN00014320,2025-07-20 23:48:59,UPI,Jaipur,Grocery,M1487,C37233,31070.39,0.626,velocity,Medium,Cleared,1,0,Done
ALT0000855,TXN00043046,2025-07-20 23:51:45,UPI,Indore,Electronics,M1756,C50868,1252.4,0.606,velocity,Medium,Cleared,1,0,Done
ALT0000856,TXN00019487,2025-07-20 23:53:17,Wallet,Lucknow,Gaming,M1821,C76158,19101.92,0.537,velocity,Low,Investigating,0,0,Queue
ALT0000857,TXN00042725,2025-07-20 23:54:46,UPI,Nagpur,Utilities,M1494,C81412,1179.8,0.48,velocity,Low,Cleared,1,0,Done
ALT0000858,TXN00004646,2025-07-20 23:55:30,UPI,Kochi,Gaming,M1837,C20495,610.14,0.803,device,High,Investigating,0,0,Queue
ALT0000859,TXN00028097,2025-07-20 23:57:53,UPI,Jaipur,Electronics,M1763,C54560,19102.66,0.6,amount_spike,Medium,Blocked,0,1,Done
ALT0000860,TXN00023599,2025-07-21 00:01:21,UPI,Surat,Fashion,M1885,C60951,12898.98,0.687,device,High,Blocked,0,1,Done
ALT0000861,TXN00028429,2025-07-21 00:05:43,UPI,Indore,Utilities,M1072,C89859,7428.86,0.57,velocity,Medium,Cleared,1,0,Done
ALT0000862,TXN00022312,2025-07-21 00:09:17,Card,Kolkata,Fashion,M1362,C49859,6784.54,0.527,night_burst,Low,Cleared,1,0,Done
ALT0000863,TXN00043389,2025-07-21 00:09:28,Card,Ahmedabad,Healthcare,M1586,C64542,16608.97,0.649,amount_spike,Medium,Cleared,1,0,Done
ALT0000864,TXN00002846,2025-07-21 00:18:19,UPI,Jaipur,Utilities,M1776,C89447,13354.96,0.632,velocity,Medium,Blocked,0,1,Done
ALT0000865,TXN00038422,2025-07-21 00:20:17,Card,Delhi,Electronics,M1020,C32918,11387.88,0.603,new_payee,Medium,Cleared,1,0,Done
ALT0000866,TXN00018775,2025-07-21 00:22:00,Wallet,Kolkata,Fashion,M1664,C33518,1585.93,0.533,velocity,Low,Cleared,1,0,Done
ALT0000867,TXN00021374,2025-07-21 00:23:10,UPI,Hyderabad,Travel,M1461,C61894,1437.19,0.524,velocity,Low,Cleared,1,0,Done
ALT0000868,TXN00009594,2025-07-21 00:25:15,Card,Bengaluru,Electronics,M1080,C14052,9647.52,0.495,night_burst,Low,Open,0,0,Queue
ALT0000869,TXN00024113,2025-07-21 00:37:11,UPI,Jaipur,Utilities,M1255,C54236,3884.0,0.527,velocity,Low,Open,0,0,Queue
ALT0000870,TXN00033190,2025-07-21 00:44:26,UPI,Indore,Electronics,M1153,C85453,121434.96,0.543,velocity,Low,Cleared,1,0,Done
ALT0000871,TXN00023071,2025-07-21 00:46:57,Card,Ahmedabad,Travel,M1206,C25299,10518.55,0.48,velocity,Low,Investigating,0,0,Queue
ALT0000872,TXN00024002,2025-07-21 00:55:31,UPI,Chennai,Food Delivery,M1321,C71747,3202.39,0.572,night_burst,Medium,Investigating,0,0,Queue
ALT0000873,TXN00020378,2025-07-21 00:59:23,Card,Lucknow,Utilities,M1411,C15559,43946.45,0.595,new_payee,Medium,Investigating,0,0,Queue
ALT0000874,TXN00033521,2025-07-21 01:16:00,Card,Kochi,Grocery,M1045,C37609,876.23,0.584,new_payee,Medium,Blocked,0,1,Done
ALT0000875,TXN00000697,2025-07-21 01:16:06,UPI,Chandigarh,Electronics,M1167,C20946,3426.84,0.585,night_burst,Medium,Investigating,0,0,Queue
ALT0000876,TXN00037953,2025-07-21 01:26:59,UPI,Kolkata,Fashion,M1762,C52451,1415.73,0.797,velocity,High,Investigating,0,0,Queue
ALT0000877,TXN00018223,2025-07-21 01:29:39,UPI,Kochi,Gaming,M1006,C79932,4336.82,0.576,velocity,Medium,Escalated,0,0,Queue
ALT0000878,TXN00024576,2025-07-21 01:35:09,UPI,Kolkata,Gaming,M1736,C50882,8145.49,0.59,new_payee,Medium,Open,0,0,Queue
ALT0000879,TXN00003243,2025-07-21 01:39:10,UPI,Kolkata,Grocery,M1377,C65192,26743.57,0.55,new_payee,Low,Cleared,1,0,Done
ALT0000880,TXN00013040,2025-07-21 01:53:14,Wallet,Jaipur,Food Delivery,M1312,C58624,4308.87,0.488,night_burst,Low,Open,0,0,Queue
ALT0000881,TXN00027820,2025-07-21 01:55:48,Card,Jaipur,Fuel,M1502,C34606,549.44,0.523,device,Low,Cleared,1,0,Done
ALT0000882,TXN00030199,2025-07-21 01:57:13,UPI,Nagpur,Fashion,M1437,C17318,235.98,0.556,night_burst,Medium,Cleared,1,0,Done
ALT0000883,TXN00022307,2025-07-21 01:59:17,Card,Delhi,Gaming,M1270,C33447,163964.85,0.57,amount_spike,Medium,Cleared,1,0,Done
ALT0000884,TXN00032491,2025-07-21 02:04:26,UPI,Chandigarh,Electronics,M1844,C35943,15889.27,0.597,velocity,Medium,Investigating,0,0,Queue
ALT0000885,TXN00025235,2025-07-21 02:07:09,UPI,Ahmedabad,Fuel,M1407,C11114,864.96,0.541,night_burst,Low,Blocked,1,1,Done
ALT0000886,TXN00024063,2025-07-21 02:08:46,Card,Chandigarh,Fashion,M1379,C57461,42243.67,0.683,new_payee,High,Blocked,1,1,Done
ALT0000887,TXN00001713,2025-07-21 02:09:42,Card,Ahmedabad,Electronics,M1338,C66167,3344.24,0.546,device,Low,Cleared,1,0,Done
ALT0000888,TXN00012501,2025-07-21 02:16:15,UPI,Ahmedabad,Fuel,M1052,C28518,16327.86,0.582,velocity,Medium,Cleared,1,0,Done
ALT0000889,TXN00009784,2025-07-21 02:21:51,Card,Lucknow,Travel,M1277,C18318,30528.06,0.511,velocity,Low,Cleared,1,0,Done
ALT0000890,TXN00046636,2025-07-21 02:22:49,UPI,Chandigarh,Food Delivery,M1806,C27508,19576.96,0.574,velocity,Medium,Blocked,0,1,Done
ALT0000891,TXN00012097,2025-07-21 02:26:35,Wallet,Kochi,Electronics,M1235,C22612,1035.3,0.609,night_burst,Medium,Open,0,0,Queue
ALT0000892,TXN00035595,2025-07-21 02:26:50,UPI,Indore,Food Delivery,M1223,C23873,11666.12,0.494,geo_mismatch,Low,Investigating,0,0,Queue
ALT0000893,TXN00001596,2025-07-21 02:33:56,Wallet,Bengaluru,Education,M1758,C60360,222.98,0.605,velocity,Medium,Investigating,0,0,Queue
ALT0000894,TXN00003608,2025-07-21 02:34:22,Card,Kochi,Electronics,M1228,C49640,39881.81,0.569,night_burst,Medium,Blocked,0,1,Done
ALT0000895,TXN00002462,2025-07-21 02:38:37,Card,Hyderabad,Food Delivery,M1309,C87934,18385.86,0.535,new_payee,Low,Cleared,1,0,Done
ALT0000896,TXN00037844,2025-07-21 02:43:41,UPI,Delhi,Fuel,M1034,C44663,6249.22,0.617,velocity,Medium,Investigating,0,0,Queue
ALT0000897,TXN00018177,2025-07-21 02:46:00,Card,Indore,Fuel,M1618,C56340,2057.09,0.562,velocity,Medium,Investigating,0,0,Queue
ALT0000898,TXN00022173,2025-07-21 02:56:32,Wallet,Kochi,Fuel,M1809,C41800,8809.68,0.57,new_payee,Medium,Open,0,0,Queue
ALT0000899,TXN00044621,2025-07-21 02:59:49,Wallet,Chennai,Fashion,M1653,C43684,1020.57,0.499,night_burst,Low,Cleared,1,0,Done
ALT0000900,TXN00026295,2025-07-21 03:02:07,UPI,Indore,Fashion,M1375,C33318,2159.05,0.572,velocity,Medium,Investigating,0,0,Queue
ALT0000901,TXN00018602,2025-07-21 03:05:12,UPI,Delhi,Electronics,M1432,C80513,811.65,0.542,new_payee,Low,Open,0,0,Queue
ALT0000902,TXN00044078,2025-07-21 03:05:27,UPI,Hyderabad,Fuel,M1875,C37325,102202.49,0.564,night_burst,Medium,Blocked,0,1,Done
ALT0000903,TXN00006046,2025-07-21 03:35:01,UPI,Ahmedabad,Fuel,M1532,C10767,3702.1,0.619,velocity,Medium,Cleared,1,0,Done
ALT0000904,TXN00011585,2025-07-21 03:43:47,UPI,Kochi,Grocery,M1309,C67071,3284.62,0.5,new_payee,Low,Investigating,0,0,Queue
ALT0000905,TXN00015342,2025-07-21 03:44:17,UPI,Nagpur,Utilities,M1850,C83485,3267.79,0.489,velocity,Low,Cleared,1,0,Done
ALT0000906,TXN00001723,2025-07-21 03:45:08,UPI,Indore,Fashion,M1197,C24010,1305.1,0.534,velocity,Low,Cleared,1,0,Done
ALT0000907,TXN00025731,2025-07-21 04:04:04,UPI,Chandigarh,Grocery,M1423,C18717,852.86,0.59,velocity,Medium,Cleared,1,0,Done
ALT0000908,TXN00020288,2025-07-21 04:05:29,UPI,Kochi,Electronics,M1702,C43752,961.27,0.63,device,Medium,Open,0,0,Queue
ALT0000909,TXN00024682,2025-07-21 04:06:08,Wallet,Kolkata,Gaming,M1337,C47573,21390.54,0.708,night_burst,High,Cleared,0,0,Done
ALT0000910,TXN00007847,2025-07-21 04:13:42,Card,Bengaluru,Food Delivery,M1169,C72869,13631.99,0.504,new_payee,Low,Blocked,0,1,Done
ALT0000911,TXN00012812,2025-07-21 04:24:34,UPI,Chandigarh,Fuel,M1115,C19208,1515.88,0.778,geo_mismatch,High,Blocked,0,1,Done
ALT0000912,TXN00005205,2025-07-21 04:24:56,Card,Indore,Healthcare,M1189,C64988,864.34,0.585,night_burst,Medium,Open,0,0,Queue
ALT0000913,TXN00021327,2025-07-21 04:25:29,Card,Pune,Grocery,M1113,C56199,16900.36,0.486,night_burst,Low,Escalated,0,0,Queue
ALT0000914,TXN00026916,2025-07-21 04:25:37,UPI,Chennai,Grocery,M1216,C37328,1163.02,0.638,velocity,Medium,Cleared,1,0,Done
ALT0000915,TXN00024097,2025-07-21 04:27:38,UPI,Jaipur,Electronics,M1801,C16161,3032.47,0.587,night_burst,Medium,Open,0,0,Queue
ALT0000916,TXN00039631,2025-07-21 04:31:27,Card,Chennai,Grocery,M1014,C40495,36008.34,0.607,new_payee,Medium,Investigating,0,0,Queue
ALT0000917,TXN00023013,2025-07-21 04:39:15,UPI,Chennai,Grocery,M1376,C30154,13937.15,0.532,velocity,Low,Blocked,0,1,Done
ALT0000918,TXN00032164,2025-07-21 04:47:29,Card,Indore,Electronics,M1035,C76466,37568.0,0.606,velocity,Medium,Cleared,1,0,Done
ALT0000919,TXN00021157,2025-07-21 04:50:27,UPI,Surat,Education,M1681,C13994,22963.27,0.588,device,Medium,Cleared,1,0,Done
ALT0000920,TXN00021673,2025-07-21 04:54:31,Card,Mumbai,Grocery,M1850,C13800,5014.55,0.564,velocity,Medium,Cleared,1,0,Done
ALT0000921,TXN00013548,2025-07-21 04:59:22,UPI,Kochi,Travel,M1779,C14862,569.43,0.5,new_payee,Low,Cleared,1,0,Done
ALT0000922,TXN00037307,2025-07-21 05:26:13,Wallet,Chennai,Grocery,M1695,C51382,2727.94,0.527,velocity,Low,Investigating,0,0,Queue
ALT0000923,TXN00010299,2025-07-21 05:37:33,Wallet,Delhi,Food Delivery,M1509,C80311,418.95,0.626,velocity,Medium,Cleared,1,0,Done
ALT0000924,TXN00009990,2025-07-21 06:00:26,Card,Indore,Electronics,M1203,C31335,56556.69,0.53,new_payee,Low,Investigating,0,0,Queue
ALT0000925,TXN00003955,2025-07-21 06:01:51,Card,Nagpur,Fuel,M1610,C24214,3950.21,0.569,velocity,Medium,Cleared,1,0,Done
ALT0000926,TXN00013747,2025-07-21 06:14:16,UPI,Lucknow,Grocery,M1334,C30894,2484.35,0.778,velocity,High,Investigating,0,0,Queue
ALT0000927,TXN00018691,2025-07-21 06:20:56,UPI,Jaipur,Fuel,M1174,C66046,20210.68,0.55,geo_mismatch,Low,Cleared,1,0,Done
ALT0000928,TXN00003063,2025-07-21 07:22:40,Card,Jaipur,Utilities,M1379,C10255,92274.76,0.603,amount_spike,Medium,Cleared,1,0,Done
ALT0000929,TXN00029543,2025-07-21 08:17:37,UPI,Lucknow,Gaming,M1828,C28370,5109.87,0.56,velocity,Medium,Open,0,0,Queue
ALT0000930,TXN00033770,2025-07-21 08:19:53,UPI,Surat,Education,M1412,C27327,1252.77,0.542,geo_mismatch,Low,Open,0,0,Queue
ALT0000931,TXN00003428,2025-07-21 08:33:45,Card,Nagpur,Food Delivery,M1112,C76221,223777.93,0.516,new_payee,Low,Open,0,0,Queue
ALT0000932,TXN00031239,2025-07-21 08:53:13,Card,Chennai,Fashion,M1654,C38171,2943.42,0.637,geo_mismatch,Medium,Investigating,0,0,Queue
ALT0000933,TXN00002447,2025-07-21 09:17:44,UPI,Chandigarh,Fashion,M1269,C10328,42839.4,0.785,geo_mismatch,High,Blocked,0,1,Done
ALT0000934,TXN00004028,2025-07-21 09:20:23,UPI,Kochi,Utilities,M1839,C67723,736.81,0.627,velocity,Medium,Cleared,1,0,Done
ALT0000935,TXN00016308,2025-07-21 09:35:02,Card,Bengaluru,Travel,M1034,C33785,4414.08,0.481,new_payee,Low,Investigating,0,0,Queue
ALT0000936,TXN00007000,2025-07-21 09:54:23,UPI,Chennai,Electronics,M1670,C57448,5893.06,0.488,velocity,Low,Cleared,1,0,Done
ALT0000937,TXN00036671,2025-07-21 10:45:57,UPI,Ahmedabad,Education,M1739,C56435,688.34,0.522,velocity,Low,Cleared,1,0,Done
ALT0000938,TXN00007725,2025-07-21 11:44:01,Card,Kochi,Gaming,M1055,C49166,12314.84,0.657,device,Medium,Cleared,1,0,Done
ALT0000939,TXN00012207,2025-07-21 11:53:07,UPI,Chandigarh,Grocery,M1809,C59117,2058.66,0.556,velocity,Medium,Blocked,1,1,Done
ALT0000940,TXN00028603,2025-07-21 11:56:35,Wallet,Kolkata,Electronics,M1024,C18881,7605.01,0.494,device,Low,Cleared,1,0,Done
ALT0000941,TXN00013269,2025-07-21 13:04:58,Card,Delhi,Grocery,M1266,C64842,4227.79,0.591,geo_mismatch,Medium,Open,0,0,Queue
ALT0000942,TXN00006819,2025-07-21 14:54:59,UPI,Chennai,Grocery,M1471,C29462,5715.43,0.616,velocity,Medium,Blocked,1,1,Done
ALT0000943,TXN00001368,2025-07-21 16:20:08,UPI,Delhi,Utilities,M1139,C16887,10092.48,0.5,velocity,Low,Cleared,1,0,Done
ALT0000944,TXN00038881,2025-07-21 17:02:59,UPI,Surat,Gaming,M1442,C10692,2636.61,0.521,velocity,Low,Investigating,0,0,Queue
ALT0000945,TXN00045360,2025-07-21 17:32:28,UPI,Pune,Healthcare,M1732,C86615,212655.6,0.641,device,Medium,Investigating,0,0,Queue
ALT0000946,TXN00042751,2025-07-21 17:44:30,UPI,Indore,Grocery,M1518,C19144,3875.66,0.558,velocity,Medium,Open,0,0,Queue
ALT0000947,TXN00031360,2025-07-21 17:57:42,Card,Ahmedabad,Utilities,M1536,C83462,3238.88,0.564,new_payee,Medium,Blocked,1,1,Done
ALT0000948,TXN00033756,2025-07-21 18:00:24,UPI,Mumbai,Travel,M1099,C47733,2593.87,0.598,velocity,Medium,Blocked,1,1,Done
ALT0000949,TXN00036643,2025-07-21 18:07:49,Wallet,Indore,Fuel,M1436,C60333,3195.48,0.572,geo_mismatch,Medium,Investigating,0,0,Queue
ALT0000950,TXN00043061,2025-07-21 18:16:23,UPI,Lucknow,Grocery,M1610,C75935,3752.28,0.639,new_payee,Medium,Investigating,0,0,Queue
ALT0000951,TXN00035728,2025-07-21 18:21:35,UPI,Surat,Food Delivery,M1502,C25924,5902.34,0.585,velocity,Medium,Open,0,0,Queue
ALT0000952,TXN00020968,2025-07-21 18:56:26,Wallet,Ahmedabad,Grocery,M1336,C85048,13244.75,0.633,velocity,Medium,Cleared,1,0,Done
ALT0000953,TXN00003573,2025-07-21 18:57:24,UPI,Delhi,Utilities,M1108,C20181,52196.37,0.557,amount_spike,Medium,Investigating,0,0,Queue
ALT0000954,TXN00038005,2025-07-21 19:37:16,UPI,Chennai,Utilities,M1412,C51945,548.1,0.818,velocity,High,Blocked,1,1,Done
ALT0000955,TXN00021088,2025-07-21 19:51:56,Card,Indore,Healthcare,M1451,C60526,30421.27,0.54,new_payee,Low,Cleared,1,0,Done
ALT0000956,TXN00039447,2025-07-21 19:51:59,UPI,Nagpur,Travel,M1649,C75924,1729.56,0.655,velocity,Medium,Blocked,0,1,Done
ALT0000957,TXN00001831,2025-07-21 20:29:52,UPI,Hyderabad,Fashion,M1357,C83504,886.21,0.622,device,Medium,Cleared,1,0,Done
ALT0000958,TXN00029737,2025-07-21 21:27:12,UPI,Pune,Utilities,M1624,C47964,29233.59,0.632,velocity,Medium,Open,0,0,Queue
ALT0000959,TXN00039263,2025-07-21 21:33:15,Card,Jaipur,Electronics,M1588,C42642,854.34,0.594,velocity,Medium,Blocked,1,1,Done
ALT0000960,TXN00034705,2025-07-21 21:46:41,UPI,Lucknow,Fuel,M1106,C80586,2410.77,0.551,device,Medium,Cleared,1,0,Done
ALT0000961,TXN00046882,2025-07-21 22:22:04,Card,Chandigarh,Fuel,M1367,C81782,224751.98,0.553,velocity,Medium,Open,0,0,Queue
ALT0000962,TXN00047013,2025-07-21 22:28:11,UPI,Jaipur,Food Delivery,M1070,C10439,9912.95,0.632,velocity,Medium,Open,0,0,Queue
ALT0000963,TXN00002731,2025-07-21 22:30:29,UPI,Chennai,Utilities,M1374,C32206,74719.78,0.487,new_payee,Low,Cleared,1,0,Done
ALT0000964,TXN00013674,2025-07-21 22:47:37,UPI,Lucknow,Fashion,M1387,C50502,13587.43,0.578,device,Medium,Open,0,0,Queue
ALT0000965,TXN00026811,2025-07-21 23:04:23,Card,Pune,Healthcare,M1675,C16248,2359.38,0.547,velocity,Low,Investigating,0,0,Queue
ALT0000966,TXN00022043,2025-07-21 23:08:58,UPI,Pune,Grocery,M1650,C88776,2397.89,0.619,velocity,Medium,Investigating,0,0,Queue
ALT0000967,TXN00029468,2025-07-21 23:20:05,Card,Chennai,Utilities,M1722,C33876,12812.98,0.578,new_payee,Medium,Investigating,0,0,Queue
ALT0000968,TXN00036909,2025-07-21 23:23:59,Wallet,Chandigarh,Grocery,M1273,C77615,2271.19,0.813,device,High,Blocked,0,1,Done
ALT0000969,TXN00041767,2025-07-21 23:24:11,Card,Nagpur,Grocery,M1557,C86465,43872.79,0.515,new_payee,Low,Open,0,0,Queue
ALT0000970,TXN00010315,2025-07-21 23:26:05,Card,Chennai,Fashion,M1140,C16757,690.86,0.558,new_payee,Medium,Open,0,0,Queue
ALT0000971,TXN00025969,2025-07-21 23:33:14,Card,Kochi,Gaming,M1617,C70413,8211.84,0.587,velocity,Medium,Cleared,1,0,Done
ALT0000972,TXN00033878,2025-07-21 23:33:44,Card,Pune,Utilities,M1820,C30859,5988.99,0.607,night_burst,Medium,Open,0,0,Queue
ALT0000973,TXN00044125,2025-07-21 23:36:05,Card,Hyderabad,Travel,M1315,C26213,5749.18,0.978,device,Critical,Cleared,0,0,Done
ALT0000974,TXN00009426,2025-07-21 23:37:01,UPI,Chennai,Utilities,M1737,C46383,3473.73,0.486,velocity,Low,Open,0,0,Queue
ALT0000975,TXN00023293,2025-07-21 23:37:53,UPI,Jaipur,Food Delivery,M1563,C24128,19416.08,0.599,velocity,Medium,Investigating,0,0,Queue
ALT0000976,TXN00008911,2025-07-21 23:40:18,UPI,Chennai,Electronics,M1813,C68054,1396.14,0.72,velocity,High,Cleared,0,0,Done
ALT0000977,TXN00002209,2025-07-21 23:47:55,UPI,Nagpur,Utilities,M1325,C52038,3879.51,0.647,device,Medium,Cleared,1,0,Done
ALT0000978,TXN00029325,2025-07-21 23:57:58,Wallet,Mumbai,Grocery,M1518,C33788,3636.8,0.609,velocity,Medium,Open,0,0,Queue
ALT0000979,TXN00005085,2025-07-22 00:05:25,UPI,Jaipur,Fashion,M1600,C40538,2710.67,0.603,velocity,Medium,Investigating,0,0,Queue
ALT0000980,TXN00041681,2025-07-22 00:08:50,UPI,Ahmedabad,Food Delivery,M1439,C31886,10100.06,0.524,night_burst,Low,Cleared,1,0,Done
ALT0000981,TXN00029090,2025-07-22 00:09:45,UPI,Mumbai,Grocery,M1792,C13028,38273.32,0.492,velocity,Low,Investigating,0,0,Queue
ALT0000982,TXN00033574,2025-07-22 00:10:19,Wallet,Delhi,Grocery,M1324,C62183,12198.25,0.558,new_payee,Medium,Blocked,1,1,Done
ALT0000983,TXN00004258,2025-07-22 00:11:33,UPI,Nagpur,Travel,M1880,C84479,705.59,0.774,velocity,High,Blocked,0,1,Done
ALT0000984,TXN00018010,2025-07-22 00:15:50,Wallet,Nagpur,Fashion,M1677,C33711,2761.94,0.5,night_burst,Low,Investigating,0,0,Queue
ALT0000985,TXN00018092,2025-07-22 00:16:23,Wallet,Delhi,Travel,M1383,C59389,846.09,0.485,device,Low,Investigating,0,0,Queue
ALT0000986,TXN00033490,2025-07-22 00:35:47,Card,Nagpur,Food Delivery,M1516,C71556,1289.78,0.505,night_burst,Low,Open,0,0,Queue
ALT0000987,TXN00030376,2025-07-22 00:40:30,UPI,Bengaluru,Travel,M1158,C65276,8201.24,0.523,velocity,Low,Investigating,0,0,Queue
ALT0000988,TXN00023061,2025-07-22 00:41:25,Card,Jaipur,Utilities,M1122,C49588,27840.64,0.878,device,Critical,Cleared,0,0,Done
ALT0000989,TXN00005876,2025-07-22 00:41:53,Wallet,Chennai,Education,M1721,C78951,2531.05,0.574,night_burst,Medium,Investigating,0,0,Queue
ALT0000990,TXN00038799,2025-07-22 00:52:10,UPI,Delhi,Healthcare,M1527,C77890,10973.63,0.499,velocity,Low,Open,0,0,Queue
ALT0000991,TXN00024634,2025-07-22 00:55:09,UPI,Jaipur,Healthcare,M1787,C36169,9244.61,0.613,velocity,Medium,Cleared,1,0,Done
ALT0000992,TXN00009474,2025-07-22 00:57:18,UPI,Delhi,Electronics,M1209,C78203,3838.6,0.648,velocity,Medium,Open,0,0,Queue
ALT0000993,TXN00006025,2025-07-22 01:00:40,UPI,Jaipur,Fuel,M1051,C60347,4723.21,0.496,velocity,Low,Open,0,0,Queue
ALT0000994,TXN00013300,2025-07-22 01:03:03,UPI,Pune,Grocery,M1206,C59150,511.75,0.519,geo_mismatch,Low,Open,0,0,Queue
ALT0000995,TXN00018182,2025-07-22 01:11:29,UPI,Chennai,Grocery,M1192,C32986,998.99,0.611,velocity,Medium,Open,0,0,Queue
ALT0000996,TXN00017022,2025-07-22 01:14:44,Wallet,Chandigarh,Utilities,M1655,C68413,2127.09,0.566,velocity,Medium,Cleared,1,0,Done
ALT0000997,TXN00024135,2025-07-22 01:16:59,Card,Kolkata,Utilities,M1747,C15047,34125.75,0.628,night_burst,Medium,Investigating,0,0,Queue
ALT0000998,TXN00030297,2025-07-22 01:22:30,UPI,Chandigarh,Education,M1055,C35089,4071.81,0.795,device,High,Blocked,0,1,Done
ALT0000999,TXN00025379,2025-07-22 01:23:57,UPI,Bengaluru,Electronics,M1438,C87443,676.52,0.528,velocity,Low,Blocked,1,1,Done
ALT0001000,TXN00022277,2025-07-22 01:24:30,UPI,Chennai,Fuel,M1385,C41250,23573.47,0.561,night_burst,Medium,Blocked,0,1,Done
ALT0001001,TXN00042763,2025-07-22 01:29:38,Card,Chennai,Gaming,M1226,C32067,1283.63,0.524,velocity,Low,Investigating,0,0,Queue
ALT0001002,TXN00022927,2025-07-22 01:30:33,Wallet,Chandigarh,Fashion,M1674,C29656,2798.77,0.537,velocity,Low,Cleared,1,0,Done
ALT0001003,TXN00043016,2025-07-22 01:37:57,Wallet,Nagpur,Grocery,M1854,C63992,5785.69,0.53,new_payee,Low,Cleared,1,0,Done
ALT0001004,TXN00027591,2025-07-22 01:38:56,Card,Chandigarh,Electronics,M1756,C68211,6150.88,0.491,night_burst,Low,Blocked,0,1,Done
ALT0001005,TXN00045996,2025-07-22 01:43:18,UPI,Indore,Gaming,M1661,C89306,1531.73,0.526,velocity,Low,Investigating,0,0,Queue
ALT0001006,TXN00013708,2025-07-22 01:43:53,Card,Nagpur,Fashion,M1819,C57951,6608.67,0.54,velocity,Low,Cleared,1,0,Done
ALT0001007,TXN00006113,2025-07-22 01:53:11,UPI,Chennai,Travel,M1304,C42145,2490.29,0.957,device,Critical,Escalated,0,0,Queue
ALT0001008,TXN00009696,2025-07-22 01:58:57,UPI,Chandigarh,Education,M1283,C37391,3264.41,0.737,velocity,High,Blocked,0,1,Done
ALT0001009,TXN00019695,2025-07-22 02:09:18,UPI,Pune,Travel,M1563,C67122,2829.65,0.56,velocity,Medium,Open,0,0,Queue
ALT0001010,TXN00033325,2025-07-22 02:11:14,UPI,Mumbai,Travel,M1815,C61460,2000.31,0.596,velocity,Medium,Investigating,0,0,Queue
ALT0001011,TXN00038017,2025-07-22 02:11:37,Card,Surat,Electronics,M1057,C48329,87763.2,0.831,velocity,Critical,Investigating,0,0,Queue
ALT0001012,TXN00007853,2025-07-22 02:18:29,Card,Kolkata,Fuel,M1452,C80194,7607.06,0.575,velocity,Medium,Blocked,1,1,Done
ALT0001013,TXN00010802,2025-07-22 02:18:52,UPI,Ahmedabad,Fashion,M1127,C27150,1740.27,0.572,new_payee,Medium,Investigating,0,0,Queue
ALT0001014,TXN00030950,2025-07-22 02:21:46,UPI,Kochi,Fuel,M1762,C85724,3337.93,0.619,new_payee,Medium,Investigating,0,0,Queue
ALT0001015,TXN00020033,2025-07-22 02:25:05,UPI,Kochi,Electronics,M1884,C17280,5393.94,0.928,geo_mismatch,Critical,Blocked,0,1,Done
ALT0001016,TXN00038067,2025-07-22 02:25:35,Wallet,Chennai,Healthcare,M1432,C43121,28933.8,0.64,velocity,Medium,Investigating,0,0,Queue
ALT0001017,TXN00021105,2025-07-22 02:29:22,UPI,Chennai,Gaming,M1635,C66816,4284.32,0.493,geo_mismatch,Low,Cleared,1,0,Done
ALT0001018,TXN00042528,2025-07-22 02:35:34,UPI,Ahmedabad,Food Delivery,M1206,C53543,1566.95,0.791,device,High,Cleared,0,0,Done
ALT0001019,TXN00013047,2025-07-22 02:37:14,UPI,Bengaluru,Grocery,M1085,C29966,4335.6,0.828,device,Critical,Blocked,0,1,Done
ALT0001020,TXN00011883,2025-07-22 02:37:59,Wallet,Bengaluru,Travel,M1088,C61462,140.95,0.535,velocity,Low,Investigating,0,0,Queue
ALT0001021,TXN00036005,2025-07-22 02:42:05,UPI,Nagpur,Education,M1262,C10658,1891.51,0.55,night_burst,Low,Cleared,1,0,Done
ALT0001022,TXN00039411,2025-07-22 02:42:41,Card,Kochi,Grocery,M1541,C70557,7526.92,0.599,velocity,Medium,Cleared,1,0,Done
ALT0001023,TXN00037096,2025-07-22 02:44:09,Card,Ahmedabad,Electronics,M1514,C20091,115503.89,0.632,amount_spike,Medium,Investigating,0,0,Queue
ALT0001024,TXN00013685,2025-07-22 02:53:16,UPI,Lucknow,Fuel,M1382,C89417,19476.99,0.938,device,Critical,Blocked,0,1,Done
ALT0001025,TXN00025915,2025-07-22 02:54:08,UPI,Chandigarh,Gaming,M1471,C81387,4869.83,0.561,night_burst,Medium,Blocked,0,1,Done
ALT0001026,TXN00038570,2025-07-22 03:00:57,UPI,Kochi,Grocery,M1353,C39861,1951.24,0.584,velocity,Medium,Blocked,1,1,Done
ALT0001027,TXN00008936,2025-07-22 03:05:43,UPI,Ahmedabad,Healthcare,M1813,C29969,2258.36,0.618,velocity,Medium,Cleared,1,0,Done
ALT0001028,TXN00042269,2025-07-22 03:11:14,Card,Bengaluru,Education,M1683,C53072,105019.02,0.822,velocity,Critical,Blocked,0,1,Done
ALT0001029,TXN00002115,2025-07-22 03:14:00,Wallet,Pune,Gaming,M1313,C53115,918.56,0.57,new_payee,Medium,Cleared,1,0,Done
ALT0001030,TXN00046083,2025-07-22 03:14:40,UPI,Surat,Electronics,M1238,C13990,29463.45,0.494,night_burst,Low,Cleared,1,0,Done
ALT0001031,TXN00006502,2025-07-22 03:19:30,Card,Surat,Fashion,M1327,C79914,6489.89,0.547,night_burst,Low,Cleared,1,0,Done
ALT0001032,TXN00027013,2025-07-22 03:19:52,UPI,Jaipur,Education,M1537,C65324,3318.57,0.597,velocity,Medium,Cleared,1,0,Done
ALT0001033,TXN00018778,2025-07-22 03:20:10,UPI,Delhi,Travel,M1595,C87401,1691.0,0.534,night_burst,Low,Cleared,1,0,Done
ALT0001034,TXN00036173,2025-07-22 03:28:21,UPI,Kochi,Grocery,M1806,C16446,27838.71,0.638,new_payee,Medium,Escalated,0,0,Queue
ALT0001035,TXN00022706,2025-07-22 03:29:00,UPI,Mumbai,Grocery,M1359,C47599,13598.42,0.569,velocity,Medium,Cleared,1,0,Done
ALT0001036,TXN00032223,2025-07-22 03:31:06,Card,Jaipur,Grocery,M1265,C65890,15073.84,0.561,velocity,Medium,Investigating,0,0,Queue
ALT0001037,TXN00021403,2025-07-22 03:32:17,UPI,Hyderabad,Education,M1467,C55685,13430.32,0.534,night_burst,Low,Cleared,1,0,Done
ALT0001038,TXN00033649,2025-07-22 03:32:44,UPI,Kolkata,Utilities,M1257,C37543,13944.69,0.541,new_payee,Low,Investigating,0,0,Queue
ALT0001039,TXN00038079,2025-07-22 03:33:59,Wallet,Jaipur,Travel,M1364,C24805,2631.54,0.708,new_payee,High,Blocked,1,1,Done
ALT0001040,TXN00030638,2025-07-22 03:36:46,Card,Jaipur,Fashion,M1039,C28570,22564.01,0.564,new_payee,Medium,Blocked,1,1,Done
ALT0001041,TXN00013561,2025-07-22 03:37:39,Card,Delhi,Gaming,M1243,C46014,63680.82,0.757,velocity,High,Investigating,0,0,Queue
ALT0001042,TXN00004845,2025-07-22 03:37:56,UPI,Lucknow,Food Delivery,M1175,C49968,9711.38,0.811,device,High,Blocked,0,1,Done
ALT0001043,TXN00008573,2025-07-22 03:45:46,UPI,Surat,Fuel,M1617,C77704,20747.34,0.619,new_payee,Medium,Open,0,0,Queue
ALT0001044,TXN00032347,2025-07-22 03:51:54,UPI,Jaipur,Fuel,M1465,C19646,14909.84,0.642,device,Medium,Investigating,0,0,Queue
ALT0001045,TXN00030181,2025-07-22 03:57:59,Card,Lucknow,Fashion,M1574,C47401,11664.04,0.689,night_burst,High,Open,0,0,Queue
ALT0001046,TXN00024508,2025-07-22 04:02:54,UPI,Ahmedabad,Electronics,M1077,C63042,1603.56,0.484,night_burst,Low,Cleared,1,0,Done
ALT0001047,TXN00018389,2025-07-22 04:03:54,UPI,Pune,Travel,M1761,C19741,5440.22,0.638,new_payee,Medium,Investigating,0,0,Queue
ALT0001048,TXN00013571,2025-07-22 04:04:15,Wallet,Jaipur,Healthcare,M1824,C75653,6585.7,0.592,night_burst,Medium,Open,0,0,Queue
ALT0001049,TXN00030264,2025-07-22 04:08:39,Card,Nagpur,Gaming,M1136,C39520,124129.59,0.546,night_burst,Low,Cleared,1,0,Done
ALT0001050,TXN00017173,2025-07-22 04:09:25,UPI,Pune,Fuel,M1239,C48518,3822.44,0.569,device,Medium,Investigating,0,0,Queue
ALT0001051,TXN00019858,2025-07-22 04:10:41,UPI,Hyderabad,Fashion,M1092,C11020,13001.86,0.588,night_burst,Medium,Cleared,1,0,Done
ALT0001052,TXN00019560,2025-07-22 04:11:34,Card,Delhi,Travel,M1022,C27204,5651.4,0.767,device,High,Escalated,0,0,Queue
ALT0001053,TXN00044016,2025-07-22 04:12:31,Card,Bengaluru,Grocery,M1592,C49211,56869.53,0.6,velocity,Medium,Open,0,0,Queue
ALT0001054,TXN00005528,2025-07-22 04:16:08,UPI,Surat,Food Delivery,M1172,C71355,8692.5,0.516,velocity,Low,Investigating,0,0,Queue
ALT0001055,TXN00005843,2025-07-22 04:22:09,UPI,Lucknow,Utilities,M1864,C86334,1507.21,0.558,velocity,Medium,Investigating,0,0,Queue
ALT0001056,TXN00045337,2025-07-22 04:25:05,UPI,Bengaluru,Fuel,M1020,C61071,1510.51,0.575,night_burst,Medium,Investigating,0,0,Queue
ALT0001057,TXN00019853,2025-07-22 04:35:00,Card,Surat,Healthcare,M1644,C70513,18462.36,0.6,night_burst,Medium,Blocked,1,1,Done
ALT0001058,TXN00022565,2025-07-22 04:36:30,UPI,Bengaluru,Grocery,M1610,C10817,5973.62,0.551,new_payee,Medium,Cleared,1,0,Done
ALT0001059,TXN00018604,2025-07-22 04:49:02,Wallet,Bengaluru,Electronics,M1773,C57054,3021.89,0.783,device,High,Escalated,0,0,Queue
ALT0001060,TXN00004860,2025-07-22 04:49:43,Card,Indore,Grocery,M1569,C11890,121197.16,0.523,night_burst,Low,Investigating,0,0,Queue
ALT0001061,TXN00001378,2025-07-22 04:52:36,Wallet,Surat,Fashion,M1210,C29156,4352.39,0.509,night_burst,Low,Open,0,0,Queue
ALT0001062,TXN00008144,2025-07-22 04:53:30,Card,Ahmedabad,Fuel,M1433,C37284,2997.81,0.534,velocity,Low,Investigating,0,0,Queue
ALT0001063,TXN00047474,2025-07-22 04:58:20,UPI,Pune,Electronics,M1171,C36256,3296.14,0.686,velocity,High,Blocked,0,1,Done
ALT0001064,TXN00013542,2025-07-22 04:59:30,UPI,Surat,Grocery,M1804,C34926,2471.47,0.49,new_payee,Low,Cleared,1,0,Done
ALT0001065,TXN00012031,2025-07-22 05:12:28,UPI,Kochi,Utilities,M1443,C84203,1864.66,0.555,device,Medium,Escalated,0,0,Queue
ALT0001066,TXN00003214,2025-07-22 05:30:15,Wallet,Indore,Travel,M1376,C10520,17669.44,0.806,device,High,Investigating,0,0,Queue
ALT0001067,TXN00011543,2025-07-22 06:10:26,UPI,Lucknow,Electronics,M1439,C51568,18796.49,0.813,device,High,Escalated,0,0,Queue
ALT0001068,TXN00042177,2025-07-22 06:31:06,UPI,Chennai,Fuel,M1112,C33117,4365.56,0.65,velocity,Medium,Blocked,1,1,Done
ALT0001069,TXN00042151,2025-07-22 07:44:48,UPI,Hyderabad,Fuel,M1526,C61873,2903.19,0.52,velocity,Low,Cleared,1,0,Done
ALT0001070,TXN00012356,2025-07-22 07:47:00,UPI,Bengaluru,Fashion,M1763,C37850,30579.87,0.542,amount_spike,Low,Cleared,1,0,Done
ALT0001071,TXN00016611,2025-07-22 08:05:46,UPI,Jaipur,Grocery,M1020,C20581,39333.16,0.573,velocity,Medium,Investigating,0,0,Queue
ALT0001072,TXN00030402,2025-07-22 08:39:51,Card,Lucknow,Fuel,M1574,C60620,2648.51,0.518,velocity,Low,Blocked,0,1,Done
ALT0001073,TXN00011822,2025-07-22 08:55:46,UPI,Hyderabad,Education,M1024,C56076,14586.29,0.649,velocity,Medium,Cleared,1,0,Done
ALT0001074,TXN00003958,2025-07-22 08:57:33,Card,Jaipur,Fuel,M1481,C24099,336.28,0.51,geo_mismatch,Low,Cleared,1,0,Done
ALT0001075,TXN00031432,2025-07-22 08:59:44,Card,Pune,Electronics,M1532,C86688,5239.94,0.602,device,Medium,Cleared,1,0,Done
ALT0001076,TXN00042716,2025-07-22 09:22:14,UPI,Kolkata,Healthcare,M1445,C37496,1466.67,0.51,new_payee,Low,Blocked,0,1,Done
ALT0001077,TXN00041025,2025-07-22 09:39:53,Wallet,Bengaluru,Food Delivery,M1682,C26012,1746.49,0.498,device,Low,Investigating,0,0,Queue
ALT0001078,TXN00024205,2025-07-22 09:49:46,Wallet,Indore,Healthcare,M1289,C57260,705.23,0.555,velocity,Medium,Investigating,0,0,Queue
ALT0001079,TXN00042922,2025-07-22 10:10:31,UPI,Surat,Fuel,M1466,C45157,989.94,0.705,device,High,Escalated,0,0,Queue
ALT0001080,TXN00040869,2025-07-22 10:14:12,UPI,Surat,Utilities,M1110,C38060,37392.01,0.508,new_payee,Low,Cleared,1,0,Done
ALT0001081,TXN00020397,2025-07-22 10:40:33,Card,Kochi,Fashion,M1150,C74293,34407.69,0.592,amount_spike,Medium,Investigating,0,0,Queue
ALT0001082,TXN00002694,2025-07-22 10:55:45,UPI,Nagpur,Electronics,M1888,C86225,12930.42,0.567,geo_mismatch,Medium,Blocked,1,1,Done
ALT0001083,TXN00046381,2025-07-22 10:59:41,Card,Chennai,Gaming,M1603,C68637,3336.74,0.564,velocity,Medium,Escalated,0,0,Queue
ALT0001084,TXN00001153,2025-07-22 11:38:17,UPI,Surat,Electronics,M1468,C53687,17499.97,0.496,amount_spike,Low,Cleared,1,0,Done
ALT0001085,TXN00020265,2025-07-22 11:42:26,Wallet,Bengaluru,Healthcare,M1876,C43857,2391.06,0.522,device,Low,Investigating,0,0,Queue
ALT0001086,TXN00021077,2025-07-22 12:23:28,UPI,Surat,Grocery,M1036,C43942,16897.74,0.637,amount_spike,Medium,Investigating,0,0,Queue
ALT0001087,TXN00005107,2025-07-22 13:18:38,UPI,Chandigarh,Fashion,M1399,C34934,92160.53,0.645,device,Medium,Cleared,1,0,Done
ALT0001088,TXN00031978,2025-07-22 13:52:15,UPI,Pune,Fuel,M1368,C37439,15999.91,0.592,velocity,Medium,Cleared,1,0,Done
ALT0001089,TXN00029951,2025-07-22 15:10:21,Card,Indore,Grocery,M1892,C85942,2202.98,0.653,velocity,Medium,Open,0,0,Queue
ALT0001090,TXN00034034,2025-07-22 15:15:06,UPI,Surat,Fuel,M1505,C22759,7837.01,0.585,velocity,Medium,Investigating,0,0,Queue
ALT0001091,TXN00024326,2025-07-22 15:42:07,UPI,Nagpur,Fuel,M1431,C17292,1388.71,0.538,velocity,Low,Cleared,1,0,Done
ALT0001092,TXN00017820,2025-07-22 16:40:00,UPI,Kolkata,Education,M1129,C80352,3243.29,0.626,device,Medium,Cleared,1,0,Done
ALT0001093,TXN00000682,2025-07-22 16:57:39,UPI,Pune,Electronics,M1721,C80409,241.97,0.504,velocity,Low,Escalated,0,0,Queue
ALT0001094,TXN00021151,2025-07-22 17:59:35,Wallet,Delhi,Utilities,M1083,C62726,4473.36,0.517,new_payee,Low,Cleared,1,0,Done
ALT0001095,TXN00018259,2025-07-22 18:26:53,UPI,Lucknow,Electronics,M1704,C47821,5959.66,0.485,velocity,Low,Cleared,1,0,Done
ALT0001096,TXN00028084,2025-07-22 19:15:28,UPI,Jaipur,Education,M1113,C48947,2346.08,0.54,velocity,Low,Open,0,0,Queue
ALT0001097,TXN00024368,2025-07-22 19:31:55,Card,Surat,Electronics,M1650,C44877,47795.74,0.594,amount_spike,Medium,Investigating,0,0,Queue
ALT0001098,TXN00012784,2025-07-22 19:36:51,Card,Bengaluru,Travel,M1271,C56575,18145.55,0.593,device,Medium,Investigating,0,0,Queue
ALT0001099,TXN00026728,2025-07-22 21:07:38,Card,Lucknow,Fashion,M1295,C72691,5434.53,0.611,geo_mismatch,Medium,Investigating,0,0,Queue
ALT0001100,TXN00034299,2025-07-22 21:11:35,UPI,Jaipur,Fashion,M1436,C84424,3108.89,0.61,geo_mismatch,Medium,Open,0,0,Queue
ALT0001101,TXN00041691,2025-07-22 21:47:33,Card,Indore,Utilities,M1426,C22198,32492.56,0.54,amount_spike,Low,Investigating,0,0,Queue
ALT0001102,TXN00006478,2025-07-22 22:00:31,Card,Kolkata,Healthcare,M1845,C69525,78428.37,0.527,velocity,Low,Investigating,0,0,Queue
ALT0001103,TXN00033131,2025-07-22 22:24:12,Card,Mumbai,Grocery,M1248,C75118,3785.17,0.61,new_payee,Medium,Blocked,1,1,Done
ALT0001104,TXN00000520,2025-07-22 22:47:38,UPI,Surat,Education,M1662,C44101,7941.85,0.493,device,Low,Investigating,0,0,Queue
ALT0001105,TXN00007397,2025-07-22 22:56:55,UPI,Kolkata,Grocery,M1158,C87665,5504.11,0.494,velocity,Low,Cleared,1,0,Done
ALT0001106,TXN00009782,2025-07-22 23:00:24,UPI,Bengaluru,Healthcare,M1186,C13031,6497.32,0.617,velocity,Medium,Blocked,0,1,Done
ALT0001107,TXN00003827,2025-07-22 23:00:35,Card,Chandigarh,Travel,M1757,C10437,9276.71,0.58,night_burst,Medium,Investigating,0,0,Queue
ALT0001108,TXN00015282,2025-07-22 23:01:43,UPI,Surat,Travel,M1260,C32156,6397.13,0.613,night_burst,Medium,Open,0,0,Queue
ALT0001109,TXN00020101,2025-07-22 23:04:04,UPI,Ahmedabad,Fuel,M1269,C22363,1250.87,0.535,velocity,Low,Cleared,1,0,Done
ALT0001110,TXN00004092,2025-07-22 23:04:46,Card,Chandigarh,Utilities,M1242,C50584,2105.53,0.697,device,High,Blocked,1,1,Done
ALT0001111,TXN00044209,2025-07-22 23:05:49,Card,Surat,Food Delivery,M1664,C85144,6120.45,0.555,night_burst,Medium,Investigating,0,0,Queue
ALT0001112,TXN00044006,2025-07-22 23:14:35,UPI,Nagpur,Food Delivery,M1412,C54261,48736.97,0.545,velocity,Low,Blocked,1,1,Done
ALT0001113,TXN00011691,2025-07-22 23:14:47,Card,Jaipur,Grocery,M1703,C37405,71065.21,0.538,amount_spike,Low,Cleared,1,0,Done
ALT0001114,TXN00031349,2025-07-22 23:15:56,UPI,Surat,Travel,M1755,C41414,20643.28,0.606,amount_spike,Medium,Investigating,0,0,Queue
ALT0001115,TXN00035628,2025-07-22 23:16:16,UPI,Mumbai,Electronics,M1110,C87868,2901.28,0.592,night_burst,Medium,Cleared,1,0,Done
ALT0001116,TXN00030767,2025-07-22 23:26:57,UPI,Bengaluru,Gaming,M1261,C51538,2541.06,0.574,night_burst,Medium,Escalated,0,0,Queue
ALT0001117,TXN00009944,2025-07-22 23:29:08,UPI,Chandigarh,Travel,M1043,C52859,2328.77,0.619,velocity,Medium,Blocked,0,1,Done
ALT0001118,TXN00035395,2025-07-22 23:30:19,Card,Delhi,Healthcare,M1171,C37010,1898.97,0.509,geo_mismatch,Low,Cleared,1,0,Done
ALT0001119,TXN00024743,2025-07-22 23:31:37,Card,Indore,Electronics,M1354,C37272,2247.63,0.549,night_burst,Low,Open,0,0,Queue
ALT0001120,TXN00032348,2025-07-22 23:35:22,Wallet,Chennai,Food Delivery,M1785,C24504,1470.55,0.801,new_payee,High,Open,0,0,Queue
ALT0001121,TXN00011986,2025-07-22 23:35:26,Card,Chennai,Travel,M1006,C14620,4828.6,0.523,new_payee,Low,Cleared,1,0,Done
ALT0001122,TXN00001546,2025-07-22 23:39:26,UPI,Jaipur,Electronics,M1095,C66525,2833.05,0.48,new_payee,Low,Cleared,1,0,Done
ALT0001123,TXN00027048,2025-07-22 23:48:48,Card,Jaipur,Fashion,M1601,C28181,72538.34,0.614,velocity,Medium,Cleared,1,0,Done
ALT0001124,TXN00011137,2025-07-23 00:12:01,UPI,Chandigarh,Food Delivery,M1011,C20582,17334.23,0.509,amount_spike,Low,Cleared,1,0,Done
ALT0001125,TXN00022674,2025-07-23 00:19:19,UPI,Kochi,Education,M1790,C61997,21358.23,0.537,amount_spike,Low,Cleared,1,0,Done
ALT0001126,TXN00044605,2025-07-23 00:22:07,Card,Jaipur,Utilities,M1561,C83496,15522.39,0.538,velocity,Low,Blocked,1,1,Done
ALT0001127,TXN00038512,2025-07-23 00:29:42,Wallet,Kochi,Electronics,M1348,C88869,1427.97,0.601,night_burst,Medium,Blocked,0,1,Done
ALT0001128,TXN00043240,2025-07-23 00:33:20,UPI,Bengaluru,Grocery,M1739,C34275,4695.89,0.613,velocity,Medium,Blocked,1,1,Done
ALT0001129,TXN00027523,2025-07-23 00:43:48,UPI,Indore,Fuel,M1258,C58061,6248.91,0.496,velocity,Low,Cleared,1,0,Done
ALT0001130,TXN00024852,2025-07-23 00:45:15,Card,Mumbai,Fashion,M1247,C44430,25648.31,0.609,new_payee,Medium,Investigating,0,0,Queue
ALT0001131,TXN00016764,2025-07-23 00:46:26,Wallet,Ahmedabad,Electronics,M1133,C62764,665.53,0.818,velocity,High,Open,0,0,Queue
ALT0001132,TXN00030855,2025-07-23 00:51:22,UPI,Kolkata,Grocery,M1668,C41855,3076.02,0.605,velocity,Medium,Open,0,0,Queue
ALT0001133,TXN00033643,2025-07-23 00:53:41,Card,Bengaluru,Grocery,M1014,C36856,1271.91,0.584,night_burst,Medium,Cleared,1,0,Done
ALT0001134,TXN00004654,2025-07-23 00:56:18,UPI,Hyderabad,Food Delivery,M1395,C74948,3370.79,0.575,night_burst,Medium,Escalated,0,0,Queue
ALT0001135,TXN00024414,2025-07-23 00:56:53,Card,Surat,Fashion,M1586,C50023,2099.25,0.541,new_payee,Low,Investigating,0,0,Queue
ALT0001136,TXN00016667,2025-07-23 01:03:06,Wallet,Hyderabad,Travel,M1592,C82693,155.72,0.764,velocity,High,Blocked,0,1,Done
ALT0001137,TXN00047248,2025-07-23 01:03:28,Wallet,Chennai,Fashion,M1438,C65416,2598.7,0.739,device,High,Blocked,0,1,Done
ALT0001138,TXN00006176,2025-07-23 01:05:37,UPI,Kolkata,Travel,M1092,C75664,641.6,0.505,new_payee,Low,Investigating,0,0,Queue
ALT0001139,TXN00010616,2025-07-23 01:13:25,UPI,Jaipur,Travel,M1321,C37271,1077.04,0.562,night_burst,Medium,Cleared,1,0,Done
ALT0001140,TXN00020866,2025-07-23 01:16:03,UPI,Hyderabad,Grocery,M1107,C43791,7797.69,0.488,night_burst,Low,Cleared,1,0,Done
ALT0001141,TXN00033862,2025-07-23 01:21:16,UPI,Pune,Electronics,M1634,C37490,7944.01,0.48,velocity,Low,Escalated,0,0,Queue
ALT0001142,TXN00038339,2025-07-23 01:23:00,UPI,Pune,Fuel,M1678,C60468,1752.63,0.685,device,High,Blocked,1,1,Done
ALT0001143,TXN00034277,2025-07-23 01:24:03,Wallet,Kolkata,Healthcare,M1782,C43345,36344.89,0.611,amount_spike,Medium,Investigating,0,0,Queue
ALT0001144,TXN00026068,2025-07-23 01:25:28,UPI,Mumbai,Fuel,M1890,C36628,2481.77,0.683,night_burst,High,Escalated,0,0,Queue
ALT0001145,TXN00046727,2025-07-23 01:30:12,Card,Indore,Fashion,M1810,C31080,1116.14,0.56,night_burst,Medium,Cleared,1,0,Done
ALT0001146,TXN00011475,2025-07-23 01:33:57,UPI,Kochi,Grocery,M1399,C63989,1024.72,0.527,device,Low,Cleared,1,0,Done
ALT0001147,TXN00020898,2025-07-23 01:38:27,Wallet,Nagpur,Fuel,M1861,C35377,1193.5,0.537,new_payee,Low,Cleared,1,0,Done
ALT0001148,TXN00046442,2025-07-23 01:40:32,UPI,Kolkata,Grocery,M1493,C49968,1560.03,0.484,velocity,Low,Cleared,1,0,Done
ALT0001149,TXN00042576,2025-07-23 01:51:17,UPI,Surat,Utilities,M1897,C26463,320.44,0.582,new_payee,Medium,Investigating,0,0,Queue
ALT0001150,TXN00037785,2025-07-23 01:55:52,Wallet,Jaipur,Gaming,M1213,C29229,51.23,0.571,velocity,Medium,Cleared,1,0,Done
ALT0001151,TXN00024812,2025-07-23 02:00:59,UPI,Pune,Utilities,M1206,C48720,10076.26,0.609,night_burst,Medium,Open,0,0,Queue
ALT0001152,TXN00010931,2025-07-23 02:08:59,UPI,Kochi,Fashion,M1004,C18649,5389.59,0.496,new_payee,Low,Cleared,1,0,Done
ALT0001153,TXN00045490,2025-07-23 02:11:47,UPI,Chandigarh,Healthcare,M1508,C39595,11108.79,0.52,velocity,Low,Cleared,1,0,Done
ALT0001154,TXN00042950,2025-07-23 02:19:44,UPI,Delhi,Gaming,M1373,C63494,8461.15,0.586,velocity,Medium,Cleared,1,0,Done
ALT0001155,TXN00013882,2025-07-23 02:25:49,UPI,Chennai,Food Delivery,M1876,C19544,3147.93,0.585,velocity,Medium,Cleared,1,0,Done
ALT0001156,TXN00016351,2025-07-23 02:27:40,UPI,Kolkata,Healthcare,M1789,C11991,3572.44,0.8,geo_mismatch,High,Escalated,0,0,Queue
ALT0001157,TXN00004173,2025-07-23 02:27:44,Card,Kolkata,Utilities,M1604,C18623,26581.13,0.58,amount_spike,Medium,Escalated,0,0,Queue
ALT0001158,TXN00008537,2025-07-23 02:30:41,UPI,Surat,Education,M1385,C46833,10854.64,0.533,velocity,Low,Cleared,1,0,Done
ALT0001159,TXN00020666,2025-07-23 02:34:36,UPI,Surat,Grocery,M1013,C38743,562.69,0.566,new_payee,Medium,Open,0,0,Queue
ALT0001160,TXN00045861,2025-07-23 02:36:28,Card,Ahmedabad,Education,M1409,C63735,4289.09,0.495,velocity,Low,Cleared,1,0,Done
ALT0001161,TXN00023937,2025-07-23 02:39:43,UPI,Bengaluru,Grocery,M1831,C19600,2351.55,0.539,new_payee,Low,Open,0,0,Queue
ALT0001162,TXN00004622,2025-07-23 02:45:28,Wallet,Bengaluru,Gaming,M1061,C73191,5208.54,0.744,device,High,Blocked,0,1,Done
ALT0001163,TXN00002303,2025-07-23 02:52:07,UPI,Mumbai,Gaming,M1701,C65810,7707.48,0.577,night_burst,Medium,Cleared,1,0,Done
ALT0001164,TXN00045565,2025-07-23 02:53:59,UPI,Chandigarh,Fashion,M1300,C23947,1530.04,0.751,velocity,High,Cleared,0,0,Done
ALT0001165,TXN00018357,2025-07-23 02:59:56,Card,Jaipur,Fuel,M1780,C58678,15227.45,0.486,velocity,Low,Investigating,0,0,Queue
ALT0001166,TXN00003206,2025-07-23 03:00:30,UPI,Bengaluru,Food Delivery,M1172,C75386,2032.94,0.541,night_burst,Low,Blocked,1,1,Done
ALT0001167,TXN00044725,2025-07-23 03:06:38,UPI,Jaipur,Gaming,M1755,C65925,4213.51,0.567,velocity,Medium,Investigating,0,0,Queue
ALT0001168,TXN00037834,2025-07-23 03:08:31,UPI,Chennai,Grocery,M1791,C36126,2257.61,0.505,velocity,Low,Investigating,0,0,Queue
ALT0001169,TXN00012905,2025-07-23 03:12:11,UPI,Hyderabad,Fashion,M1880,C43161,8917.9,0.615,new_payee,Medium,Open,0,0,Queue
ALT0001170,TXN00009262,2025-07-23 03:12:15,UPI,Hyderabad,Food Delivery,M1289,C70320,20999.5,0.615,device,Medium,Investigating,0,0,Queue
ALT0001171,TXN00016725,2025-07-23 03:25:00,Card,Lucknow,Food Delivery,M1676,C55632,26427.69,0.571,amount_spike,Medium,Open,0,0,Queue
ALT0001172,TXN00030960,2025-07-23 03:29:31,Card,Pune,Electronics,M1360,C70489,20168.68,0.522,amount_spike,Low,Cleared,1,0,Done
ALT0001173,TXN00000806,2025-07-23 03:30:51,UPI,Ahmedabad,Grocery,M1677,C74595,35009.51,0.572,new_payee,Medium,Open,0,0,Queue
ALT0001174,TXN00036022,2025-07-23 03:41:23,Card,Ahmedabad,Electronics,M1019,C23917,1033.43,0.516,new_payee,Low,Investigating,0,0,Queue
ALT0001175,TXN00044748,2025-07-23 03:51:10,UPI,Ahmedabad,Fashion,M1852,C76087,629.37,0.529,new_payee,Low,Cleared,1,0,Done
ALT0001176,TXN00000854,2025-07-23 03:52:10,UPI,Nagpur,Fuel,M1321,C50818,945.42,0.758,device,High,Investigating,0,0,Queue
ALT0001177,TXN00045982,2025-07-23 03:55:24,UPI,Mumbai,Fashion,M1860,C11428,5185.01,0.56,velocity,Medium,Escalated,0,0,Queue
ALT0001178,TXN00001384,2025-07-23 03:58:58,UPI,Pune,Food Delivery,M1645,C80325,491.67,0.722,velocity,High,Cleared,0,0,Done
ALT0001179,TXN00005057,2025-07-23 04:03:53,Card,Delhi,Travel,M1818,C66204,35571.42,0.76,velocity,High,Blocked,0,1,Done
ALT0001180,TXN00020800,2025-07-23 04:06:33,UPI,Delhi,Fuel,M1227,C69920,3374.31,0.519,night_burst,Low,Investigating,0,0,Queue
ALT0001181,TXN00001050,2025-07-23 04:10:30,Wallet,Mumbai,Fashion,M1055,C53655,3079.86,0.564,velocity,Medium,Open,0,0,Queue
ALT0001182,TXN00034697,2025-07-23 04:12:25,UPI,Kochi,Electronics,M1267,C84893,2560.75,0.976,geo_mismatch,Critical,Blocked,0,1,Done
ALT0001183,TXN00043409,2025-07-23 04:26:01,UPI,Bengaluru,Fuel,M1597,C33319,2652.71,0.72,device,High,Blocked,0,1,Done
ALT0001184,TXN00021304,2025-07-23 04:28:12,UPI,Nagpur,Travel,M1877,C64829,437.62,0.689,night_burst,High,Investigating,0,0,Queue
ALT0001185,TXN00038718,2025-07-23 04:29:03,UPI,Surat,Grocery,M1197,C42139,1574.91,0.577,night_burst,Medium,Open,0,0,Queue
ALT0001186,TXN00036354,2025-07-23 04:33:24,Card,Bengaluru,Electronics,M1555,C44823,63069.71,0.587,velocity,Medium,Investigating,0,0,Queue
ALT0001187,TXN00044898,2025-07-23 04:34:51,UPI,Indore,Utilities,M1371,C54605,692.94,0.545,night_burst,Low,Cleared,1,0,Done
ALT0001188,TXN00043993,2025-07-23 04:36:38,UPI,Surat,Utilities,M1386,C10275,6245.8,0.576,velocity,Medium,Escalated,0,0,Queue
ALT0001189,TXN00042448,2025-07-23 04:38:16,UPI,Bengaluru,Fashion,M1730,C61646,1373.53,0.541,night_burst,Low,Open,0,0,Queue
ALT0001190,TXN00001861,2025-07-23 04:42:23,UPI,Delhi,Electronics,M1877,C24382,13480.7,0.736,velocity,High,Investigating,0,0,Queue
ALT0001191,TXN00033354,2025-07-23 04:47:03,UPI,Bengaluru,Utilities,M1535,C57455,6478.58,0.625,velocity,Medium,Cleared,1,0,Done
ALT0001192,TXN00029433,2025-07-23 04:48:18,Card,Hyderabad,Healthcare,M1143,C35659,41358.66,0.765,amount_spike,High,Cleared,0,0,Done
ALT0001193,TXN00021984,2025-07-23 04:52:47,Wallet,Surat,Grocery,M1451,C80574,5482.86,0.503,device,Low,Cleared,1,0,Done
ALT0001194,TXN00003724,2025-07-23 04:55:45,Card,Chennai,Utilities,M1573,C54458,21195.63,0.496,velocity,Low,Blocked,1,1,Done
ALT0001195,TXN00010001,2025-07-23 05:10:17,Card,Hyderabad,Food Delivery,M1756,C56154,53484.95,0.799,geo_mismatch,High,Investigating,0,0,Queue
ALT0001196,TXN00003839,2025-07-23 05:45:52,Card,Chennai,Grocery,M1774,C81900,68077.92,0.591,velocity,Medium,Escalated,0,0,Queue
ALT0001197,TXN00028678,2025-07-23 05:52:17,UPI,Ahmedabad,Food Delivery,M1853,C79439,180.45,0.517,velocity,Low,Cleared,1,0,Done
ALT0001198,TXN00007995,2025-07-23 06:56:28,Card,Mumbai,Fuel,M1200,C54859,8591.06,0.624,geo_mismatch,Medium,Blocked,0,1,Done
ALT0001199,TXN00045384,2025-07-23 07:27:48,Wallet,Bengaluru,Fashion,M1719,C44163,8798.31,0.612,velocity,Medium,Open,0,0,Queue
ALT0001200,TXN00034317,2025-07-23 07:40:48,Card,Jaipur,Fashion,M1339,C84148,36063.08,0.82,device,High,Investigating,0,0,Queue
ALT0001201,TXN00015771,2025-07-23 07:54:13,UPI,Ahmedabad,Healthcare,M1510,C51686,1290.16,0.545,velocity,Low,Blocked,1,1,Done
ALT0001202,TXN00010125,2025-07-23 07:58:14,UPI,Surat,Fashion,M1774,C46998,1564.4,0.835,geo_mismatch,Critical,Investigating,0,0,Queue
ALT0001203,TXN00043934,2025-07-23 08:02:07,UPI,Surat,Food Delivery,M1462,C47507,7184.8,0.489,velocity,Low,Open,0,0,Queue
ALT0001204,TXN00021162,2025-07-23 08:22:36,Wallet,Chennai,Travel,M1846,C81705,2996.24,0.494,device,Low,Open,0,0,Queue
ALT0001205,TXN00028930,2025-07-23 08:39:37,UPI,Kochi,Fashion,M1491,C17130,5418.96,0.639,velocity,Medium,Investigating,0,0,Queue
ALT0001206,TXN00025373,2025-07-23 09:01:19,UPI,Nagpur,Healthcare,M1405,C30601,656.36,0.623,new_payee,Medium,Blocked,1,1,Done
ALT0001207,TXN00035751,2025-07-23 09:02:17,UPI,Chennai,Food Delivery,M1019,C61879,3444.67,0.558,velocity,Medium,Open,0,0,Queue
ALT0001208,TXN00018250,2025-07-23 09:09:01,Card,Chennai,Grocery,M1359,C52976,19200.77,0.765,velocity,High,Blocked,0,1,Done
ALT0001209,TXN00024944,2025-07-23 10:02:03,Card,Lucknow,Utilities,M1322,C17117,16762.95,0.486,amount_spike,Low,Cleared,1,0,Done
ALT0001210,TXN00032003,2025-07-23 10:28:51,UPI,Mumbai,Utilities,M1181,C14600,9745.03,0.595,velocity,Medium,Investigating,0,0,Queue
ALT0001211,TXN00030519,2025-07-23 10:39:47,Card,Chandigarh,Healthcare,M1473,C66464,59101.58,0.519,amount_spike,Low,Open,0,0,Queue
ALT0001212,TXN00010843,2025-07-23 11:54:48,Card,Kochi,Food Delivery,M1511,C61682,7531.32,0.562,velocity,Medium,Investigating,0,0,Queue
ALT0001213,TXN00047430,2025-07-23 12:47:14,Card,Jaipur,Food Delivery,M1713,C29061,3561.36,0.538,geo_mismatch,Low,Blocked,1,1,Done
ALT0001214,TXN00036379,2025-07-23 12:54:38,UPI,Mumbai,Food Delivery,M1301,C54948,54707.99,0.558,new_payee,Medium,Cleared,1,0,Done
ALT0001215,TXN00020489,2025-07-23 13:29:37,UPI,Pune,Travel,M1876,C69902,2723.38,0.612,device,Medium,Investigating,0,0,Queue
ALT0001216,TXN00046900,2025-07-23 13:40:10,Card,Kolkata,Fashion,M1768,C63735,11107.65,0.593,device,Medium,Investigating,0,0,Queue
ALT0001217,TXN00012535,2025-07-23 13:51:22,Card,Nagpur,Travel,M1599,C20398,2550.89,0.493,device,Low,Escalated,0,0,Queue
ALT0001218,TXN00013023,2025-07-23 14:37:25,Card,Surat,Grocery,M1377,C20811,2157.71,0.544,velocity,Low,Cleared,1,0,Done
ALT0001219,TXN00038370,2025-07-23 14:38:06,Card,Nagpur,Fuel,M1794,C40745,98952.32,0.584,velocity,Medium,Investigating,0,0,Queue
ALT0001220,TXN00022532,2025-07-23 14:52:34,UPI,Pune,Food Delivery,M1423,C45615,5820.02,0.624,velocity,Medium,Blocked,1,1,Done
ALT0001221,TXN00044794,2025-07-23 15:27:12,UPI,Mumbai,Fashion,M1162,C43050,37751.65,0.531,velocity,Low,Cleared,1,0,Done
ALT0001222,TXN00038368,2025-07-23 15:37:35,UPI,Indore,Grocery,M1878,C49203,20500.85,0.492,device,Low,Cleared,1,0,Done
ALT0001223,TXN00036380,2025-07-23 15:41:08,UPI,Chandigarh,Grocery,M1618,C84719,42821.33,0.588,device,Medium,Cleared,1,0,Done
ALT0001224,TXN00046391,2025-07-23 15:44:02,UPI,Kochi,Fashion,M1116,C46662,4674.03,0.743,geo_mismatch,High,Cleared,0,0,Done
ALT0001225,TXN00039753,2025-07-23 16:14:32,Card,Jaipur,Education,M1733,C27816,184827.98,0.589,velocity,Medium,Open,0,0,Queue
ALT0001226,TXN00045891,2025-07-23 16:30:52,Wallet,Hyderabad,Grocery,M1106,C49249,2239.91,0.626,new_payee,Medium,Blocked,0,1,Done
ALT0001227,TXN00000116,2025-07-23 16:49:59,Wallet,Bengaluru,Utilities,M1234,C76717,4593.67,0.493,device,Low,Open,0,0,Queue
ALT0001228,TXN00006732,2025-07-23 17:39:51,UPI,Lucknow,Travel,M1874,C43606,933.61,0.48,velocity,Low,Cleared,1,0,Done
ALT0001229,TXN00031904,2025-07-23 17:43:06,Card,Kolkata,Travel,M1485,C64256,51126.65,0.586,new_payee,Medium,Investigating,0,0,Queue
ALT0001230,TXN00013497,2025-07-23 17:52:32,Card,Hyderabad,Electronics,M1440,C58415,20014.81,0.627,amount_spike,Medium,Open,0,0,Queue
ALT0001231,TXN00047285,2025-07-23 18:21:00,UPI,Chennai,Electronics,M1217,C10233,7102.42,0.606,velocity,Medium,Investigating,0,0,Queue
ALT0001232,TXN00040935,2025-07-23 18:22:23,Wallet,Indore,Utilities,M1611,C30684,915.29,0.481,velocity,Low,Cleared,1,0,Done
ALT0001233,TXN00035156,2025-07-23 18:26:41,Card,Chandigarh,Travel,M1691,C17847,27844.88,0.615,amount_spike,Medium,Investigating,0,0,Queue
ALT0001234,TXN00004380,2025-07-23 18:44:03,UPI,Mumbai,Food Delivery,M1550,C50825,821.82,0.481,device,Low,Cleared,1,0,Done
ALT0001235,TXN00000662,2025-07-23 18:48:07,UPI,Surat,Food Delivery,M1784,C79102,8902.89,0.566,new_payee,Medium,Cleared,1,0,Done
ALT0001236,TXN00027982,2025-07-23 19:10:10,Card,Pune,Gaming,M1561,C84581,14863.63,0.502,geo_mismatch,Low,Investigating,0,0,Queue
ALT0001237,TXN00038399,2025-07-23 19:46:15,UPI,Ahmedabad,Fashion,M1696,C15767,1918.63,0.622,velocity,Medium,Investigating,0,0,Queue
ALT0001238,TXN00027742,2025-07-23 19:46:41,Card,Ahmedabad,Education,M1476,C39708,55511.71,0.522,velocity,Low,Cleared,1,0,Done
ALT0001239,TXN00001934,2025-07-23 20:14:18,UPI,Kolkata,Gaming,M1754,C69723,4549.5,0.644,geo_mismatch,Medium,Cleared,1,0,Done
ALT0001240,TXN00009052,2025-07-23 20:19:22,Card,Kochi,Education,M1746,C30724,4031.84,0.593,geo_mismatch,Medium,Cleared,1,0,Done
ALT0001241,TXN00005463,2025-07-23 20:34:25,UPI,Nagpur,Fuel,M1704,C79294,4004.92,0.553,geo_mismatch,Medium,Cleared,1,0,Done
ALT0001242,TXN00025442,2025-07-23 20:48:38,Card,Bengaluru,Electronics,M1152,C48107,8088.11,0.542,velocity,Low,Investigating,0,0,Queue
ALT0001243,TXN00016382,2025-07-23 21:17:22,UPI,Kolkata,Fashion,M1322,C83526,1037.53,0.543,velocity,Low,Cleared,1,0,Done
ALT0001244,TXN00038495,2025-07-23 21:28:13,UPI,Nagpur,Grocery,M1144,C60152,39575.91,0.521,amount_spike,Low,Cleared,1,0,Done
ALT0001245,TXN00042043,2025-07-23 21:40:35,UPI,Surat,Healthcare,M1056,C88014,2737.02,0.58,velocity,Medium,Investigating,0,0,Queue
ALT0001246,TXN00010302,2025-07-23 22:19:42,UPI,Indore,Fuel,M1581,C53691,20082.73,0.497,amount_spike,Low,Blocked,0,1,Done
ALT0001247,TXN00025200,2025-07-23 22:40:52,Card,Chennai,Utilities,M1186,C13630,7206.28,0.529,velocity,Low,Blocked,1,1,Done
ALT0001248,TXN00023735,2025-07-23 22:57:35,UPI,Ahmedabad,Travel,M1339,C31898,9714.4,0.595,new_payee,Medium,Blocked,0,1,Done
ALT0001249,TXN00041954,2025-07-23 23:01:33,UPI,Delhi,Fuel,M1177,C12947,2215.43,0.717,night_burst,High,Blocked,0,1,Done
ALT0001250,TXN00023350,2025-07-23 23:05:46,UPI,Lucknow,Fuel,M1244,C77432,9648.52,0.634,new_payee,Medium,Blocked,1,1,Done
ALT0001251,TXN00024337,2025-07-23 23:07:54,UPI,Mumbai,Fashion,M1363,C58612,11620.18,0.607,new_payee,Medium,Blocked,0,1,Done
ALT0001252,TXN00003368,2025-07-23 23:23:09,UPI,Chandigarh,Fuel,M1277,C26784,7586.38,0.501,velocity,Low,Cleared,1,0,Done
ALT0001253,TXN00001178,2025-07-23 23:27:07,Wallet,Indore,Gaming,M1671,C59120,438.14,0.632,velocity,Medium,Investigating,0,0,Queue
ALT0001254,TXN00046399,2025-07-23 23:32:24,Wallet,Ahmedabad,Grocery,M1436,C56983,1573.25,0.583,velocity,Medium,Investigating,0,0,Queue
ALT0001255,TXN00028392,2025-07-23 23:34:31,UPI,Bengaluru,Electronics,M1110,C49233,205.58,0.598,new_payee,Medium,Cleared,1,0,Done
ALT0001256,TXN00033500,2025-07-23 23:35:04,Wallet,Chennai,Fuel,M1238,C84838,1287.5,0.505,night_burst,Low,Cleared,1,0,Done
ALT0001257,TXN00024802,2025-07-23 23:35:06,UPI,Bengaluru,Fashion,M1859,C52141,4497.66,0.565,velocity,Medium,Cleared,1,0,Done
ALT0001258,TXN00000072,2025-07-23 23:47:32,UPI,Mumbai,Fuel,M1039,C14980,16017.03,0.609,new_payee,Medium,Open,0,0,Queue
ALT0001259,TXN00016987,2025-07-23 23:48:19,UPI,Delhi,Fashion,M1360,C83064,23622.85,0.543,amount_spike,Low,Cleared,1,0,Done
ALT0001260,TXN00036362,2025-07-23 23:49:03,UPI,Chandigarh,Education,M1639,C38988,424.33,0.947,night_burst,Critical,Blocked,0,1,Done
ALT0001261,TXN00023997,2025-07-23 23:50:46,UPI,Chandigarh,Electronics,M1847,C17189,2665.15,0.514,velocity,Low,Escalated,0,0,Queue
ALT0001262,TXN00009202,2025-07-23 23:56:38,Wallet,Jaipur,Fuel,M1829,C40908,230.05,0.535,velocity,Low,Open,0,0,Queue
ALT0001263,TXN00026914,2025-07-24 00:03:28,Card,Mumbai,Fashion,M1487,C86897,14571.47,0.538,new_payee,Low,Cleared,1,0,Done
ALT0001264,TXN00034912,2025-07-24 00:03:39,Card,Bengaluru,Food Delivery,M1006,C35373,237063.2,0.557,amount_spike,Medium,Investigating,0,0,Queue
ALT0001265,TXN00003007,2025-07-24 00:11:01,UPI,Surat,Grocery,M1347,C37258,6034.15,0.525,new_payee,Low,Cleared,1,0,Done
ALT0001266,TXN00027108,2025-07-24 00:25:00,UPI,Jaipur,Electronics,M1645,C30749,843.06,0.503,new_payee,Low,Open,0,0,Queue
ALT0001267,TXN00038938,2025-07-24 00:26:49,Wallet,Mumbai,Fuel,M1253,C82713,768.58,0.519,velocity,Low,Open,0,0,Queue
ALT0001268,TXN00021024,2025-07-24 00:28:30,Card,Ahmedabad,Electronics,M1270,C48766,38608.79,0.53,night_burst,Low,Cleared,1,0,Done
ALT0001269,TXN00033077,2025-07-24 00:32:44,UPI,Indore,Food Delivery,M1232,C82952,26633.82,0.821,device,Critical,Escalated,0,0,Queue
ALT0001270,TXN00037061,2025-07-24 00:33:34,Wallet,Surat,Healthcare,M1049,C52024,74517.77,0.594,night_burst,Medium,Cleared,1,0,Done
ALT0001271,TXN00031287,2025-07-24 00:37:05,UPI,Ahmedabad,Grocery,M1516,C66704,1630.07,0.547,new_payee,Low,Cleared,1,0,Done
ALT0001272,TXN00016705,2025-07-24 00:37:45,UPI,Chennai,Grocery,M1749,C74960,452.83,0.522,device,Low,Cleared,1,0,Done
ALT0001273,TXN00008918,2025-07-24 00:41:38,UPI,Kolkata,Grocery,M1693,C83449,921.69,0.523,night_burst,Low,Escalated,0,0,Queue
ALT0001274,TXN00035730,2025-07-24 00:43:44,Card,Pune,Gaming,M1527,C79687,12689.95,0.516,geo_mismatch,Low,Blocked,1,1,Done
ALT0001275,TXN00011113,2025-07-24 00:48:32,UPI,Nagpur,Grocery,M1068,C24835,3798.77,0.61,velocity,Medium,Cleared,1,0,Done
ALT0001276,TXN00002656,2025-07-24 00:53:39,UPI,Mumbai,Gaming,M1792,C13783,31657.84,0.812,velocity,High,Blocked,0,1,Done
ALT0001277,TXN00038800,2025-07-24 00:59:44,Card,Pune,Education,M1851,C33932,31617.79,0.575,velocity,Medium,Investigating,0,0,Queue
ALT0001278,TXN00032796,2025-07-24 01:01:20,UPI,Delhi,Food Delivery,M1471,C31888,3869.57,0.592,new_payee,Medium,Cleared,1,0,Done
ALT0001279,TXN00026855,2025-07-24 01:01:32,UPI,Pune,Electronics,M1154,C40479,1928.51,0.697,velocity,High,Blocked,0,1,Done
ALT0001280,TXN00011542,2025-07-24 01:06:05,UPI,Surat,Food Delivery,M1756,C85252,347.2,0.572,geo_mismatch,Medium,Investigating,0,0,Queue
ALT0001281,TXN00022161,2025-07-24 01:15:04,Card,Lucknow,Food Delivery,M1732,C37439,2158.28,0.544,night_burst,Low,Cleared,1,0,Done
ALT0001282,TXN00033240,2025-07-24 01:22:15,Wallet,Chennai,Gaming,M1371,C71524,205.94,0.617,night_burst,Medium,Investigating,0,0,Queue
ALT0001283,TXN00025712,2025-07-24 01:26:55,UPI,Surat,Healthcare,M1884,C30756,4229.06,0.534,night_burst,Low,Cleared,1,0,Done
ALT0001284,TXN00030545,2025-07-24 01:30:41,UPI,Surat,Fashion,M1862,C20612,980.68,0.584,velocity,Medium,Open,0,0,Queue
ALT0001285,TXN00040966,2025-07-24 01:37:44,UPI,Chandigarh,Food Delivery,M1638,C27199,3436.53,0.6,new_payee,Medium,Open,0,0,Queue
ALT0001286,TXN00041444,2025-07-24 01:38:09,Card,Kolkata,Grocery,M1397,C49989,7209.97,0.611,velocity,Medium,Investigating,0,0,Queue
ALT0001287,TXN00012113,2025-07-24 01:49:40,UPI,Ahmedabad,Food Delivery,M1026,C25994,3971.54,0.656,geo_mismatch,Medium,Cleared,1,0,Done
ALT0001288,TXN00045239,2025-07-24 01:50:14,UPI,Kolkata,Utilities,M1593,C13639,545.67,0.49,velocity,Low,Investigating,0,0,Queue
ALT0001289,TXN00006605,2025-07-24 01:52:35,Card,Surat,Education,M1879,C87262,4890.92,0.612,velocity,Medium,Blocked,1,1,Done
ALT0001290,TXN00034438,2025-07-24 01:52:49,UPI,Indore,Utilities,M1447,C81618,1983.06,0.481,night_burst,Low,Blocked,1,1,Done
ALT0001291,TXN00003867,2025-07-24 02:04:37,UPI,Bengaluru,Healthcare,M1124,C20319,28981.34,0.591,velocity,Medium,Blocked,0,1,Done
ALT0001292,TXN00008343,2025-07-24 02:05:17,UPI,Pune,Grocery,M1587,C59819,48994.29,0.552,velocity,Medium,Blocked,1,1,Done
ALT0001293,TXN00035269,2025-07-24 02:07:56,Card,Nagpur,Electronics,M1747,C43785,4926.78,0.567,velocity,Medium,Investigating,0,0,Queue
ALT0001294,TXN00003218,2025-07-24 02:09:36,Wallet,Kochi,Food Delivery,M1341,C75643,14941.94,0.559,new_payee,Medium,Blocked,1,1,Done
ALT0001295,TXN00005551,2025-07-24 02:11:04,Wallet,Nagpur,Fuel,M1557,C77107,3453.62,0.512,velocity,Low,Open,0,0,Queue
ALT0001296,TXN00035845,2025-07-24 02:12:37,Card,Kochi,Grocery,M1031,C51020,17105.98,0.61,velocity,Medium,Cleared,1,0,Done
ALT0001297,TXN00044112,2025-07-24 02:13:53,UPI,Kochi,Travel,M1230,C88775,1083.92,0.562,velocity,Medium,Escalated,0,0,Queue
ALT0001298,TXN00015621,2025-07-24 02:16:32,Card,Chandigarh,Food Delivery,M1458,C58970,6483.17,0.607,night_burst,Medium,Blocked,1,1,Done
ALT0001299,TXN00042827,2025-07-24 02:17:19,Card,Ahmedabad,Education,M1162,C24720,2725.03,0.498,night_burst,Low,Cleared,1,0,Done
ALT0001300,TXN00031668,2025-07-24 02:20:18,Card,Kolkata,Grocery,M1124,C33611,9261.46,0.494,velocity,Low,Cleared,1,0,Done
ALT0001301,TXN00030123,2025-07-24 02:20:26,UPI,Surat,Fashion,M1670,C38015,4799.7,0.6,new_payee,Medium,Cleared,1,0,Done
ALT0001302,TXN00011496,2025-07-24 02:27:19,UPI,Jaipur,Grocery,M1601,C79124,100.87,0.573,velocity,Medium,Blocked,1,1,Done
ALT0001303,TXN00023403,2025-07-24 02:31:21,UPI,Lucknow,Gaming,M1722,C31569,1019.9,0.586,velocity,Medium,Cleared,1,0,Done
ALT0001304,TXN00046876,2025-07-24 02:32:43,Card,Chandigarh,Fuel,M1255,C54567,50206.84,0.499,amount_spike,Low,Investigating,0,0,Queue
ALT0001305,TXN00030982,2025-07-24 02:38:32,Card,Bengaluru,Healthcare,M1696,C77672,14367.15,0.486,velocity,Low,Open,0,0,Queue
ALT0001306,TXN00022472,2025-07-24 02:42:44,UPI,Kolkata,Grocery,M1778,C80370,667.64,0.567,night_burst,Medium,Investigating,0,0,Queue
ALT0001307,TXN00008139,2025-07-24 02:47:19,Card,Chandigarh,Food Delivery,M1469,C35836,3379.7,0.59,velocity,Medium,Investigating,0,0,Queue
ALT0001308,TXN00036517,2025-07-24 02:54:48,UPI,Hyderabad,Grocery,M1645,C52475,809.81,0.491,velocity,Low,Investigating,0,0,Queue
ALT0001309,TXN00017371,2025-07-24 02:55:18,Wallet,Ahmedabad,Travel,M1059,C68582,5543.11,0.64,device,Medium,Blocked,1,1,Done
ALT0001310,TXN00023519,2025-07-24 02:57:23,UPI,Indore,Gaming,M1397,C12030,2981.65,0.596,night_burst,Medium,Investigating,0,0,Queue
ALT0001311,TXN00034085,2025-07-24 02:58:06,UPI,Kochi,Food Delivery,M1518,C21311,3033.92,0.554,device,Medium,Investigating,0,0,Queue
ALT0001312,TXN00030409,2025-07-24 03:00:09,UPI,Lucknow,Travel,M1208,C33335,2799.29,0.505,night_burst,Low,Investigating,0,0,Queue
ALT0001313,TXN00036917,2025-07-24 03:02:31,UPI,Mumbai,Grocery,M1099,C42368,2403.54,0.537,velocity,Low,Cleared,1,0,Done
ALT0001314,TXN00028773,2025-07-24 03:06:53,UPI,Kochi,Healthcare,M1478,C18918,4752.03,0.574,new_payee,Medium,Blocked,1,1,Done
ALT0001315,TXN00008039,2025-07-24 03:06:56,Card,Indore,Utilities,M1006,C15914,241042.78,0.738,velocity,High,Blocked,0,1,Done
ALT0001316,TXN00022359,2025-07-24 03:13:22,UPI,Kolkata,Grocery,M1275,C52620,9547.34,0.51,velocity,Low,Investigating,0,0,Queue
ALT0001317,TXN00016628,2025-07-24 03:15:54,Wallet,Lucknow,Food Delivery,M1512,C53578,5668.3,0.514,velocity,Low,Cleared,1,0,Done
ALT0001318,TXN00024714,2025-07-24 03:18:41,UPI,Kochi,Fashion,M1546,C28571,5438.84,0.517,night_burst,Low,Cleared,1,0,Done
ALT0001319,TXN00002797,2025-07-24 03:20:10,UPI,Bengaluru,Electronics,M1877,C35895,5818.91,0.638,night_burst,Medium,Open,0,0,Queue
ALT0001320,TXN00022583,2025-07-24 03:26:40,UPI,Chandigarh,Fashion,M1279,C59228,1644.68,0.505,velocity,Low,Blocked,1,1,Done
ALT0001321,TXN00020527,2025-07-24 03:26:41,Wallet,Indore,Grocery,M1686,C62514,33449.84,0.527,new_payee,Low,Open,0,0,Queue
ALT0001322,TXN00017978,2025-07-24 03:29:34,Card,Nagpur,Education,M1830,C86628,26586.17,0.571,new_payee,Medium,Cleared,1,0,Done
ALT0001323,TXN00032294,2025-07-24 03:31:21,UPI,Chandigarh,Fuel,M1067,C85368,4104.33,0.521,night_burst,Low,Cleared,1,0,Done
ALT0001324,TXN00000506,2025-07-24 03:34:15,UPI,Jaipur,Grocery,M1446,C40082,455.47,0.655,device,Medium,Blocked,1,1,Done
ALT0001325,TXN00044311,2025-07-24 03:40:20,UPI,Lucknow,Fashion,M1679,C63232,3155.1,0.515,velocity,Low,Cleared,1,0,Done
ALT0001326,TXN00007931,2025-07-24 03:42:35,Card,Ahmedabad,Utilities,M1693,C18187,11439.73,0.611,velocity,Medium,Investigating,0,0,Queue
ALT0001327,TXN00033533,2025-07-24 03:42:38,Card,Bengaluru,Fuel,M1475,C86522,5400.74,0.717,velocity,High,Blocked,0,1,Done
ALT0001328,TXN00035723,2025-07-24 04:00:47,Wallet,Delhi,Utilities,M1256,C35088,903.3,0.524,velocity,Low,Cleared,1,0,Done
ALT0001329,TXN00028303,2025-07-24 04:06:15,Card,Jaipur,Utilities,M1521,C43644,4429.66,0.629,night_burst,Medium,Investigating,0,0,Queue
ALT0001330,TXN00010267,2025-07-24 04:07:15,Card,Delhi,Fashion,M1466,C75141,26833.48,0.774,velocity,High,Investigating,0,0,Queue
ALT0001331,TXN00002565,2025-07-24 04:16:45,UPI,Surat,Grocery,M1177,C85572,73427.71,0.605,velocity,Medium,Cleared,1,0,Done
ALT0001332,TXN00040706,2025-07-24 04:29:58,UPI,Jaipur,Fuel,M1028,C17608,4928.86,0.504,night_burst,Low,Investigating,0,0,Queue
ALT0001333,TXN00015272,2025-07-24 04:32:27,UPI,Surat,Utilities,M1290,C60497,2459.63,0.618,velocity,Medium,Investigating,0,0,Queue
ALT0001334,TXN00000907,2025-07-24 04:34:00,UPI,Indore,Grocery,M1019,C13131,10414.69,0.564,new_payee,Medium,Blocked,0,1,Done
ALT0001335,TXN00016161,2025-07-24 04:34:55,UPI,Nagpur,Grocery,M1454,C71824,433.75,0.536,night_burst,Low,Open,0,0,Queue
ALT0001336,TXN00015574,2025-07-24 04:39:32,Card,Bengaluru,Fuel,M1056,C67679,18418.79,0.568,velocity,Medium,Investigating,0,0,Queue
ALT0001337,TXN00015470,2025-07-24 04:40:03,UPI,Pune,Food Delivery,M1021,C67547,1191.4,0.493,velocity,Low,Open,0,0,Queue
ALT0001338,TXN00003911,2025-07-24 04:41:12,Wallet,Chandigarh,Healthcare,M1108,C78548,2593.85,0.611,velocity,Medium,Open,0,0,Queue
ALT0001339,TXN00024707,2025-07-24 04:44:04,Wallet,Surat,Gaming,M1652,C77647,4089.53,0.588,velocity,Medium,Cleared,1,0,Done
ALT0001340,TXN00033901,2025-07-24 04:46:31,Card,Jaipur,Travel,M1665,C59706,23504.91,0.516,velocity,Low,Open,0,0,Queue
ALT0001341,TXN00022676,2025-07-24 04:48:45,UPI,Hyderabad,Travel,M1879,C11772,7690.28,0.609,velocity,Medium,Escalated,0,0,Queue
ALT0001342,TXN00037717,2025-07-24 04:50:35,UPI,Kolkata,Electronics,M1794,C32018,3956.1,0.788,velocity,High,Blocked,0,1,Done
ALT0001343,TXN00023890,2025-07-24 04:55:19,Wallet,Indore,Education,M1806,C57488,16900.85,0.694,velocity,High,Blocked,0,1,Done
ALT0001344,TXN00035784,2025-07-24 05:24:20,Wallet,Mumbai,Food Delivery,M1592,C30124,1935.57,0.564,geo_mismatch,Medium,Investigating,0,0,Queue
ALT0001345,TXN00016505,2025-07-24 05:48:56,Wallet,Kolkata,Electronics,M1864,C49353,14100.38,0.493,device,Low,Investigating,0,0,Queue
ALT0001346,TXN00027094,2025-07-24 06:26:08,Wallet,Lucknow,Utilities,M1099,C76031,745.94,0.604,device,Medium,Open,0,0,Queue
ALT0001347,TXN00007113,2025-07-24 06:41:51,UPI,Jaipur,Fashion,M1346,C53045,26985.83,0.652,amount_spike,Medium,Investigating,0,0,Queue
ALT0001348,TXN00018701,2025-07-24 07:08:51,UPI,Chandigarh,Travel,M1128,C39493,8501.84,0.595,new_payee,Medium,Cleared,1,0,Done
ALT0001349,TXN00022545,2025-07-24 07:59:54,UPI,Pune,Fuel,M1874,C81332,6114.81,0.519,new_payee,Low,Open,0,0,Queue
ALT0001350,TXN00011835,2025-07-24 08:11:38,UPI,Nagpur,Electronics,M1157,C39743,753.69,0.576,device,Medium,Blocked,0,1,Done
ALT0001351,TXN00031924,2025-07-24 08:26:32,UPI,Nagpur,Travel,M1541,C55707,3519.41,0.51,device,Low,Cleared,1,0,Done
ALT0001352,TXN00047438,2025-07-24 08:40:48,UPI,Delhi,Fuel,M1007,C53503,11365.07,0.573,geo_mismatch,Medium,Open,0,0,Queue
ALT0001353,TXN00029734,2025-07-24 10:16:29,UPI,Indore,Food Delivery,M1692,C66117,6904.85,0.674,velocity,Medium,Cleared,1,0,Done
ALT0001354,TXN00014472,2025-07-24 10:27:21,UPI,Kochi,Fashion,M1413,C42803,603.11,0.56,geo_mismatch,Medium,Cleared,1,0,Done
ALT0001355,TXN00003826,2025-07-24 10:39:46,UPI,Bengaluru,Grocery,M1131,C48747,2042.87,0.568,velocity,Medium,Open,0,0,Queue
ALT0001356,TXN00017079,2025-07-24 10:56:20,UPI,Ahmedabad,Fuel,M1669,C57909,18700.58,0.575,new_payee,Medium,Cleared,1,0,Done
ALT0001357,TXN00002059,2025-07-24 11:01:26,UPI,Nagpur,Grocery,M1627,C49169,1887.7,0.812,new_payee,High,Escalated,0,0,Queue
ALT0001358,TXN00006630,2025-07-24 11:14:34,Card,Ahmedabad,Grocery,M1767,C40910,2928.02,0.484,geo_mismatch,Low,Cleared,1,0,Done
ALT0001359,TXN00015266,2025-07-24 11:27:31,Card,Mumbai,Grocery,M1680,C71138,5142.96,0.565,geo_mismatch,Medium,Cleared,1,0,Done
ALT0001360,TXN00002376,2025-07-24 11:36:16,Card,Ahmedabad,Education,M1273,C22390,61430.58,0.496,velocity,Low,Cleared,1,0,Done
ALT0001361,TXN00005900,2025-07-24 11:56:23,Card,Nagpur,Fashion,M1307,C42588,33250.29,0.525,velocity,Low,Cleared,1,0,Done
ALT0001362,TXN00011327,2025-07-24 12:56:25,UPI,Delhi,Fuel,M1135,C80846,3463.81,0.545,velocity,Low,Cleared,1,0,Done
ALT0001363,TXN00013549,2025-07-24 13:23:12,Card,Kochi,Fashion,M1401,C85396,158484.99,0.63,velocity,Medium,Cleared,1,0,Done
ALT0001364,TXN00039498,2025-07-24 13:54:52,Card,Kochi,Fuel,M1591,C85869,6420.02,0.597,velocity,Medium,Open,0,0,Queue
ALT0001365,TXN00031073,2025-07-24 14:22:18,UPI,Surat,Grocery,M1796,C58939,609.69,0.626,velocity,Medium,Cleared,1,0,Done
ALT0001366,TXN00033345,2025-07-24 14:28:39,Card,Jaipur,Fashion,M1755,C80058,35450.19,0.602,amount_spike,Medium,Investigating,0,0,Queue
ALT0001367,TXN00011814,2025-07-24 15:16:37,UPI,Delhi,Food Delivery,M1665,C60953,1583.97,0.503,device,Low,Cleared,1,0,Done
ALT0001368,TXN00019038,2025-07-24 15:21:25,UPI,Surat,Food Delivery,M1027,C84376,6679.75,0.563,geo_mismatch,Medium,Open,0,0,Queue
ALT0001369,TXN00024580,2025-07-24 15:27:21,UPI,Mumbai,Education,M1181,C75817,16464.64,0.594,velocity,Medium,Open,0,0,Queue
ALT0001370,TXN00035662,2025-07-24 15:57:31,UPI,Surat,Grocery,M1060,C28218,26925.49,0.635,velocity,Medium,Investigating,0,0,Queue
ALT0001371,TXN00043068,2025-07-24 16:45:57,Wallet,Bengaluru,Fashion,M1622,C81460,4313.94,0.525,new_payee,Low,Investigating,0,0,Queue
ALT0001372,TXN00038566,2025-07-24 16:48:31,UPI,Surat,Fuel,M1606,C55011,21228.93,0.628,device,Medium,Investigating,0,0,Queue
ALT0001373,TXN00014099,2025-07-24 17:35:25,UPI,Chennai,Education,M1591,C45480,6000.25,0.623,new_payee,Medium,Investigating,0,0,Queue
ALT0001374,TXN00044569,2025-07-24 17:54:23,Wallet,Pune,Gaming,M1606,C72224,2524.91,0.498,velocity,Low,Open,0,0,Queue
ALT0001375,TXN00008578,2025-07-24 18:26:03,UPI,Kochi,Grocery,M1115,C56438,25931.48,0.622,new_payee,Medium,Investigating,0,0,Queue
ALT0001376,TXN00009538,2025-07-24 19:00:44,UPI,Chennai,Fashion,M1487,C14083,811.95,0.498,velocity,Low,Cleared,1,0,Done
ALT0001377,TXN00043298,2025-07-24 19:53:11,Card,Pune,Education,M1374,C37466,12627.13,0.538,velocity,Low,Cleared,1,0,Done
ALT0001378,TXN00047027,2025-07-24 20:50:41,UPI,Ahmedabad,Education,M1847,C30437,12142.93,0.611,velocity,Medium,Blocked,0,1,Done
ALT0001379,TXN00009716,2025-07-24 20:52:37,Card,Kochi,Grocery,M1307,C13117,1353.93,0.731,device,High,Blocked,0,1,Done
ALT0001380,TXN00008712,2025-07-24 20:56:54,UPI,Pune,Fuel,M1368,C59601,2437.35,0.63,velocity,Medium,Investigating,0,0,Queue
ALT0001381,TXN00017554,2025-07-24 21:18:52,UPI,Jaipur,Healthcare,M1320,C57225,63719.1,0.538,velocity,Low,Cleared,1,0,Done
ALT0001382,TXN00028873,2025-07-24 22:07:35,UPI,Ahmedabad,Fashion,M1464,C82503,2548.84,0.501,velocity,Low,Cleared,1,0,Done
ALT0001383,TXN00028971,2025-07-24 22:50:28,Card,Chennai,Travel,M1218,C37497,26774.72,0.611,velocity,Medium,Open,0,0,Queue
ALT0001384,TXN00040892,2025-07-24 22:56:34,Wallet,Pune,Gaming,M1115,C77499,2063.49,0.499,device,Low,Blocked,1,1,Done
ALT0001385,TXN00036551,2025-07-24 23:00:01,UPI,Kochi,Fuel,M1492,C86155,363.61,0.607,velocity,Medium,Open,0,0,Queue
ALT0001386,TXN00042264,2025-07-24 23:03:42,UPI,Kochi,Fashion,M1551,C84421,14999.02,0.528,new_payee,Low,Open,0,0,Queue
ALT0001387,TXN00012512,2025-07-24 23:04:44,Card,Lucknow,Electronics,M1102,C74743,4303.92,0.589,velocity,Medium,Cleared,1,0,Done
ALT0001388,TXN00043864,2025-07-24 23:06:25,Card,Pune,Food Delivery,M1650,C87942,8195.16,0.514,velocity,Low,Cleared,1,0,Done
ALT0001389,TXN00037120,2025-07-24 23:18:03,UPI,Ahmedabad,Utilities,M1802,C27299,5351.02,0.64,night_burst,Medium,Cleared,1,0,Done
ALT0001390,TXN00007764,2025-07-24 23:20:21,Card,Bengaluru,Grocery,M1698,C46502,5430.32,0.486,velocity,Low,Cleared,1,0,Done
ALT0001391,TXN00003560,2025-07-24 23:23:54,UPI,Mumbai,Travel,M1359,C53080,4409.51,0.594,velocity,Medium,Cleared,1,0,Done
ALT0001392,TXN00015252,2025-07-24 23:25:01,Card,Nagpur,Food Delivery,M1175,C44701,6439.62,0.648,device,Medium,Cleared,1,0,Done
ALT0001393,TXN00013325,2025-07-24 23:27:24,Wallet,Surat,Healthcare,M1584,C23130,1182.72,0.752,new_payee,High,Blocked,0,1,Done
ALT0001394,TXN00047760,2025-07-24 23:33:41,UPI,Jaipur,Grocery,M1498,C87777,513.97,0.62,device,Medium,Investigating,0,0,Queue
ALT0001395,TXN00031457,2025-07-24 23:45:08,UPI,Mumbai,Electronics,M1819,C82692,9391.26,0.596,new_payee,Medium,Cleared,1,0,Done
ALT0001396,TXN00013945,2025-07-24 23:54:07,UPI,Chandigarh,Food Delivery,M1054,C48306,3114.92,0.575,new_payee,Medium,Cleared,1,0,Done
ALT0001397,TXN00005179,2025-07-25 00:02:32,Card,Indore,Healthcare,M1252,C33119,1597.34,0.494,velocity,Low,Open,0,0,Queue
ALT0001398,TXN00032819,2025-07-25 00:11:46,Wallet,Pune,Food Delivery,M1469,C24614,4644.96,0.483,night_burst,Low,Open,0,0,Queue
ALT0001399,TXN00007883,2025-07-25 00:12:35,UPI,Delhi,Healthcare,M1527,C64107,11756.75,0.632,geo_mismatch,Medium,Investigating,0,0,Queue
ALT0001400,TXN00018500,2025-07-25 00:15:50,Card,Nagpur,Grocery,M1277,C63509,11271.73,0.549,velocity,Low,Cleared,1,0,Done
ALT0001401,TXN00025707,2025-07-25 00:18:26,UPI,Mumbai,Fashion,M1523,C71098,1998.69,0.564,velocity,Medium,Cleared,1,0,Done
ALT0001402,TXN00027135,2025-07-25 00:18:30,UPI,Jaipur,Gaming,M1859,C38618,2897.69,0.653,device,Medium,Investigating,0,0,Queue
ALT0001403,TXN00029129,2025-07-25 00:27:02,Card,Lucknow,Fashion,M1329,C56605,2404.62,0.539,velocity,Low,Open,0,0,Queue
ALT0001404,TXN00003633,2025-07-25 00:30:19,Wallet,Chandigarh,Healthcare,M1032,C82721,72.64,0.77,velocity,High,Blocked,0,1,Done
ALT0001405,TXN00042112,2025-07-25 00:36:17,UPI,Kochi,Fashion,M1503,C25404,11245.21,0.618,velocity,Medium,Open,0,0,Queue
ALT0001406,TXN00017439,2025-07-25 00:39:48,Wallet,Jaipur,Utilities,M1168,C68171,2274.1,0.505,night_burst,Low,Investigating,0,0,Queue
ALT0001407,TXN00042478,2025-07-25 00:43:49,Wallet,Nagpur,Fashion,M1397,C12367,2626.76,0.52,night_burst,Low,Investigating,0,0,Queue
ALT0001408,TXN00025588,2025-07-25 00:47:06,Card,Chennai,Gaming,M1177,C86909,35530.86,0.567,velocity,Medium,Blocked,0,1,Done
ALT0001409,TXN00009551,2025-07-25 00:48:26,Wallet,Bengaluru,Fuel,M1871,C24639,3079.38,0.551,new_payee,Medium,Blocked,0,1,Done
ALT0001410,TXN00033316,2025-07-25 00:48:59,Card,Bengaluru,Fashion,M1468,C68798,9770.91,0.715,device,High,Cleared,0,0,Done
ALT0001411,TXN00041889,2025-07-25 00:49:33,UPI,Hyderabad,Utilities,M1348,C60083,10158.1,0.552,device,Medium,Cleared,1,0,Done
ALT0001412,TXN00022080,2025-07-25 00:54:29,UPI,Lucknow,Healthcare,M1260,C29020,12078.46,0.596,velocity,Medium,Investigating,0,0,Queue
ALT0001413,TXN00047168,2025-07-25 01:01:46,UPI,Jaipur,Food Delivery,M1749,C49229,107833.98,0.496,night_burst,Low,Cleared,1,0,Done
ALT0001414,TXN00002232,2025-07-25 01:03:41,UPI,Bengaluru,Education,M1253,C46096,9342.13,0.767,device,High,Open,0,0,Queue
ALT0001415,TXN00001925,2025-07-25 01:12:21,UPI,Mumbai,Utilities,M1210,C72260,649.67,0.562,velocity,Medium,Investigating,0,0,Queue
ALT0001416,TXN00003465,2025-07-25 01:23:29,UPI,Lucknow,Food Delivery,M1340,C86985,384.58,0.519,new_payee,Low,Blocked,0,1,Done
ALT0001417,TXN00043134,2025-07-25 01:24:32,UPI,Kolkata,Fuel,M1574,C40285,6402.07,0.836,night_burst,Critical,Blocked,0,1,Done
ALT0001418,TXN00009589,2025-07-25 01:31:12,Wallet,Nagpur,Food Delivery,M1808,C62179,4525.04,0.731,geo_mismatch,High,Cleared,0,0,Done
ALT0001419,TXN00047568,2025-07-25 01:31:47,Wallet,Kochi,Food Delivery,M1794,C44625,4139.98,0.606,night_burst,Medium,Escalated,0,0,Queue
ALT0001420,TXN00017361,2025-07-25 01:32:03,UPI,Bengaluru,Electronics,M1806,C51222,615.55,0.519,velocity,Low,Cleared,1,0,Done
ALT0001421,TXN00029828,2025-07-25 01:33:41,UPI,Bengaluru,Electronics,M1591,C44000,8919.23,0.485,velocity,Low,Open,0,0,Queue
ALT0001422,TXN00013273,2025-07-25 01:38:07,Wallet,Hyderabad,Grocery,M1265,C16233,1961.92,0.497,velocity,Low,Investigating,0,0,Queue
ALT0001423,TXN00029186,2025-07-25 01:44:05,UPI,Jaipur,Food Delivery,M1664,C43207,4777.85,0.656,night_burst,Medium,Open,0,0,Queue
ALT0001424,TXN00018143,2025-07-25 01:49:15,UPI,Lucknow,Education,M1740,C33343,4511.78,0.532,night_burst,Low,Cleared,1,0,Done
ALT0001425,TXN00023296,2025-07-25 01:52:12,Card,Delhi,Electronics,M1720,C26259,3541.6,0.613,velocity,Medium,Blocked,0,1,Done
ALT0001426,TXN00007756,2025-07-25 01:55:31,Card,Bengaluru,Electronics,M1606,C82687,19128.63,0.491,amount_spike,Low,Open,0,0,Queue
ALT0001427,TXN00011376,2025-07-25 02:09:50,Wallet,Nagpur,Grocery,M1811,C38502,756.59,0.56,velocity,Medium,Cleared,1,0,Done
ALT0001428,TXN00023816,2025-07-25 02:11:17,Wallet,Pune,Food Delivery,M1654,C20623,2761.57,0.579,night_burst,Medium,Investigating,0,0,Queue
ALT0001429,TXN00027996,2025-07-25 02:13:25,UPI,Bengaluru,Fashion,M1608,C28605,1238.97,0.81,night_burst,High,Cleared,0,0,Done
ALT0001430,TXN00016878,2025-07-25 02:21:41,Card,Mumbai,Grocery,M1466,C32562,40093.22,0.507,amount_spike,Low,Blocked,0,1,Done
ALT0001431,TXN00012419,2025-07-25 02:21:49,UPI,Jaipur,Food Delivery,M1623,C12211,4952.0,0.517,velocity,Low,Cleared,1,0,Done
ALT0001432,TXN00029839,2025-07-25 02:26:03,UPI,Jaipur,Healthcare,M1729,C26105,4248.36,0.561,velocity,Medium,Blocked,0,1,Done
ALT0001433,TXN00015646,2025-07-25 02:28:56,UPI,Mumbai,Fuel,M1852,C61771,3473.08,0.513,velocity,Low,Blocked,1,1,Done
ALT0001434,TXN00003104,2025-07-25 02:35:58,UPI,Hyderabad,Healthcare,M1839,C56429,1960.62,0.482,velocity,Low,Investigating,0,0,Queue
ALT0001435,TXN00012834,2025-07-25 02:37:08,UPI,Bengaluru,Electronics,M1367,C32846,5573.7,0.699,device,High,Blocked,0,1,Done
ALT0001436,TXN00037950,2025-07-25 02:38:19,Card,Pune,Education,M1133,C32744,11416.2,0.599,velocity,Medium,Open,0,0,Queue
ALT0001437,TXN00006089,2025-07-25 02:46:07,UPI,Mumbai,Healthcare,M1826,C76524,1358.29,0.639,night_burst,Medium,Cleared,1,0,Done
ALT0001438,TXN00030890,2025-07-25 02:47:38,UPI,Bengaluru,Gaming,M1479,C51009,4596.5,0.537,velocity,Low,Cleared,1,0,Done
ALT0001439,TXN00038604,2025-07-25 02:50:40,UPI,Ahmedabad,Grocery,M1160,C43822,166.2,0.562,geo_mismatch,Medium,Cleared,1,0,Done
ALT0001440,TXN00033895,2025-07-25 02:54:47,Card,Chandigarh,Grocery,M1214,C53660,4603.15,0.72,velocity,High,Blocked,0,1,Done
ALT0001441,TXN00031648,2025-07-25 02:55:27,Card,Nagpur,Fuel,M1698,C55854,1100.75,0.981,geo_mismatch,Critical,Investigating,0,0,Queue
ALT0001442,TXN00033960,2025-07-25 02:57:51,Wallet,Chandigarh,Travel,M1279,C43343,1290.04,0.513,night_burst,Low,Open,0,0,Queue
ALT0001443,TXN00038640,2025-07-25 02:58:04,UPI,Bengaluru,Electronics,M1074,C38302,19131.59,0.619,amount_spike,Medium,Investigating,0,0,Queue
ALT0001444,TXN00006340,2025-07-25 02:58:35,Wallet,Lucknow,Electronics,M1743,C80935,8673.47,0.52,velocity,Low,Cleared,1,0,Done
ALT0001445,TXN00006226,2025-07-25 03:03:13,Card,Mumbai,Fashion,M1016,C11129,1756.39,0.554,velocity,Medium,Blocked,0,1,Done
ALT0001446,TXN00047535,2025-07-25 03:04:55,Card,Ahmedabad,Travel,M1812,C73175,20269.28,0.582,amount_spike,Medium,Investigating,0,0,Queue
ALT0001447,TXN00020705,2025-07-25 03:06:03,Wallet,Surat,Healthcare,M1695,C52371,1010.17,0.644,device,Medium,Blocked,0,1,Done
ALT0001448,TXN00007339,2025-07-25 03:07:10,Wallet,Chennai,Utilities,M1502,C12585,126.13,0.717,night_burst,High,Blocked,0,1,Done
ALT0001449,TXN00011663,2025-07-25 03:18:52,Card,Chandigarh,Electronics,M1639,C85010,11597.99,0.576,new_payee,Medium,Cleared,1,0,Done
ALT0001450,TXN00013257,2025-07-25 03:25:39,UPI,Pune,Education,M1698,C22008,6447.81,0.535,night_burst,Low,Cleared,1,0,Done
ALT0001451,TXN00022106,2025-07-25 03:28:36,Card,Hyderabad,Grocery,M1317,C52177,37435.79,0.664,amount_spike,Medium,Cleared,1,0,Done
ALT0001452,TXN00017125,2025-07-25 03:30:42,UPI,Lucknow,Electronics,M1143,C12439,3242.91,0.626,new_payee,Medium,Open,0,0,Queue
ALT0001453,TXN00035027,2025-07-25 03:32:35,UPI,Pune,Fuel,M1664,C46588,2042.13,0.567,device,Medium,Investigating,0,0,Queue
ALT0001454,TXN00010976,2025-07-25 03:32:42,Card,Jaipur,Travel,M1484,C48869,2276.06,0.537,night_burst,Low,Open,0,0,Queue
ALT0001455,TXN00046368,2025-07-25 03:33:21,UPI,Nagpur,Food Delivery,M1575,C83796,712.75,0.599,velocity,Medium,Investigating,0,0,Queue
ALT0001456,TXN00021861,2025-07-25 03:35:38,UPI,Surat,Fuel,M1325,C39656,5390.56,0.825,velocity,Critical,Investigating,0,0,Queue
ALT0001457,TXN00036487,2025-07-25 03:39:12,UPI,Lucknow,Healthcare,M1276,C78895,9650.75,0.486,new_payee,Low,Blocked,1,1,Done
ALT0001458,TXN00045571,2025-07-25 03:43:39,Wallet,Kolkata,Education,M1108,C20799,795.74,0.658,geo_mismatch,Medium,Cleared,1,0,Done
ALT0001459,TXN00010860,2025-07-25 03:43:57,Wallet,Nagpur,Fuel,M1622,C43887,15358.25,0.573,amount_spike,Medium,Investigating,0,0,Queue
ALT0001460,TXN00034861,2025-07-25 03:47:10,UPI,Bengaluru,Grocery,M1807,C64823,2398.76,0.586,velocity,Medium,Cleared,1,0,Done
ALT0001461,TXN00042671,2025-07-25 03:54:29,UPI,Indore,Fashion,M1159,C88266,885.63,0.836,night_burst,Critical,Blocked,0,1,Done
ALT0001462,TXN00004365,2025-07-25 04:00:52,Wallet,Bengaluru,Gaming,M1812,C35694,643.33,0.61,velocity,Medium,Open,0,0,Queue
ALT0001463,TXN00017506,2025-07-25 04:03:48,UPI,Chennai,Food Delivery,M1466,C45451,2103.91,0.49,night_burst,Low,Cleared,1,0,Done
ALT0001464,TXN00009557,2025-07-25 04:04:03,Card,Lucknow,Gaming,M1241,C56299,14680.04,0.547,new_payee,Low,Cleared,1,0,Done
ALT0001465,TXN00040730,2025-07-25 04:08:12,Card,Bengaluru,Fashion,M1769,C65229,4337.43,0.622,velocity,Medium,Cleared,1,0,Done
ALT0001466,TXN00023079,2025-07-25 04:10:42,Card,Jaipur,Fashion,M1449,C66763,11134.98,0.542,velocity,Low,Investigating,0,0,Queue
ALT0001467,TXN00040900,2025-07-25 04:15:19,UPI,Chennai,Healthcare,M1878,C85041,7192.02,0.493,night_burst,Low,Escalated,0,0,Queue
ALT0001468,TXN00035981,2025-07-25 04:22:07,Card,Kolkata,Gaming,M1336,C13741,1741.13,0.668,night_burst,Medium,Investigating,0,0,Queue
ALT0001469,TXN00001676,2025-07-25 04:27:46,UPI,Indore,Grocery,M1677,C34013,687.47,0.609,new_payee,Medium,Investigating,0,0,Queue
ALT0001470,TXN00039803,2025-07-25 04:35:39,UPI,Surat,Utilities,M1699,C77203,2298.57,0.771,night_burst,High,Blocked,0,1,Done
ALT0001471,TXN00041476,2025-07-25 04:36:54,UPI,Pune,Grocery,M1502,C49317,1534.35,0.567,velocity,Medium,Investigating,0,0,Queue
ALT0001472,TXN00014215,2025-07-25 04:38:02,UPI,Bengaluru,Utilities,M1563,C24472,5949.22,0.576,night_burst,Medium,Cleared,1,0,Done
ALT0001473,TXN00033067,2025-07-25 04:50:31,UPI,Kochi,Electronics,M1869,C12831,8290.52,0.599,velocity,Medium,Cleared,1,0,Done
ALT0001474,TXN00043982,2025-07-25 04:53:50,Card,Lucknow,Grocery,M1410,C86413,2083.41,0.824,new_payee,Critical,Blocked,0,1,Done
ALT0001475,TXN00006323,2025-07-25 04:56:36,UPI,Indore,Food Delivery,M1046,C42346,597.47,0.603,new_payee,Medium,Cleared,1,0,Done
ALT0001476,TXN00045492,2025-07-25 04:58:05,Wallet,Indore,Grocery,M1548,C18508,847.53,0.603,velocity,Medium,Blocked,0,1,Done
ALT0001477,TXN00027916,2025-07-25 04:59:00,UPI,Mumbai,Utilities,M1245,C71652,7867.05,0.541,velocity,Low,Cleared,1,0,Done
ALT0001478,TXN00031955,2025-07-25 04:59:21,UPI,Jaipur,Fashion,M1631,C14961,3017.28,0.696,device,High,Blocked,1,1,Done
ALT0001479,TXN00004027,2025-07-25 05:02:23,UPI,Indore,Food Delivery,M1301,C14496,4176.97,0.632,velocity,Medium,Open,0,0,Queue
ALT0001480,TXN00009345,2025-07-25 05:46:25,Card,Jaipur,Gaming,M1422,C66859,46508.26,0.597,velocity,Medium,Investigating,0,0,Queue
ALT0001481,TXN00001670,2025-07-25 05:57:53,UPI,Chandigarh,Gaming,M1258,C10194,3421.33,0.553,geo_mismatch,Medium,Investigating,0,0,Queue
ALT0001482,TXN00041179,2025-07-25 06:11:17,UPI,Chennai,Electronics,M1171,C53630,27954.1,0.596,amount_spike,Medium,Investigating,0,0,Queue
ALT0001483,TXN00042022,2025-07-25 06:22:13,UPI,Mumbai,Food Delivery,M1490,C74056,672.35,0.488,velocity,Low,Investigating,0,0,Queue
ALT0001484,TXN00026753,2025-07-25 06:25:30,Card,Chennai,Gaming,M1813,C85128,20016.53,0.615,amount_spike,Medium,Cleared,1,0,Done
ALT0001485,TXN00044479,2025-07-25 06:56:10,Card,Kochi,Electronics,M1017,C53954,54757.91,0.653,new_payee,Medium,Blocked,0,1,Done
ALT0001486,TXN00040152,2025-07-25 07:30:41,UPI,Hyderabad,Gaming,M1306,C25047,2536.58,0.51,velocity,Low,Investigating,0,0,Queue
ALT0001487,TXN00003643,2025-07-25 07:45:54,UPI,Chandigarh,Electronics,M1768,C58513,5849.57,0.582,velocity,Medium,Investigating,0,0,Queue
ALT0001488,TXN00017990,2025-07-25 07:46:34,Card,Nagpur,Travel,M1130,C74978,95476.45,0.85,device,Critical,Blocked,0,1,Done
ALT0001489,TXN00022311,2025-07-25 08:02:16,UPI,Hyderabad,Food Delivery,M1171,C13056,1218.88,0.633,velocity,Medium,Investigating,0,0,Queue
ALT0001490,TXN00024672,2025-07-25 08:31:10,UPI,Delhi,Healthcare,M1814,C24074,89872.89,0.735,device,High,Blocked,0,1,Done
ALT0001491,TXN00015020,2025-07-25 08:48:10,Card,Chennai,Food Delivery,M1790,C52156,103282.53,0.518,new_payee,Low,Open,0,0,Queue
ALT0001492,TXN00001039,2025-07-25 09:12:41,Card,Hyderabad,Fuel,M1369,C60844,12468.06,0.49,velocity,Low,Cleared,1,0,Done
ALT0001493,TXN00013169,2025-07-25 09:18:43,UPI,Lucknow,Fashion,M1651,C26781,406.31,0.657,velocity,Medium,Blocked,0,1,Done
ALT0001494,TXN00032863,2025-07-25 09:19:45,Card,Pune,Gaming,M1881,C81320,31978.4,0.734,new_payee,High,Investigating,0,0,Queue
ALT0001495,TXN00043207,2025-07-25 09:44:01,UPI,Surat,Grocery,M1149,C73284,20979.5,0.492,velocity,Low,Open,0,0,Queue
ALT0001496,TXN00018210,2025-07-25 09:56:30,Card,Kochi,Electronics,M1720,C84592,2869.3,0.586,velocity,Medium,Cleared,1,0,Done
ALT0001497,TXN00028997,2025-07-25 09:57:52,Card,Jaipur,Travel,M1326,C64039,3878.41,0.615,new_payee,Medium,Blocked,1,1,Done
ALT0001498,TXN00039366,2025-07-25 10:33:04,Card,Chennai,Grocery,M1045,C40089,33838.36,0.544,new_payee,Low,Blocked,0,1,Done
ALT0001499,TXN00031291,2025-07-25 10:52:57,Card,Mumbai,Fuel,M1784,C51118,4995.44,0.598,new_payee,Medium,Blocked,1,1,Done
ALT0001500,TXN00036450,2025-07-25 11:07:17,UPI,Lucknow,Fashion,M1380,C74994,9433.04,0.521,device,Low,Cleared,1,0,Done
ALT0001501,TXN00024509,2025-07-25 11:22:56,Card,Delhi,Education,M1003,C42250,28315.99,0.518,geo_mismatch,Low,Investigating,0,0,Queue
ALT0001502,TXN00047445,2025-07-25 11:46:33,UPI,Hyderabad,Grocery,M1652,C47482,1326.68,0.618,new_payee,Medium,Open,0,0,Queue
ALT0001503,TXN00037906,2025-07-25 11:54:36,UPI,Chandigarh,Fuel,M1363,C17481,3280.06,0.564,velocity,Medium,Cleared,1,0,Done
ALT0001504,TXN00026170,2025-07-25 12:32:48,Card,Chennai,Travel,M1300,C71964,15170.82,0.487,amount_spike,Low,Cleared,1,0,Done
ALT0001505,TXN00030675,2025-07-25 12:52:12,UPI,Surat,Electronics,M1186,C50636,438.75,0.565,velocity,Medium,Investigating,0,0,Queue
ALT0001506,TXN00044986,2025-07-25 14:09:24,UPI,Delhi,Food Delivery,M1106,C30475,846.11,0.551,device,Medium,Investigating,0,0,Queue
ALT0001507,TXN00011853,2025-07-25 14:18:29,UPI,Pune,Fuel,M1844,C30765,2727.47,0.81,velocity,High,Open,0,0,Queue
ALT0001508,TXN00018408,2025-07-25 14:23:15,Card,Kochi,Fuel,M1383,C30851,14124.42,0.609,velocity,Medium,Open,0,0,Queue
ALT0001509,TXN00004520,2025-07-25 14:29:47,Wallet,Nagpur,Gaming,M1728,C41789,1733.89,0.498,geo_mismatch,Low,Cleared,1,0,Done
ALT0001510,TXN00023217,2025-07-25 14:40:01,Card,Delhi,Electronics,M1832,C74397,13305.07,0.502,velocity,Low,Investigating,0,0,Queue
ALT0001511,TXN00005128,2025-07-25 15:02:25,UPI,Pune,Electronics,M1149,C39020,752.79,0.604,new_payee,Medium,Cleared,1,0,Done
ALT0001512,TXN00031791,2025-07-25 15:03:05,UPI,Chandigarh,Electronics,M1711,C14947,258624.19,0.525,velocity,Low,Investigating,0,0,Queue
ALT0001513,TXN00047621,2025-07-25 15:59:24,Wallet,Pune,Grocery,M1383,C55806,12845.21,0.627,device,Medium,Cleared,1,0,Done
ALT0001514,TXN00005435,2025-07-25 16:42:53,UPI,Mumbai,Fuel,M1218,C50832,81.96,0.61,geo_mismatch,Medium,Investigating,0,0,Queue
ALT0001515,TXN00043205,2025-07-25 16:55:09,Card,Delhi,Education,M1527,C54926,83889.54,0.642,device,Medium,Investigating,0,0,Queue
ALT0001516,TXN00015884,2025-07-25 17:16:11,UPI,Kolkata,Healthcare,M1867,C22950,46626.39,0.569,velocity,Medium,Cleared,1,0,Done
ALT0001517,TXN00027661,2025-07-25 17:24:08,Wallet,Delhi,Food Delivery,M1058,C84174,580.4,0.484,velocity,Low,Open,0,0,Queue
ALT0001518,TXN00022853,2025-07-25 18:47:03,Wallet,Kochi,Food Delivery,M1660,C20954,3032.91,0.508,new_payee,Low,Investigating,0,0,Queue
ALT0001519,TXN00015803,2025-07-25 19:53:55,UPI,Bengaluru,Fashion,M1081,C39561,3878.61,0.574,device,Medium,Blocked,1,1,Done
ALT0001520,TXN00010501,2025-07-25 20:12:47,Card,Nagpur,Electronics,M1045,C47479,3283.92,0.618,velocity,Medium,Cleared,1,0,Done
ALT0001521,TXN00040902,2025-07-25 20:21:30,UPI,Nagpur,Fashion,M1463,C19089,1923.32,0.583,geo_mismatch,Medium,Investigating,0,0,Queue
ALT0001522,TXN00040704,2025-07-25 21:15:48,UPI,Delhi,Food Delivery,M1067,C12878,1916.4,0.54,velocity,Low,Cleared,1,0,Done
ALT0001523,TXN00044298,2025-07-25 21:29:32,UPI,Nagpur,Grocery,M1100,C32261,10566.84,0.658,geo_mismatch,Medium,Cleared,1,0,Done
ALT0001524,TXN00032599,2025-07-25 21:33:00,UPI,Nagpur,Utilities,M1873,C55990,2116.5,0.481,device,Low,Cleared,1,0,Done
ALT0001525,TXN00000470,2025-07-25 21:48:37,UPI,Surat,Healthcare,M1055,C29071,1375.59,0.621,new_payee,Medium,Cleared,1,0,Done
ALT0001526,TXN00009319,2025-07-25 21:49:01,UPI,Lucknow,Healthcare,M1442,C54689,1025.39,0.643,velocity,Medium,Open,0,0,Queue
ALT0001527,TXN00016041,2025-07-25 21:59:44,Card,Chandigarh,Utilities,M1645,C82171,5945.07,0.602,velocity,Medium,Cleared,1,0,Done
ALT0001528,TXN00003860,2025-07-25 22:39:50,UPI,Mumbai,Healthcare,M1076,C62546,8059.86,0.668,device,Medium,Escalated,0,0,Queue
ALT0001529,TXN00022944,2025-07-25 23:02:30,UPI,Surat,Grocery,M1105,C86793,6242.31,0.587,velocity,Medium,Cleared,1,0,Done
ALT0001530,TXN00016167,2025-07-25 23:02:43,Wallet,Delhi,Healthcare,M1236,C66299,5196.55,0.566,night_burst,Medium,Blocked,1,1,Done
ALT0001531,TXN00037488,2025-07-25 23:05:05,UPI,Delhi,Electronics,M1116,C58172,12234.84,0.587,new_payee,Medium,Open,0,0,Queue
ALT0001532,TXN00035704,2025-07-25 23:11:10,Wallet,Nagpur,Utilities,M1044,C89169,597.09,0.56,velocity,Medium,Open,0,0,Queue
ALT0001533,TXN00011774,2025-07-25 23:13:44,Card,Hyderabad,Electronics,M1212,C24350,12507.07,0.591,night_burst,Medium,Blocked,1,1,Done
ALT0001534,TXN00026461,2025-07-25 23:15:27,UPI,Lucknow,Utilities,M1620,C23307,47240.45,0.648,amount_spike,Medium,Investigating,0,0,Queue
ALT0001535,TXN00042059,2025-07-25 23:18:12,UPI,Hyderabad,Healthcare,M1783,C29808,17325.12,0.569,night_burst,Medium,Cleared,1,0,Done
ALT0001536,TXN00041090,2025-07-25 23:20:33,Card,Delhi,Fashion,M1590,C30608,11763.67,0.837,velocity,Critical,Blocked,0,1,Done
ALT0001537,TXN00047399,2025-07-25 23:21:54,UPI,Chandigarh,Healthcare,M1767,C67656,4052.12,0.57,night_burst,Medium,Cleared,1,0,Done
ALT0001538,TXN00026213,2025-07-25 23:26:16,UPI,Mumbai,Education,M1224,C83393,484.18,0.552,night_burst,Medium,Investigating,0,0,Queue
ALT0001539,TXN00025206,2025-07-25 23:29:10,UPI,Delhi,Fashion,M1395,C61639,1166.36,0.507,night_burst,Low,Cleared,1,0,Done
ALT0001540,TXN00036725,2025-07-25 23:31:40,Wallet,Hyderabad,Fashion,M1142,C22431,9708.38,0.533,night_burst,Low,Cleared,1,0,Done
ALT0001541,TXN00003226,2025-07-25 23:34:16,UPI,Mumbai,Food Delivery,M1247,C72946,1336.94,0.64,night_burst,Medium,Open,0,0,Queue
ALT0001542,TXN00030754,2025-07-25 23:35:09,UPI,Delhi,Healthcare,M1386,C49495,6402.65,0.514,velocity,Low,Cleared,1,0,Done
ALT0001543,TXN00006449,2025-07-25 23:36:05,UPI,Ahmedabad,Utilities,M1009,C72232,1307.67,0.771,device,High,Cleared,0,0,Done
ALT0001544,TXN00026862,2025-07-25 23:53:35,Card,Ahmedabad,Travel,M1756,C49853,34578.11,0.538,new_payee,Low,Investigating,0,0,Queue
ALT0001545,TXN00014706,2025-07-25 23:59:16,Card,Bengaluru,Electronics,M1516,C33730,5216.32,0.527,velocity,Low,Open,0,0,Queue
ALT0001546,TXN00025703,2025-07-26 00:01:42,UPI,Delhi,Gaming,M1821,C29420,1548.98,0.548,new_payee,Low,Cleared,1,0,Done
ALT0001547,TXN00009166,2025-07-26 00:04:15,UPI,Chandigarh,Travel,M1741,C38207,8639.88,0.588,new_payee,Medium,Open,0,0,Queue
ALT0001548,TXN00042373,2025-07-26 00:09:12,Card,Indore,Grocery,M1382,C70292,5837.45,0.53,night_burst,Low,Cleared,1,0,Done
ALT0001549,TXN00018795,2025-07-26 00:09:36,UPI,Mumbai,Electronics,M1548,C76663,2072.03,0.568,velocity,Medium,Investigating,0,0,Queue
ALT0001550,TXN00008162,2025-07-26 00:19:20,Wallet,Ahmedabad,Education,M1333,C74933,3657.25,0.59,device,Medium,Blocked,1,1,Done
ALT0001551,TXN00032045,2025-07-26 00:22:53,Card,Bengaluru,Food Delivery,M1679,C14605,29258.71,0.672,velocity,Medium,Blocked,0,1,Done
ALT0001552,TXN00008532,2025-07-26 00:32:38,Card,Jaipur,Food Delivery,M1109,C16804,3895.49,0.485,velocity,Low,Cleared,1,0,Done
ALT0001553,TXN00012034,2025-07-26 00:36:54,Card,Jaipur,Education,M1755,C27007,16938.25,0.538,amount_spike,Low,Cleared,1,0,Done
ALT0001554,TXN00012329,2025-07-26 00:37:07,Card,Chandigarh,Education,M1219,C27199,21233.48,0.513,night_burst,Low,Investigating,0,0,Queue
ALT0001555,TXN00027152,2025-07-26 00:40:23,Card,Nagpur,Utilities,M1678,C52708,18385.99,0.549,velocity,Low,Investigating,0,0,Queue
ALT0001556,TXN00034512,2025-07-26 00:41:07,UPI,Chandigarh,Healthcare,M1676,C40582,5986.91,0.605,night_burst,Medium,Investigating,0,0,Queue
ALT0001557,TXN00046417,2025-07-26 00:42:29,Card,Hyderabad,Grocery,M1338,C36572,67017.81,0.532,device,Low,Cleared,1,0,Done
ALT0001558,TXN00031180,2025-07-26 00:46:35,Wallet,Chandigarh,Food Delivery,M1741,C19867,385.58,0.595,night_burst,Medium,Blocked,1,1,Done
ALT0001559,TXN00024548,2025-07-26 00:51:53,UPI,Kolkata,Fuel,M1803,C87644,3137.13,0.618,device,Medium,Blocked,1,1,Done
ALT0001560,TXN00011725,2025-07-26 00:59:31,UPI,Surat,Grocery,M1538,C18536,4459.26,0.544,night_burst,Low,Open,0,0,Queue
ALT0001561,TXN00008847,2025-07-26 01:05:23,Card,Ahmedabad,Food Delivery,M1711,C27306,23977.37,0.488,new_payee,Low,Open,0,0,Queue
ALT0001562,TXN00007704,2025-07-26 01:11:50,Card,Pune,Healthcare,M1270,C34692,32478.29,0.736,velocity,High,Blocked,0,1,Done
ALT0001563,TXN00042581,2025-07-26 01:15:59,Wallet,Bengaluru,Education,M1547,C11021,35450.91,0.501,night_burst,Low,Investigating,0,0,Queue
ALT0001564,TXN00037614,2025-07-26 01:19:55,UPI,Jaipur,Fuel,M1537,C56570,1744.43,0.574,geo_mismatch,Medium,Cleared,1,0,Done
ALT0001565,TXN00031604,2025-07-26 01:20:08,Card,Bengaluru,Grocery,M1089,C71354,30988.04,0.579,night_burst,Medium,Investigating,0,0,Queue
ALT0001566,TXN00026356,2025-07-26 01:20:21,UPI,Indore,Healthcare,M1104,C68596,11662.18,0.647,night_burst,Medium,Open,0,0,Queue
ALT0001567,TXN00040529,2025-07-26 01:24:13,Card,Bengaluru,Electronics,M1110,C59865,1291.15,0.612,new_payee,Medium,Investigating,0,0,Queue
ALT0001568,TXN00029518,2025-07-26 01:27:05,UPI,Kochi,Electronics,M1160,C44514,369.42,0.49,velocity,Low,Blocked,0,1,Done
ALT0001569,TXN00042027,2025-07-26 01:31:07,Card,Delhi,Utilities,M1141,C67404,36289.72,0.74,amount_spike,High,Investigating,0,0,Queue
ALT0001570,TXN00004996,2025-07-26 01:33:01,UPI,Jaipur,Healthcare,M1161,C17177,336.6,0.574,velocity,Medium,Blocked,1,1,Done
ALT0001571,TXN00033057,2025-07-26 01:34:30,UPI,Chennai,Food Delivery,M1403,C87387,14894.63,0.638,night_burst,Medium,Investigating,0,0,Queue
ALT0001572,TXN00033536,2025-07-26 01:42:03,Card,Mumbai,Fashion,M1392,C78968,7004.8,0.568,velocity,Medium,Cleared,1,0,Done
ALT0001573,TXN00005956,2025-07-26 01:48:29,Card,Hyderabad,Food Delivery,M1318,C39380,73528.37,0.493,velocity,Low,Cleared,1,0,Done
ALT0001574,TXN00000098,2025-07-26 01:58:20,Wallet,Jaipur,Grocery,M1840,C22182,11887.78,0.571,night_burst,Medium,Investigating,0,0,Queue
ALT0001575,TXN00023841,2025-07-26 02:00:07,UPI,Chennai,Fuel,M1402,C50161,2391.98,0.519,device,Low,Investigating,0,0,Queue
ALT0001576,TXN00044316,2025-07-26 02:07:34,Card,Indore,Food Delivery,M1637,C85550,34051.84,0.669,velocity,Medium,Escalated,0,0,Queue
ALT0001577,TXN00013659,2025-07-26 02:11:46,UPI,Hyderabad,Gaming,M1430,C77678,52741.37,0.714,amount_spike,High,Investigating,0,0,Queue
ALT0001578,TXN00047149,2025-07-26 02:12:35,UPI,Chennai,Fuel,M1429,C18811,1864.96,0.524,velocity,Low,Blocked,1,1,Done
ALT0001579,TXN00013629,2025-07-26 02:12:51,Card,Surat,Food Delivery,M1388,C33505,11504.09,0.589,velocity,Medium,Investigating,0,0,Queue
ALT0001580,TXN00023063,2025-07-26 02:12:59,Card,Pune,Healthcare,M1473,C40495,26222.07,0.813,geo_mismatch,High,Blocked,0,1,Done
ALT0001581,TXN00003210,2025-07-26 02:13:27,UPI,Delhi,Travel,M1749,C51468,31133.8,0.559,amount_spike,Medium,Cleared,1,0,Done
ALT0001582,TXN00044027,2025-07-26 02:18:17,UPI,Pune,Utilities,M1395,C67729,1438.56,0.513,new_payee,Low,Investigating,0,0,Queue
ALT0001583,TXN00013544,2025-07-26 02:19:23,UPI,Kolkata,Fuel,M1000,C70109,7459.03,0.589,velocity,Medium,Blocked,1,1,Done
ALT0001584,TXN00004121,2025-07-26 02:20:45,Wallet,Chandigarh,Grocery,M1750,C30073,2516.15,0.544,velocity,Low,Open,0,0,Queue
ALT0001585,TXN00011039,2025-07-26 02:21:06,UPI,Bengaluru,Healthcare,M1268,C43918,7103.03,0.53,velocity,Low,Cleared,1,0,Done
ALT0001586,TXN00034833,2025-07-26 02:22:30,UPI,Kolkata,Healthcare,M1747,C65600,858.78,0.624,device,Medium,Cleared,1,0,Done
ALT0001587,TXN00019716,2025-07-26 02:22:50,UPI,Ahmedabad,Travel,M1586,C81833,756.94,0.522,new_payee,Low,Cleared,1,0,Done
ALT0001588,TXN00035550,2025-07-26 02:25:52,Card,Chennai,Food Delivery,M1170,C78927,102550.91,0.781,velocity,High,Cleared,0,0,Done
ALT0001589,TXN00023379,2025-07-26 02:29:33,Card,Bengaluru,Grocery,M1431,C45346,2724.33,0.522,velocity,Low,Cleared,1,0,Done
ALT0001590,TXN00018460,2025-07-26 02:32:13,UPI,Bengaluru,Grocery,M1862,C75586,188.31,0.519,new_payee,Low,Open,0,0,Queue
ALT0001591,TXN00003619,2025-07-26 02:34:53,UPI,Pune,Utilities,M1685,C89459,691.13,0.537,night_burst,Low,Blocked,0,1,Done
ALT0001592,TXN00010335,2025-07-26 02:35:53,UPI,Nagpur,Fuel,M1112,C10642,5062.81,0.837,velocity,Critical,Blocked,0,1,Done
ALT0001593,TXN00035494,2025-07-26 02:38:09,UPI,Delhi,Utilities,M1692,C77604,8128.32,0.61,velocity,Medium,Investigating,0,0,Queue
ALT0001594,TXN00003099,2025-07-26 02:38:19,UPI,Kochi,Healthcare,M1225,C55476,38008.75,0.667,amount_spike,Medium,Investigating,0,0,Queue
ALT0001595,TXN00019119,2025-07-26 02:40:57,UPI,Kochi,Fashion,M1067,C53381,673.6,0.612,velocity,Medium,Investigating,0,0,Queue
ALT0001596,TXN00001184,2025-07-26 02:42:45,Wallet,Ahmedabad,Food Delivery,M1314,C62768,5700.46,0.517,night_burst,Low,Cleared,1,0,Done
ALT0001597,TXN00046252,2025-07-26 02:43:28,UPI,Kolkata,Travel,M1343,C44772,974.97,0.529,velocity,Low,Cleared,1,0,Done
ALT0001598,TXN00019099,2025-07-26 02:44:26,UPI,Pune,Fashion,M1119,C71386,9064.98,0.548,velocity,Low,Cleared,1,0,Done
ALT0001599,TXN00034128,2025-07-26 02:52:17,Card,Kochi,Travel,M1584,C50214,22434.54,0.609,velocity,Medium,Cleared,1,0,Done
ALT0001600,TXN00002318,2025-07-26 02:59:14,Card,Pune,Travel,M1503,C53729,3810.29,0.544,velocity,Low,Blocked,0,1,Done
ALT0001601,TXN00025586,2025-07-26 03:02:10,UPI,Kochi,Electronics,M1516,C45818,25121.32,0.554,velocity,Medium,Cleared,1,0,Done
ALT0001602,TXN00009724,2025-07-26 03:08:01,UPI,Chennai,Utilities,M1815,C15101,6759.73,0.654,velocity,Medium,Cleared,1,0,Done
ALT0001603,TXN00024547,2025-07-26 03:13:13,UPI,Bengaluru,Travel,M1071,C23751,39338.87,0.524,device,Low,Cleared,1,0,Done
ALT0001604,TXN00025580,2025-07-26 03:17:57,UPI,Mumbai,Fuel,M1823,C54966,649.93,0.607,velocity,Medium,Cleared,1,0,Done
ALT0001605,TXN00006913,2025-07-26 03:20:14,Wallet,Chennai,Electronics,M1334,C25356,4436.08,0.601,night_burst,Medium,Blocked,1,1,Done
ALT0001606,TXN00047232,2025-07-26 03:25:59,UPI,Surat,Gaming,M1736,C17444,1315.43,0.595,new_payee,Medium,Cleared,1,0,Done
ALT0001607,TXN00030236,2025-07-26 03:27:26,UPI,Surat,Grocery,M1393,C40861,1868.38,0.583,velocity,Medium,Open,0,0,Queue
ALT0001608,TXN00018942,2025-07-26 03:29:19,Card,Jaipur,Travel,M1642,C65525,6510.0,0.494,night_burst,Low,Blocked,0,1,Done
ALT0001609,TXN00019085,2025-07-26 03:35:10,UPI,Chennai,Electronics,M1221,C66085,2284.48,0.495,device,Low,Investigating,0,0,Queue
ALT0001610,TXN00011806,2025-07-26 03:45:12,Wallet,Mumbai,Fuel,M1148,C34639,11776.28,1.0,device,Critical,Blocked,0,1,Done
ALT0001611,TXN00037623,2025-07-26 03:49:52,UPI,Chennai,Fashion,M1284,C76421,5786.07,0.768,device,High,Blocked,0,1,Done
ALT0001612,TXN00013012,2025-07-26 03:50:45,UPI,Chandigarh,Grocery,M1685,C47770,1279.65,0.485,velocity,Low,Investigating,0,0,Queue
ALT0001613,TXN00009542,2025-07-26 03:51:01,Wallet,Lucknow,Education,M1515,C21131,1459.85,0.505,new_payee,Low,Cleared,1,0,Done
ALT0001614,TXN00018284,2025-07-26 03:56:45,Card,Indore,Fuel,M1777,C38665,5190.62,0.622,velocity,Medium,Investigating,0,0,Queue
ALT0001615,TXN00028017,2025-07-26 04:02:27,UPI,Ahmedabad,Gaming,M1422,C68332,2293.1,0.508,new_payee,Low,Cleared,1,0,Done
ALT0001616,TXN00035668,2025-07-26 04:09:54,UPI,Indore,Education,M1610,C44351,5392.65,0.599,velocity,Medium,Cleared,1,0,Done
ALT0001617,TXN00003732,2025-07-26 04:17:57,Card,Ahmedabad,Electronics,M1670,C31704,25334.88,0.487,night_burst,Low,Cleared,1,0,Done
ALT0001618,TXN00026603,2025-07-26 04:18:20,UPI,Bengaluru,Utilities,M1270,C31805,4752.24,0.58,new_payee,Medium,Cleared,1,0,Done
ALT0001619,TXN00015928,2025-07-26 04:20:29,UPI,Jaipur,Food Delivery,M1806,C46564,14917.52,0.745,velocity,High,Investigating,0,0,Queue
ALT0001620,TXN00003798,2025-07-26 04:22:49,Card,Kochi,Electronics,M1641,C12057,35641.61,0.813,night_burst,High,Blocked,0,1,Done
ALT0001621,TXN00028617,2025-07-26 04:26:44,UPI,Mumbai,Healthcare,M1618,C34157,21850.18,0.54,amount_spike,Low,Open,0,0,Queue
ALT0001622,TXN00035585,2025-07-26 04:28:15,Wallet,Chandigarh,Food Delivery,M1469,C88879,1492.24,0.604,night_burst,Medium,Open,0,0,Queue
ALT0001623,TXN00039379,2025-07-26 04:33:18,Card,Nagpur,Travel,M1231,C75616,2131.28,0.606,velocity,Medium,Cleared,1,0,Done
ALT0001624,TXN00031000,2025-07-26 04:34:46,Card,Lucknow,Fuel,M1183,C82727,2073.42,0.794,velocity,High,Investigating,0,0,Queue
ALT0001625,TXN00011537,2025-07-26 04:39:23,UPI,Surat,Gaming,M1123,C69632,2481.31,0.597,velocity,Medium,Open,0,0,Queue
ALT0001626,TXN00034507,2025-07-26 04:40:49,UPI,Nagpur,Grocery,M1587,C11250,1084.8,0.48,night_burst,Low,Cleared,1,0,Done
ALT0001627,TXN00041977,2025-07-26 04:43:46,UPI,Kochi,Healthcare,M1185,C36269,3244.25,0.543,night_burst,Low,Investigating,0,0,Queue
ALT0001628,TXN00017113,2025-07-26 04:44:23,UPI,Mumbai,Healthcare,M1391,C85324,6857.54,0.587,new_payee,Medium,Cleared,1,0,Done
ALT0001629,TXN00005222,2025-07-26 04:49:58,Card,Kolkata,Fashion,M1804,C45002,51511.85,0.493,new_payee,Low,Investigating,0,0,Queue
ALT0001630,TXN00008910,2025-07-26 04:50:15,UPI,Mumbai,Grocery,M1455,C88593,49427.9,0.651,amount_spike,Medium,Investigating,0,0,Queue
ALT0001631,TXN00036432,2025-07-26 04:56:15,UPI,Bengaluru,Grocery,M1449,C45085,25132.8,0.724,velocity,High,Blocked,0,1,Done
ALT0001632,TXN00047532,2025-07-26 06:24:43,Card,Indore,Fuel,M1330,C50401,30150.64,0.553,amount_spike,Medium,Blocked,1,1,Done
ALT0001633,TXN00030555,2025-07-26 07:21:20,Wallet,Surat,Fuel,M1187,C77718,531.96,0.489,device,Low,Cleared,1,0,Done
ALT0001634,TXN00010088,2025-07-26 07:34:20,Card,Jaipur,Fuel,M1683,C81208,49666.26,0.686,velocity,High,Blocked,1,1,Done
ALT0001635,TXN00043297,2025-07-26 08:02:27,UPI,Lucknow,Education,M1579,C57094,770.32,0.613,device,Medium,Investigating,0,0,Queue
ALT0001636,TXN00039650,2025-07-26 08:12:55,Wallet,Chennai,Fashion,M1853,C85634,9195.17,0.626,device,Medium,Blocked,0,1,Done
ALT0001637,TXN00004293,2025-07-26 08:19:21,Wallet,Mumbai,Electronics,M1250,C18900,20515.89,0.603,geo_mismatch,Medium,Open,0,0,Queue
ALT0001638,TXN00025392,2025-07-26 08:35:09,UPI,Mumbai,Healthcare,M1480,C42023,10794.93,0.499,velocity,Low,Investigating,0,0,Queue
ALT0001639,TXN00035500,2025-07-26 08:45:59,UPI,Jaipur,Grocery,M1575,C10436,17687.82,0.625,amount_spike,Medium,Cleared,1,0,Done
ALT0001640,TXN00033637,2025-07-26 08:53:49,Card,Delhi,Gaming,M1006,C37746,9105.21,0.518,new_payee,Low,Open,0,0,Queue
ALT0001641,TXN00013249,2025-07-26 08:54:58,UPI,Hyderabad,Education,M1092,C78910,11721.0,0.602,geo_mismatch,Medium,Investigating,0,0,Queue
ALT0001642,TXN00040167,2025-07-26 08:55:10,UPI,Kolkata,Fuel,M1010,C39211,11369.46,0.539,velocity,Low,Cleared,1,0,Done
ALT0001643,TXN00042812,2025-07-26 09:15:53,UPI,Chandigarh,Gaming,M1394,C52785,1212.19,0.564,velocity,Medium,Investigating,0,0,Queue
ALT0001644,TXN00044746,2025-07-26 09:30:48,Card,Ahmedabad,Utilities,M1607,C14802,8190.38,0.603,new_payee,Medium,Blocked,1,1,Done
ALT0001645,TXN00013900,2025-07-26 10:15:28,UPI,Jaipur,Grocery,M1467,C76712,32749.73,0.611,geo_mismatch,Medium,Investigating,0,0,Queue
ALT0001646,TXN00010204,2025-07-26 10:51:32,UPI,Pune,Utilities,M1652,C54719,32569.9,0.565,device,Medium,Investigating,0,0,Queue
ALT0001647,TXN00045691,2025-07-26 10:59:29,UPI,Hyderabad,Electronics,M1352,C49574,2185.2,0.568,new_payee,Medium,Investigating,0,0,Queue
ALT0001648,TXN00003031,2025-07-26 11:03:42,UPI,Surat,Electronics,M1880,C76092,7420.4,0.581,velocity,Medium,Investigating,0,0,Queue
ALT0001649,TXN00039975,2025-07-26 12:36:22,Wallet,Lucknow,Travel,M1636,C24259,2495.61,0.674,geo_mismatch,Medium,Escalated,0,0,Queue
ALT0001650,TXN00020581,2025-07-26 12:43:27,Card,Delhi,Food Delivery,M1268,C33606,350000.0,0.692,new_payee,High,Open,0,0,Queue
ALT0001651,TXN00001509,2025-07-26 12:50:59,Card,Kolkata,Electronics,M1458,C18908,350000.0,0.503,new_payee,Low,Open,0,0,Queue
ALT0001652,TXN00047253,2025-07-26 14:00:45,Card,Hyderabad,Electronics,M1262,C89366,253365.42,0.513,velocity,Low,Cleared,1,0,Done
ALT0001653,TXN00039199,2025-07-26 14:20:44,UPI,Bengaluru,Education,M1161,C26386,2055.23,0.55,device,Low,Cleared,1,0,Done
ALT0001654,TXN00001313,2025-07-26 14:42:57,UPI,Lucknow,Electronics,M1512,C84579,89166.94,0.494,amount_spike,Low,Cleared,1,0,Done
ALT0001655,TXN00014554,2025-07-26 14:51:33,UPI,Kolkata,Healthcare,M1730,C20702,229708.18,0.554,velocity,Medium,Cleared,1,0,Done
ALT0001656,TXN00025363,2025-07-26 14:57:17,Card,Ahmedabad,Utilities,M1504,C82751,5408.93,0.615,velocity,Medium,Investigating,0,0,Queue
ALT0001657,TXN00010551,2025-07-26 15:28:19,UPI,Bengaluru,Food Delivery,M1294,C16148,2483.31,0.558,device,Medium,Cleared,1,0,Done
ALT0001658,TXN00040432,2025-07-26 15:36:36,Card,Pune,Education,M1496,C80591,12942.43,0.59,device,Medium,Cleared,1,0,Done
ALT0001659,TXN00016271,2025-07-26 15:44:08,UPI,Indore,Food Delivery,M1212,C61537,4496.54,0.569,device,Medium,Cleared,1,0,Done
ALT0001660,TXN00042213,2025-07-26 15:55:25,UPI,Chandigarh,Fuel,M1873,C13879,139.8,0.524,geo_mismatch,Low,Cleared,1,0,Done
ALT0001661,TXN00016411,2025-07-26 16:30:23,Card,Lucknow,Electronics,M1576,C79280,223580.91,0.506,amount_spike,Low,Escalated,0,0,Queue
ALT0001662,TXN00004588,2025-07-26 16:50:37,UPI,Indore,Fashion,M1510,C70234,9825.55,0.571,velocity,Medium,Investigating,0,0,Queue
ALT0001663,TXN00037512,2025-07-26 17:07:53,Card,Kolkata,Healthcare,M1832,C16104,11656.02,0.506,device,Low,Cleared,1,0,Done
ALT0001664,TXN00022287,2025-07-26 17:20:04,UPI,Mumbai,Fashion,M1063,C66784,26863.27,0.513,amount_spike,Low,Cleared,1,0,Done
ALT0001665,TXN00027126,2025-07-26 17:22:36,UPI,Ahmedabad,Fuel,M1823,C14543,577.69,0.568,velocity,Medium,Investigating,0,0,Queue
ALT0001666,TXN00046985,2025-07-26 17:30:38,UPI,Nagpur,Food Delivery,M1102,C31791,8326.88,0.506,velocity,Low,Cleared,1,0,Done
ALT0001667,TXN00043211,2025-07-26 17:42:37,Wallet,Surat,Fashion,M1637,C46369,1690.3,0.5,device,Low,Open,0,0,Queue
ALT0001668,TXN00014501,2025-07-26 17:58:18,Card,Surat,Electronics,M1078,C79218,2037.68,0.588,device,Medium,Investigating,0,0,Queue
ALT0001669,TXN00012238,2025-07-26 17:59:32,Card,Chennai,Fashion,M1637,C14127,14198.92,0.646,velocity,Medium,Cleared,1,0,Done
ALT0001670,TXN00041924,2025-07-26 17:59:59,Card,Lucknow,Healthcare,M1634,C22294,25080.83,0.518,velocity,Low,Cleared,1,0,Done
ALT0001671,TXN00012622,2025-07-26 18:12:18,UPI,Chandigarh,Fuel,M1164,C33511,5162.9,0.487,device,Low,Cleared,1,0,Done
ALT0001672,TXN00038205,2025-07-26 18:23:32,Wallet,Delhi,Fuel,M1183,C33155,1525.71,0.494,new_payee,Low,Open,0,0,Queue
ALT0001673,TXN00034471,2025-07-26 18:25:11,Card,Kolkata,Fashion,M1167,C88931,16781.69,0.482,velocity,Low,Open,0,0,Queue
ALT0001674,TXN00017629,2025-07-26 18:25:55,UPI,Jaipur,Electronics,M1399,C64325,7946.13,0.494,device,Low,Cleared,1,0,Done
ALT0001675,TXN00009440,2025-07-26 18:35:26,UPI,Nagpur,Grocery,M1205,C46388,5325.92,0.651,device,Medium,Investigating,0,0,Queue
ALT0001676,TXN00003076,2025-07-26 18:55:13,Wallet,Bengaluru,Fuel,M1449,C67625,3565.76,0.602,geo_mismatch,Medium,Blocked,1,1,Done
ALT0001677,TXN00040168,2025-07-26 19:21:06,UPI,Kolkata,Healthcare,M1395,C13328,73540.9,0.55,velocity,Low,Cleared,1,0,Done
ALT0001678,TXN00021127,2025-07-26 19:25:58,UPI,Chandigarh,Fuel,M1006,C15133,11140.5,0.614,new_payee,Medium,Cleared,1,0,Done
ALT0001679,TXN00010396,2025-07-26 19:32:01,Wallet,Mumbai,Gaming,M1003,C54075,1601.45,0.576,velocity,Medium,Blocked,0,1,Done
ALT0001680,TXN00023295,2025-07-26 20:00:59,UPI,Nagpur,Fashion,M1490,C48958,50287.18,0.557,velocity,Medium,Cleared,1,0,Done
ALT0001681,TXN00024013,2025-07-26 20:04:07,Card,Hyderabad,Grocery,M1737,C68672,10146.99,0.539,velocity,Low,Blocked,1,1,Done
ALT0001682,TXN00005752,2025-07-26 21:28:08,UPI,Kochi,Fashion,M1046,C10304,924.5,0.593,geo_mismatch,Medium,Cleared,1,0,Done
ALT0001683,TXN00027324,2025-07-26 21:35:16,UPI,Surat,Gaming,M1765,C66217,10819.22,0.599,velocity,Medium,Cleared,1,0,Done
ALT0001684,TXN00047487,2025-07-26 22:30:19,Card,Kochi,Electronics,M1089,C26920,2037.81,0.568,velocity,Medium,Cleared,1,0,Done
ALT0001685,TXN00002368,2025-07-26 22:38:39,Wallet,Indore,Education,M1871,C16938,5144.5,0.557,device,Medium,Cleared,1,0,Done
ALT0001686,TXN00027941,2025-07-26 22:39:59,UPI,Pune,Food Delivery,M1655,C75757,4260.98,0.565,device,Medium,Open,0,0,Queue
ALT0001687,TXN00029092,2025-07-26 22:51:22,UPI,Kochi,Grocery,M1615,C17579,1855.33,0.647,device,Medium,Blocked,0,1,Done
ALT0001688,TXN00019812,2025-07-26 23:04:22,UPI,Hyderabad,Fuel,M1178,C67941,6131.98,0.685,velocity,High,Blocked,0,1,Done
ALT0001689,TXN00002492,2025-07-26 23:07:27,UPI,Lucknow,Gaming,M1106,C71275,1604.36,0.601,night_burst,Medium,Blocked,0,1,Done
ALT0001690,TXN00007421,2025-07-26 23:09:27,Wallet,Indore,Fuel,M1723,C23825,515.92,0.596,velocity,Medium,Blocked,1,1,Done
ALT0001691,TXN00033739,2025-07-26 23:10:16,UPI,Indore,Electronics,M1171,C63798,4672.95,0.6,night_burst,Medium,Open,0,0,Queue
ALT0001692,TXN00026780,2025-07-26 23:11:20,UPI,Hyderabad,Grocery,M1341,C84769,6380.55,0.523,velocity,Low,Cleared,1,0,Done
ALT0001693,TXN00032517,2025-07-26 23:11:47,Wallet,Surat,Fuel,M1818,C18470,1408.41,0.644,velocity,Medium,Blocked,0,1,Done
ALT0001694,TXN00012065,2025-07-26 23:13:56,UPI,Hyderabad,Healthcare,M1774,C43022,1849.43,0.511,night_burst,Low,Cleared,1,0,Done
ALT0001695,TXN00023848,2025-07-26 23:15:20,Card,Jaipur,Food Delivery,M1502,C37684,14817.37,0.49,new_payee,Low,Open,0,0,Queue
ALT0001696,TXN00038950,2025-07-26 23:19:06,Card,Lucknow,Electronics,M1068,C22754,16794.98,0.565,velocity,Medium,Cleared,1,0,Done
ALT0001697,TXN00022979,2025-07-26 23:28:57,UPI,Delhi,Healthcare,M1196,C74753,1105.12,0.518,velocity,Low,Investigating,0,0,Queue
ALT0001698,TXN00016444,2025-07-26 23:29:19,UPI,Delhi,Utilities,M1180,C53399,5738.22,0.564,velocity,Medium,Investigating,0,0,Queue
ALT0001699,TXN00046692,2025-07-26 23:30:23,UPI,Lucknow,Grocery,M1646,C73390,2965.88,0.55,night_burst,Low,Cleared,1,0,Done
ALT0001700,TXN00025861,2025-07-26 23:32:32,UPI,Ahmedabad,Grocery,M1487,C45084,14306.38,0.523,velocity,Low,Cleared,1,0,Done
ALT0001701,TXN00015613,2025-07-26 23:37:26,UPI,Mumbai,Grocery,M1224,C10916,25303.75,0.548,amount_spike,Low,Cleared,1,0,Done
ALT0001702,TXN00025890,2025-07-26 23:41:22,UPI,Delhi,Grocery,M1518,C71827,7398.69,0.506,night_burst,Low,Cleared,1,0,Done
ALT0001703,TXN00006665,2025-07-26 23:48:05,Wallet,Chennai,Fuel,M1182,C22895,669.84,0.555,velocity,Medium,Investigating,0,0,Queue
ALT0001704,TXN00023226,2025-07-26 23:48:37,UPI,Lucknow,Education,M1729,C79541,5456.92,0.739,velocity,High,Blocked,0,1,Done
ALT0001705,TXN00027660,2025-07-26 23:48:52,UPI,Bengaluru,Fuel,M1767,C34692,768.22,0.588,device,Medium,Cleared,1,0,Done
ALT0001706,TXN00017702,2025-07-26 23:48:58,Card,Chandigarh,Grocery,M1804,C50330,7250.68,0.504,velocity,Low,Open,0,0,Queue
ALT0001707,TXN00016180,2025-07-26 23:57:05,UPI,Ahmedabad,Grocery,M1780,C31150,6065.65,0.691,device,High,Escalated,0,0,Queue
ALT0001708,TXN00028212,2025-07-26 23:59:51,UPI,Surat,Food Delivery,M1176,C36064,13746.54,0.522,device,Low,Cleared,1,0,Done
ALT0001709,TXN00022166,2025-07-27 00:01:48,Card,Bengaluru,Fashion,M1306,C63961,12314.82,0.524,night_burst,Low,Cleared,1,0,Done
ALT0001710,TXN00000605,2025-07-27 00:13:31,Wallet,Chandigarh,Education,M1156,C81413,638.42,0.522,velocity,Low,Cleared,1,0,Done
ALT0001711,TXN00027861,2025-07-27 00:13:57,Card,Chandigarh,Grocery,M1349,C23523,13427.89,0.734,velocity,High,Investigating,0,0,Queue
ALT0001712,TXN00024805,2025-07-27 00:21:00,Wallet,Pune,Fuel,M1497,C60794,11437.41,0.548,velocity,Low,Cleared,1,0,Done
ALT0001713,TXN00006864,2025-07-27 00:21:07,UPI,Pune,Utilities,M1648,C33018,3371.23,0.755,night_burst,High,Blocked,0,1,Done
ALT0001714,TXN00040695,2025-07-27 00:21:16,Wallet,Bengaluru,Travel,M1420,C35106,2965.34,0.637,night_burst,Medium,Investigating,0,0,Queue
ALT0001715,TXN00020584,2025-07-27 00:25:26,Wallet,Kochi,Food Delivery,M1265,C17540,11363.68,0.526,velocity,Low,Cleared,1,0,Done
ALT0001716,TXN00002853,2025-07-27 00:30:12,Card,Pune,Fuel,M1787,C40880,1892.85,0.617,night_burst,Medium,Investigating,0,0,Queue
ALT0001717,TXN00036004,2025-07-27 00:37:01,UPI,Kolkata,Fuel,M1658,C78593,5082.24,0.71,velocity,High,Cleared,0,0,Done
ALT0001718,TXN00012384,2025-07-27 00:37:14,UPI,Delhi,Grocery,M1111,C87910,22554.59,0.508,velocity,Low,Cleared,1,0,Done
ALT0001719,TXN00029578,2025-07-27 00:44:27,Card,Surat,Utilities,M1756,C57594,4072.05,0.797,velocity,High,Blocked,0,1,Done
ALT0001720,TXN00038177,2025-07-27 00:44:48,UPI,Surat,Grocery,M1716,C68691,143668.66,0.518,velocity,Low,Open,0,0,Queue
ALT0001721,TXN00037574,2025-07-27 00:52:31,UPI,Bengaluru,Utilities,M1861,C55243,3292.4,0.539,velocity,Low,Open,0,0,Queue
ALT0001722,TXN00001586,2025-07-27 00:53:03,UPI,Ahmedabad,Fashion,M1297,C33045,3920.61,0.59,velocity,Medium,Escalated,0,0,Queue
ALT0001723,TXN00042575,2025-07-27 00:54:31,UPI,Chennai,Fuel,M1706,C44554,862.11,0.579,new_payee,Medium,Investigating,0,0,Queue
ALT0001724,TXN00001403,2025-07-27 00:55:16,Card,Kochi,Electronics,M1327,C71047,16614.88,0.525,velocity,Low,Cleared,1,0,Done
ALT0001725,TXN00004999,2025-07-27 01:02:23,Wallet,Lucknow,Gaming,M1374,C34663,11852.26,0.562,velocity,Medium,Blocked,0,1,Done
ALT0001726,TXN00009058,2025-07-27 01:03:30,UPI,Indore,Fashion,M1419,C68773,154250.19,0.567,amount_spike,Medium,Cleared,1,0,Done
ALT0001727,TXN00004466,2025-07-27 01:03:33,UPI,Chandigarh,Food Delivery,M1172,C49715,8705.11,0.514,night_burst,Low,Open,0,0,Queue
ALT0001728,TXN00010574,2025-07-27 01:09:22,Card,Ahmedabad,Food Delivery,M1351,C63068,19609.23,0.502,velocity,Low,Cleared,1,0,Done
ALT0001729,TXN00011600,2025-07-27 01:13:11,Wallet,Chennai,Food Delivery,M1501,C10032,945.68,0.556,new_payee,Medium,Cleared,1,0,Done
ALT0001730,TXN00020888,2025-07-27 01:13:15,Card,Bengaluru,Electronics,M1872,C41527,3766.36,0.513,night_burst,Low,Cleared,1,0,Done
ALT0001731,TXN00041471,2025-07-27 01:20:16,UPI,Indore,Gaming,M1396,C57912,10804.86,0.807,velocity,High,Open,0,0,Queue
ALT0001732,TXN00040855,2025-07-27 01:35:18,Card,Chennai,Travel,M1254,C30821,84992.65,0.487,night_burst,Low,Cleared,1,0,Done
ALT0001733,TXN00014959,2025-07-27 01:37:34,UPI,Pune,Grocery,M1313,C54786,72774.54,0.525,night_burst,Low,Open,0,0,Queue
ALT0001734,TXN00017591,2025-07-27 01:38:31,Wallet,Lucknow,Grocery,M1437,C35047,367.47,0.528,night_burst,Low,Cleared,1,0,Done
ALT0001735,TXN00035463,2025-07-27 01:42:52,UPI,Bengaluru,Utilities,M1100,C45924,875.78,0.523,velocity,Low,Cleared,1,0,Done
ALT0001736,TXN00001421,2025-07-27 01:47:40,UPI,Pune,Grocery,M1551,C52732,10873.03,0.583,night_burst,Medium,Blocked,0,1,Done
ALT0001737,TXN00005562,2025-07-27 01:54:19,UPI,Kochi,Electronics,M1386,C27046,16882.29,0.685,velocity,High,Blocked,1,1,Done
ALT0001738,TXN00033244,2025-07-27 02:15:44,UPI,Mumbai,Utilities,M1302,C63938,3562.98,0.488,night_burst,Low,Cleared,1,0,Done
ALT0001739,TXN00010341,2025-07-27 02:20:33,UPI,Kochi,Education,M1232,C78079,6459.09,0.6,device,Medium,Open,0,0,Queue
ALT0001740,TXN00047007,2025-07-27 02:30:22,UPI,Bengaluru,Grocery,M1823,C60762,252.94,0.52,velocity,Low,Cleared,1,0,Done
ALT0001741,TXN00036986,2025-07-27 02:31:47,UPI,Surat,Healthcare,M1033,C30813,27885.0,0.784,velocity,High,Investigating,0,0,Queue
ALT0001742,TXN00047743,2025-07-27 02:33:07,UPI,Nagpur,Food Delivery,M1162,C35472,3814.84,0.609,velocity,Medium,Cleared,1,0,Done
ALT0001743,TXN00040027,2025-07-27 02:35:21,Card,Chandigarh,Gaming,M1390,C84657,38182.1,0.523,night_burst,Low,Cleared,1,0,Done
ALT0001744,TXN00024718,2025-07-27 02:36:18,UPI,Ahmedabad,Grocery,M1575,C36445,2042.38,0.581,velocity,Medium,Blocked,1,1,Done
ALT0001745,TXN00046111,2025-07-27 02:38:29,Card,Ahmedabad,Utilities,M1378,C78557,3641.32,0.493,night_burst,Low,Cleared,1,0,Done
ALT0001746,TXN00025940,2025-07-27 02:41:05,Card,Chandigarh,Gaming,M1832,C26282,11172.45,0.581,new_payee,Medium,Blocked,0,1,Done
ALT0001747,TXN00042161,2025-07-27 02:41:57,Card,Chandigarh,Travel,M1735,C28425,1506.11,0.599,night_burst,Medium,Open,0,0,Queue
ALT0001748,TXN00023674,2025-07-27 02:44:52,Card,Ahmedabad,Electronics,M1529,C17232,50605.16,0.53,velocity,Low,Cleared,1,0,Done
ALT0001749,TXN00014231,2025-07-27 02:47:35,Card,Jaipur,Food Delivery,M1451,C28904,4061.7,0.492,velocity,Low,Cleared,1,0,Done
ALT0001750,TXN00047005,2025-07-27 02:47:50,Wallet,Surat,Fashion,M1005,C45235,21705.54,0.491,amount_spike,Low,Investigating,0,0,Queue
ALT0001751,TXN00035032,2025-07-27 03:04:00,Card,Delhi,Travel,M1571,C68096,60438.66,0.555,night_burst,Medium,Cleared,1,0,Done
ALT0001752,TXN00025245,2025-07-27 03:08:13,Card,Chandigarh,Fuel,M1004,C73767,165588.74,0.589,velocity,Medium,Investigating,0,0,Queue
ALT0001753,TXN00031105,2025-07-27 03:12:27,UPI,Indore,Travel,M1494,C35999,538.06,0.585,night_burst,Medium,Investigating,0,0,Queue
ALT0001754,TXN00006642,2025-07-27 03:14:18,UPI,Pune,Electronics,M1070,C11224,9223.29,0.593,night_burst,Medium,Cleared,1,0,Done
ALT0001755,TXN00027141,2025-07-27 03:19:17,UPI,Nagpur,Electronics,M1512,C71396,12831.15,0.67,new_payee,Medium,Investigating,0,0,Queue
ALT0001756,TXN00019101,2025-07-27 03:20:40,Wallet,Ahmedabad,Fuel,M1410,C71317,860.4,0.595,night_burst,Medium,Cleared,1,0,Done
ALT0001757,TXN00042977,2025-07-27 03:21:05,Card,Nagpur,Utilities,M1375,C40074,8676.82,0.512,new_payee,Low,Cleared,1,0,Done
ALT0001758,TXN00037206,2025-07-27 03:21:24,Wallet,Hyderabad,Healthcare,M1460,C73062,4424.22,0.74,night_burst,High,Investigating,0,0,Queue
ALT0001759,TXN00046307,2025-07-27 03:22:20,UPI,Lucknow,Food Delivery,M1360,C78297,5804.62,0.586,velocity,Medium,Cleared,1,0,Done
ALT0001760,TXN00004908,2025-07-27 03:31:15,UPI,Kolkata,Fuel,M1435,C70123,2387.77,0.605,velocity,Medium,Cleared,1,0,Done
ALT0001761,TXN00019603,2025-07-27 03:31:52,Card,Kochi,Grocery,M1368,C88421,54420.38,0.655,device,Medium,Blocked,0,1,Done
ALT0001762,TXN00030522,2025-07-27 03:39:23,UPI,Ahmedabad,Electronics,M1106,C39458,850.22,0.534,new_payee,Low,Cleared,1,0,Done
ALT0001763,TXN00002497,2025-07-27 03:39:36,UPI,Chennai,Travel,M1076,C18682,6294.83,0.691,device,High,Investigating,0,0,Queue
ALT0001764,TXN00039232,2025-07-27 03:40:00,Card,Kochi,Food Delivery,M1480,C12123,350000.0,0.626,velocity,Medium,Investigating,0,0,Queue
ALT0001765,TXN00035632,2025-07-27 03:46:22,UPI,Nagpur,Grocery,M1442,C20127,3198.47,0.553,velocity,Medium,Cleared,1,0,Done
ALT0001766,TXN00020464,2025-07-27 03:48:29,Wallet,Kolkata,Fuel,M1064,C16412,346.44,0.58,velocity,Medium,Open,0,0,Queue
ALT0001767,TXN00009853,2025-07-27 03:49:49,Card,Bengaluru,Grocery,M1044,C15252,39784.85,0.608,amount_spike,Medium,Open,0,0,Queue
ALT0001768,TXN00045605,2025-07-27 03:55:21,Card,Surat,Food Delivery,M1537,C25866,40905.85,0.606,velocity,Medium,Blocked,1,1,Done
ALT0001769,TXN00020733,2025-07-27 03:56:02,UPI,Ahmedabad,Education,M1287,C51592,262.31,0.787,device,High,Open,0,0,Queue
ALT0001770,TXN00030766,2025-07-27 03:56:50,UPI,Bengaluru,Electronics,M1047,C82510,10837.99,0.534,velocity,Low,Cleared,1,0,Done
ALT0001771,TXN00027681,2025-07-27 04:02:30,Card,Nagpur,Electronics,M1844,C32877,6052.86,0.849,night_burst,Critical,Escalated,0,0,Queue
ALT0001772,TXN00011308,2025-07-27 04:15:31,UPI,Bengaluru,Gaming,M1719,C75805,3100.2,0.707,velocity,High,Investigating,0,0,Queue
ALT0001773,TXN00006988,2025-07-27 04:19:52,UPI,Jaipur,Food Delivery,M1235,C73063,4687.61,0.725,night_burst,High,Cleared,0,0,Done
ALT0001774,TXN00018686,2025-07-27 04:21:29,Card,Pune,Travel,M1787,C78479,23830.35,0.547,velocity,Low,Open,0,0,Queue
ALT0001775,TXN00006538,2025-07-27 04:26:11,Card,Kolkata,Food Delivery,M1099,C17414,13643.19,0.535,night_burst,Low,Open,0,0,Queue
ALT0001776,TXN00013236,2025-07-27 04:31:44,Card,Indore,Gaming,M1473,C39400,67624.55,0.485,night_burst,Low,Cleared,1,0,Done
ALT0001777,TXN00002854,2025-07-27 04:33:31,UPI,Indore,Grocery,M1446,C48447,14290.31,0.535,velocity,Low,Cleared,1,0,Done
ALT0001778,TXN00034435,2025-07-27 04:36:00,UPI,Pune,Grocery,M1709,C16911,4684.49,0.602,velocity,Medium,Escalated,0,0,Queue
ALT0001779,TXN00032346,2025-07-27 04:36:52,UPI,Delhi,Fuel,M1544,C36543,2250.28,0.598,velocity,Medium,Cleared,1,0,Done
ALT0001780,TXN00026547,2025-07-27 04:42:15,UPI,Bengaluru,Healthcare,M1241,C56118,1922.11,0.505,velocity,Low,Cleared,1,0,Done
ALT0001781,TXN00029017,2025-07-27 04:42:50,UPI,Delhi,Education,M1813,C50864,22907.55,0.572,velocity,Medium,Blocked,1,1,Done
ALT0001782,TXN00018601,2025-07-27 04:43:37,UPI,Pune,Electronics,M1561,C74132,75303.73,0.505,night_burst,Low,Investigating,0,0,Queue
ALT0001783,TXN00002585,2025-07-27 04:52:43,Card,Nagpur,Healthcare,M1314,C87471,18332.81,0.566,amount_spike,Medium,Cleared,1,0,Done
ALT0001784,TXN00003769,2025-07-27 04:53:48,Card,Jaipur,Food Delivery,M1849,C45664,232816.63,0.789,night_burst,High,Investigating,0,0,Queue
ALT0001785,TXN00004469,2025-07-27 04:56:18,Wallet,Kolkata,Grocery,M1175,C27136,860.68,0.636,geo_mismatch,Medium,Investigating,0,0,Queue
ALT0001786,TXN00013798,2025-07-27 04:56:33,Card,Lucknow,Fuel,M1855,C59250,2600.79,0.485,new_payee,Low,Open,0,0,Queue
ALT0001787,TXN00020316,2025-07-27 05:06:50,Wallet,Kolkata,Utilities,M1768,C31355,555.53,0.559,velocity,Medium,Cleared,1,0,Done
ALT0001788,TXN00035677,2025-07-27 05:51:20,UPI,Delhi,Grocery,M1409,C27331,20737.12,0.606,amount_spike,Medium,Blocked,0,1,Done
ALT0001789,TXN00034856,2025-07-27 05:53:53,UPI,Pune,Gaming,M1071,C85376,2432.65,0.651,velocity,Medium,Cleared,1,0,Done
ALT0001790,TXN00043407,2025-07-27 05:55:13,UPI,Chandigarh,Fashion,M1605,C28498,75118.39,0.518,velocity,Low,Cleared,1,0,Done
ALT0001791,TXN00020465,2025-07-27 05:56:05,UPI,Chennai,Travel,M1674,C52071,3389.31,0.609,new_payee,Medium,Open,0,0,Queue
ALT0001792,TXN00030673,2025-07-27 05:56:24,Card,Chennai,Electronics,M1664,C68760,7878.69,0.492,new_payee,Low,Open,0,0,Queue
ALT0001793,TXN00038504,2025-07-27 06:11:51,Card,Kolkata,Food Delivery,M1399,C14187,1689.58,0.587,device,Medium,Blocked,0,1,Done
ALT0001794,TXN00031663,2025-07-27 06:28:45,Card,Jaipur,Food Delivery,M1071,C10533,35501.85,0.738,geo_mismatch,High,Blocked,0,1,Done
ALT0001795,TXN00031288,2025-07-27 06:35:25,UPI,Surat,Grocery,M1305,C24438,35669.07,0.564,new_payee,Medium,Open,0,0,Queue
ALT0001796,TXN00019395,2025-07-27 06:51:54,UPI,Surat,Travel,M1411,C15933,10348.11,0.509,velocity,Low,Cleared,1,0,Done
ALT0001797,TXN00034333,2025-07-27 07:10:43,Card,Surat,Utilities,M1384,C89667,169139.48,0.555,amount_spike,Medium,Open,0,0,Queue
ALT0001798,TXN00020857,2025-07-27 07:11:33,UPI,Lucknow,Food Delivery,M1794,C40886,71549.0,0.603,velocity,Medium,Investigating,0,0,Queue
ALT0001799,TXN00034158,2025-07-27 07:16:11,Card,Surat,Grocery,M1578,C43323,1832.38,0.579,velocity,Medium,Investigating,0,0,Queue
ALT0001800,TXN00042273,2025-07-27 07:30:36,Card,Hyderabad,Grocery,M1795,C28021,55015.64,0.733,device,High,Investigating,0,0,Queue
ALT0001801,TXN00040726,2025-07-27 08:14:01,UPI,Jaipur,Grocery,M1797,C49493,14178.44,0.572,velocity,Medium,Investigating,0,0,Queue
ALT0001802,TXN00022271,2025-07-27 08:22:35,UPI,Mumbai,Utilities,M1119,C43984,7931.44,0.608,geo_mismatch,Medium,Investigating,0,0,Queue
ALT0001803,TXN00006390,2025-07-27 08:27:22,Wallet,Pune,Food Delivery,M1152,C11583,23776.08,0.606,velocity,Medium,Investigating,0,0,Queue
ALT0001804,TXN00046825,2025-07-27 08:54:53,Card,Kochi,Grocery,M1039,C43306,4249.63,0.6,velocity,Medium,Escalated,0,0,Queue
ALT0001805,TXN00018887,2025-07-27 09:03:13,UPI,Jaipur,Education,M1315,C71293,34751.98,0.629,geo_mismatch,Medium,Investigating,0,0,Queue
ALT0001806,TXN00020688,2025-07-27 09:27:06,Card,Jaipur,Fuel,M1137,C62243,3010.83,0.498,velocity,Low,Investigating,0,0,Queue
ALT0001807,TXN00032231,2025-07-27 10:05:37,Wallet,Hyderabad,Utilities,M1247,C30811,1595.1,0.562,velocity,Medium,Cleared,1,0,Done
ALT0001808,TXN00029981,2025-07-27 10:20:24,UPI,Delhi,Utilities,M1590,C62518,3095.61,0.589,velocity,Medium,Investigating,0,0,Queue
ALT0001809,TXN00036680,2025-07-27 10:48:18,Wallet,Pune,Fuel,M1423,C40158,1162.98,0.59,velocity,Medium,Investigating,0,0,Queue
ALT0001810,TXN00008856,2025-07-27 12:04:10,UPI,Kolkata,Electronics,M1450,C67851,36171.44,0.511,geo_mismatch,Low,Cleared,1,0,Done
ALT0001811,TXN00030598,2025-07-27 12:53:21,Card,Pune,Electronics,M1297,C80413,7787.16,0.599,device,Medium,Cleared,1,0,Done
ALT0001812,TXN00014007,2025-07-27 13:23:28,UPI,Mumbai,Utilities,M1852,C86182,5444.59,0.49,velocity,Low,Investigating,0,0,Queue
ALT0001813,TXN00039403,2025-07-27 13:34:44,Wallet,Pune,Electronics,M1003,C27008,635.74,0.502,velocity,Low,Investigating,0,0,Queue
ALT0001814,TXN00042034,2025-07-27 13:50:01,UPI,Mumbai,Grocery,M1546,C10842,3300.66,0.589,geo_mismatch,Medium,Escalated,0,0,Queue
ALT0001815,TXN00011303,2025-07-27 14:35:50,UPI,Chandigarh,Fashion,M1140,C57981,6862.67,0.539,new_payee,Low,Escalated,0,0,Queue
ALT0001816,TXN00031267,2025-07-27 14:39:35,UPI,Hyderabad,Education,M1611,C56784,5582.69,0.648,velocity,Medium,Blocked,0,1,Done
ALT0001817,TXN00005309,2025-07-27 14:43:58,UPI,Hyderabad,Gaming,M1037,C75133,79281.15,0.482,new_payee,Low,Cleared,1,0,Done
ALT0001818,TXN00040642,2025-07-27 15:10:57,UPI,Pune,Education,M1158,C14010,193016.65,0.608,velocity,Medium,Open,0,0,Queue
ALT0001819,TXN00030021,2025-07-27 15:41:23,UPI,Delhi,Healthcare,M1170,C66810,1669.82,0.714,velocity,High,Blocked,1,1,Done
ALT0001820,TXN00030742,2025-07-27 16:06:38,UPI,Pune,Grocery,M1347,C18545,6765.25,0.586,new_payee,Medium,Investigating,0,0,Queue
ALT0001821,TXN00007658,2025-07-27 16:12:33,UPI,Jaipur,Electronics,M1695,C30372,11110.01,0.558,new_payee,Medium,Blocked,0,1,Done
ALT0001822,TXN00041210,2025-07-27 16:19:52,UPI,Indore,Grocery,M1550,C29399,4189.76,0.635,velocity,Medium,Investigating,0,0,Queue
ALT0001823,TXN00030930,2025-07-27 16:25:11,UPI,Bengaluru,Healthcare,M1768,C81132,112122.96,0.528,amount_spike,Low,Investigating,0,0,Queue
ALT0001824,TXN00027688,2025-07-27 16:26:44,Card,Indore,Education,M1050,C22616,1234.05,0.619,velocity,Medium,Cleared,1,0,Done
ALT0001825,TXN00039906,2025-07-27 16:27:35,UPI,Chennai,Fuel,M1075,C63293,413.61,0.593,device,Medium,Cleared,1,0,Done
ALT0001826,TXN00028271,2025-07-27 16:33:43,Wallet,Jaipur,Travel,M1594,C34159,6427.32,0.604,velocity,Medium,Blocked,0,1,Done
ALT0001827,TXN00036624,2025-07-27 16:42:46,UPI,Hyderabad,Electronics,M1302,C31904,10990.15,0.58,velocity,Medium,Cleared,1,0,Done
ALT0001828,TXN00011410,2025-07-27 16:49:32,UPI,Bengaluru,Electronics,M1442,C21632,1706.43,0.546,device,Low,Blocked,1,1,Done
ALT0001829,TXN00013133,2025-07-27 17:09:06,UPI,Mumbai,Education,M1614,C36948,25972.38,0.484,velocity,Low,Investigating,0,0,Queue
ALT0001830,TXN00037964,2025-07-27 17:14:09,UPI,Pune,Grocery,M1641,C35326,4339.16,0.597,device,Medium,Cleared,1,0,Done
ALT0001831,TXN00020997,2025-07-27 18:01:39,Card,Kolkata,Food Delivery,M1129,C14915,54062.98,0.597,device,Medium,Investigating,0,0,Queue
ALT0001832,TXN00008451,2025-07-27 18:33:02,UPI,Jaipur,Food Delivery,M1319,C63781,2346.36,0.546,velocity,Low,Cleared,1,0,Done
ALT0001833,TXN00036795,2025-07-27 18:55:41,UPI,Kochi,Fashion,M1251,C45343,865.81,0.509,geo_mismatch,Low,Cleared,1,0,Done
ALT0001834,TXN00006348,2025-07-27 19:22:14,UPI,Lucknow,Grocery,M1005,C44664,540.74,0.611,geo_mismatch,Medium,Cleared,1,0,Done
ALT0001835,TXN00027539,2025-07-27 20:30:48,Card,Chennai,Food Delivery,M1528,C85828,13515.72,0.602,geo_mismatch,Medium,Open,0,0,Queue
ALT0001836,TXN00031380,2025-07-27 21:04:39,Card,Hyderabad,Grocery,M1736,C69356,14860.33,0.619,new_payee,Medium,Investigating,0,0,Queue
ALT0001837,TXN00028939,2025-07-27 21:05:13,Card,Surat,Fashion,M1036,C51728,34158.93,0.55,amount_spike,Low,Cleared,1,0,Done
ALT0001838,TXN00017710,2025-07-27 21:06:04,UPI,Surat,Electronics,M1694,C50631,10126.15,0.585,velocity,Medium,Investigating,0,0,Queue
ALT0001839,TXN00042878,2025-07-27 21:18:18,UPI,Kochi,Utilities,M1130,C69442,6303.17,0.592,device,Medium,Cleared,1,0,Done
ALT0001840,TXN00026887,2025-07-27 21:29:15,Card,Kolkata,Fuel,M1332,C81424,183812.64,0.609,velocity,Medium,Blocked,1,1,Done
ALT0001841,TXN00001080,2025-07-27 21:45:02,UPI,Nagpur,Grocery,M1563,C86780,4894.44,0.602,new_payee,Medium,Cleared,1,0,Done
ALT0001842,TXN00009071,2025-07-27 21:50:32,UPI,Chandigarh,Fashion,M1490,C57399,821.36,0.645,velocity,Medium,Blocked,0,1,Done
ALT0001843,TXN00034746,2025-07-27 21:54:42,Wallet,Kochi,Fashion,M1378,C77809,12072.54,0.651,velocity,Medium,Escalated,0,0,Queue
ALT0001844,TXN00029299,2025-07-27 22:37:02,UPI,Kolkata,Grocery,M1099,C79196,37808.34,0.553,velocity,Medium,Blocked,1,1,Done
ALT0001845,TXN00041412,2025-07-27 23:01:40,UPI,Chennai,Food Delivery,M1101,C10202,10595.88,0.565,new_payee,Medium,Open,0,0,Queue
ALT0001846,TXN00047486,2025-07-27 23:06:56,Card,Delhi,Grocery,M1521,C12626,20788.82,0.61,amount_spike,Medium,Investigating,0,0,Queue
ALT0001847,TXN00040776,2025-07-27 23:19:01,Card,Chandigarh,Healthcare,M1642,C54896,92224.3,0.521,velocity,Low,Cleared,1,0,Done
ALT0001848,TXN00046074,2025-07-27 23:22:11,UPI,Chandigarh,Healthcare,M1091,C25937,2749.83,1.0,night_burst,Critical,Blocked,0,1,Done
ALT0001849,TXN00000591,2025-07-27 23:23:51,UPI,Nagpur,Grocery,M1329,C81812,899.4,0.71,velocity,High,Blocked,0,1,Done
ALT0001850,TXN00027007,2025-07-27 23:25:05,Card,Kochi,Electronics,M1062,C78774,10069.55,0.586,velocity,Medium,Investigating,0,0,Queue
ALT0001851,TXN00014738,2025-07-27 23:25:07,UPI,Indore,Electronics,M1851,C28341,645.47,0.615,velocity,Medium,Investigating,0,0,Queue
ALT0001852,TXN00047502,2025-07-27 23:25:50,UPI,Kolkata,Fuel,M1684,C25992,1695.22,0.514,velocity,Low,Investigating,0,0,Queue
ALT0001853,TXN00034650,2025-07-27 23:26:09,Card,Jaipur,Fuel,M1268,C42879,1745.78,0.603,velocity,Medium,Cleared,1,0,Done
ALT0001854,TXN00010636,2025-07-27 23:30:31,Card,Kochi,Fashion,M1331,C12356,31521.48,0.541,velocity,Low,Investigating,0,0,Queue
ALT0001855,TXN00012884,2025-07-27 23:30:48,UPI,Kolkata,Fuel,M1473,C26186,316.2,0.507,velocity,Low,Open,0,0,Queue
ALT0001856,TXN00012391,2025-07-27 23:32:31,Card,Kochi,Grocery,M1385,C51943,2014.19,0.594,velocity,Medium,Investigating,0,0,Queue
ALT0001857,TXN00016841,2025-07-27 23:35:00,Card,Kolkata,Fuel,M1568,C26200,30203.15,1.0,amount_spike,Critical,Blocked,0,1,Done
ALT0001858,TXN00047223,2025-07-27 23:43:22,UPI,Hyderabad,Utilities,M1354,C41174,2124.83,0.583,new_payee,Medium,Cleared,1,0,Done
ALT0001859,TXN00012349,2025-07-27 23:43:58,Card,Lucknow,Electronics,M1214,C22510,5911.91,0.495,velocity,Low,Cleared,1,0,Done
ALT0001860,TXN00025533,2025-07-27 23:47:05,UPI,Surat,Fashion,M1292,C18669,2686.34,0.504,velocity,Low,Cleared,1,0,Done
ALT0001861,TXN00019451,2025-07-28 00:02:30,UPI,Ahmedabad,Healthcare,M1241,C19977,780.14,0.558,velocity,Medium,Blocked,0,1,Done
ALT0001862,TXN00041718,2025-07-28 00:02:49,Card,Indore,Gaming,M1297,C51417,831.68,0.483,velocity,Low,Open,0,0,Queue
ALT0001863,TXN00039387,2025-07-28 00:09:33,Card,Jaipur,Fuel,M1134,C13923,95369.4,0.718,velocity,High,Blocked,0,1,Done
ALT0001864,TXN00031346,2025-07-28 00:10:59,Card,Pune,Education,M1618,C87982,5416.93,0.617,velocity,Medium,Blocked,1,1,Done
ALT0001865,TXN00021808,2025-07-28 00:15:23,Card,Kolkata,Food Delivery,M1566,C47888,1251.24,0.544,velocity,Low,Investigating,0,0,Queue
ALT0001866,TXN00025470,2025-07-28 00:20:44,UPI,Bengaluru,Healthcare,M1608,C40223,4922.83,0.61,night_burst,Medium,Investigating,0,0,Queue
ALT0001867,TXN00033111,2025-07-28 00:22:19,Card,Bengaluru,Fuel,M1609,C15446,74195.79,0.545,velocity,Low,Investigating,0,0,Queue
ALT0001868,TXN00015253,2025-07-28 00:22:48,UPI,Hyderabad,Food Delivery,M1024,C15335,14737.84,0.637,velocity,Medium,Cleared,1,0,Done
ALT0001869,TXN00033937,2025-07-28 00:55:22,UPI,Indore,Gaming,M1420,C51631,2047.87,0.574,velocity,Medium,Investigating,0,0,Queue
ALT0001870,TXN00017864,2025-07-28 00:59:28,UPI,Chennai,Electronics,M1232,C53121,5019.52,0.717,night_burst,High,Blocked,1,1,Done
ALT0001871,TXN00018426,2025-07-28 01:05:25,Card,Indore,Electronics,M1462,C66686,14472.43,0.497,night_burst,Low,Cleared,1,0,Done
ALT0001872,TXN00034371,2025-07-28 01:08:16,UPI,Mumbai,Electronics,M1621,C20508,7147.53,0.619,night_burst,Medium,Cleared,1,0,Done
ALT0001873,TXN00005046,2025-07-28 01:09:31,Card,Delhi,Fashion,M1432,C79304,20200.2,0.599,amount_spike,Medium,Cleared,1,0,Done
ALT0001874,TXN00037751,2025-07-28 01:10:01,UPI,Pune,Utilities,M1364,C67534,36034.59,0.589,night_burst,Medium,Investigating,0,0,Queue
ALT0001875,TXN00014859,2025-07-28 01:14:14,UPI,Ahmedabad,Food Delivery,M1269,C64727,5947.58,0.495,velocity,Low,Cleared,1,0,Done
ALT0001876,TXN00032547,2025-07-28 01:21:16,Card,Mumbai,Utilities,M1052,C28344,1288.21,0.527,velocity,Low,Cleared,1,0,Done
ALT0001877,TXN00045331,2025-07-28 01:26:16,UPI,Delhi,Healthcare,M1774,C47372,764.71,0.606,night_burst,Medium,Investigating,0,0,Queue
ALT0001878,TXN00008259,2025-07-28 01:27:48,Card,Bengaluru,Education,M1523,C70184,99273.91,0.914,amount_spike,Critical,Cleared,0,0,Done
ALT0001879,TXN00021436,2025-07-28 01:33:39,UPI,Kochi,Fuel,M1137,C16316,7317.3,0.593,night_burst,Medium,Open,0,0,Queue
ALT0001880,TXN00039999,2025-07-28 01:36:45,UPI,Nagpur,Grocery,M1645,C37827,18371.41,0.609,geo_mismatch,Medium,Investigating,0,0,Queue
ALT0001881,TXN00004822,2025-07-28 01:37:06,UPI,Pune,Fashion,M1655,C25291,7009.46,0.55,new_payee,Low,Cleared,1,0,Done
ALT0001882,TXN00009384,2025-07-28 01:38:01,UPI,Delhi,Travel,M1815,C72891,167042.47,0.569,velocity,Medium,Open,0,0,Queue
ALT0001883,TXN00040945,2025-07-28 01:43:06,UPI,Surat,Healthcare,M1122,C68097,1165.18,0.576,velocity,Medium,Investigating,0,0,Queue
ALT0001884,TXN00027493,2025-07-28 01:44:46,UPI,Hyderabad,Grocery,M1042,C18091,851.34,0.576,new_payee,Medium,Open,0,0,Queue
ALT0001885,TXN00027331,2025-07-28 01:52:51,Wallet,Mumbai,Gaming,M1591,C14112,10700.27,0.486,velocity,Low,Cleared,1,0,Done
ALT0001886,TXN00027992,2025-07-28 01:55:39,UPI,Surat,Fuel,M1591,C14430,3389.78,0.507,velocity,Low,Investigating,0,0,Queue
ALT0001887,TXN00009368,2025-07-28 02:06:50,UPI,Pune,Fashion,M1879,C74233,14295.6,0.747,velocity,High,Blocked,0,1,Done
ALT0001888,TXN00005218,2025-07-28 02:16:25,Card,Ahmedabad,Grocery,M1621,C33926,13417.81,0.541,geo_mismatch,Low,Cleared,1,0,Done
ALT0001889,TXN00046673,2025-07-28 02:17:53,Card,Chandigarh,Grocery,M1066,C49426,7597.13,0.493,velocity,Low,Investigating,0,0,Queue
ALT0001890,TXN00040044,2025-07-28 02:19:01,Wallet,Chandigarh,Fuel,M1131,C79833,2672.51,0.519,velocity,Low,Cleared,1,0,Done
ALT0001891,TXN00014425,2025-07-28 02:28:55,Card,Nagpur,Utilities,M1252,C86135,1943.52,0.731,night_burst,High,Blocked,0,1,Done
ALT0001892,TXN00017469,2025-07-28 02:39:52,UPI,Delhi,Fuel,M1547,C56153,9461.58,0.483,velocity,Low,Cleared,1,0,Done
ALT0001893,TXN00022256,2025-07-28 02:43:15,Card,Bengaluru,Fashion,M1500,C74359,61702.52,0.595,device,Medium,Open,0,0,Queue
ALT0001894,TXN00004961,2025-07-28 02:46:55,UPI,Indore,Grocery,M1059,C56383,20648.79,0.579,amount_spike,Medium,Escalated,0,0,Queue
ALT0001895,TXN00001979,2025-07-28 02:50:48,Wallet,Jaipur,Fashion,M1039,C33478,67332.44,0.601,device,Medium,Cleared,1,0,Done
ALT0001896,TXN00001218,2025-07-28 02:51:19,UPI,Nagpur,Travel,M1061,C51345,955.23,0.833,device,Critical,Escalated,0,0,Queue
ALT0001897,TXN00023879,2025-07-28 02:52:32,UPI,Bengaluru,Electronics,M1385,C44220,1314.59,0.521,velocity,Low,Investigating,0,0,Queue
ALT0001898,TXN00026127,2025-07-28 02:56:58,Card,Delhi,Travel,M1385,C26820,2765.23,0.546,velocity,Low,Blocked,0,1,Done
ALT0001899,TXN00014983,2025-07-28 03:01:50,Card,Pune,Fuel,M1077,C13287,4710.82,0.562,night_burst,Medium,Cleared,1,0,Done
ALT0001900,TXN00020253,2025-07-28 03:02:47,UPI,Kolkata,Grocery,M1195,C38984,7739.75,0.583,device,Medium,Investigating,0,0,Queue
ALT0001901,TXN00034341,2025-07-28 03:14:34,Wallet,Surat,Utilities,M1678,C86825,2042.91,0.518,velocity,Low,Cleared,1,0,Done
ALT0001902,TXN00035844,2025-07-28 03:25:42,Card,Hyderabad,Electronics,M1562,C70136,16301.5,0.558,night_burst,Medium,Open,0,0,Queue
ALT0001903,TXN00035643,2025-07-28 03:30:08,Card,Nagpur,Gaming,M1584,C88192,4706.9,0.505,night_burst,Low,Cleared,1,0,Done
ALT0001904,TXN00042073,2025-07-28 03:33:48,UPI,Kochi,Travel,M1111,C17762,918.22,0.576,velocity,Medium,Cleared,1,0,Done
ALT0001905,TXN00031911,2025-07-28 03:34:43,Card,Mumbai,Electronics,M1415,C40664,28258.12,0.48,velocity,Low,Cleared,1,0,Done
ALT0001906,TXN00042291,2025-07-28 03:44:39,UPI,Lucknow,Travel,M1874,C43101,433.85,0.595,new_payee,Medium,Blocked,1,1,Done
ALT0001907,TXN00027355,2025-07-28 03:44:54,Card,Chennai,Healthcare,M1836,C24874,12517.31,0.826,velocity,Critical,Blocked,0,1,Done
ALT0001908,TXN00027191,2025-07-28 03:58:52,Card,Nagpur,Grocery,M1526,C84855,5610.31,0.576,velocity,Medium,Investigating,0,0,Queue
ALT0001909,TXN00013299,2025-07-28 04:07:31,UPI,Mumbai,Travel,M1682,C61898,2120.54,0.524,velocity,Low,Open,0,0,Queue
ALT0001910,TXN00021244,2025-07-28 04:10:01,Card,Nagpur,Gaming,M1165,C12285,10302.89,0.752,device,High,Investigating,0,0,Queue
ALT0001911,TXN00005631,2025-07-28 04:11:51,Card,Indore,Fuel,M1434,C16897,50146.19,0.483,amount_spike,Low,Cleared,1,0,Done
ALT0001912,TXN00029519,2025-07-28 04:11:53,UPI,Surat,Grocery,M1586,C66467,7289.87,0.574,new_payee,Medium,Escalated,0,0,Queue
ALT0001913,TXN00037238,2025-07-28 04:15:55,Card,Nagpur,Electronics,M1178,C30987,4767.55,0.487,velocity,Low,Cleared,1,0,Done
ALT0001914,TXN00046310,2025-07-28 04:16:21,Card,Jaipur,Electronics,M1488,C48154,3556.84,0.546,night_burst,Low,Cleared,1,0,Done
ALT0001915,TXN00040610,2025-07-28 04:17:08,UPI,Mumbai,Fashion,M1522,C55141,2937.22,0.611,velocity,Medium,Investigating,0,0,Queue
ALT0001916,TXN00001624,2025-07-28 04:28:18,UPI,Lucknow,Fashion,M1753,C67358,1565.35,0.539,velocity,Low,Escalated,0,0,Queue
ALT0001917,TXN00044938,2025-07-28 04:29:09,Card,Surat,Fuel,M1469,C35810,150900.86,0.62,velocity,Medium,Investigating,0,0,Queue
ALT0001918,TXN00028527,2025-07-28 04:35:14,UPI,Surat,Travel,M1408,C50755,4218.9,0.601,night_burst,Medium,Open,0,0,Queue
ALT0001919,TXN00037126,2025-07-28 04:45:52,Wallet,Surat,Food Delivery,M1451,C35758,4592.34,0.542,velocity,Low,Cleared,1,0,Done
ALT0001920,TXN00021798,2025-07-28 04:50:23,UPI,Ahmedabad,Utilities,M1798,C36197,1259.97,0.535,velocity,Low,Blocked,0,1,Done
ALT0001921,TXN00005237,2025-07-28 04:51:10,Card,Indore,Education,M1319,C67217,1542.59,0.481,new_payee,Low,Cleared,1,0,Done
ALT0001922,TXN00047717,2025-07-28 04:51:57,UPI,Lucknow,Food Delivery,M1361,C87356,2150.6,0.575,velocity,Medium,Cleared,1,0,Done
ALT0001923,TXN00018676,2025-07-28 04:53:34,Card,Lucknow,Education,M1771,C75016,20579.37,0.643,velocity,Medium,Cleared,1,0,Done
ALT0001924,TXN00027522,2025-07-28 04:53:39,Wallet,Kolkata,Healthcare,M1214,C14447,5192.5,0.561,device,Medium,Blocked,0,1,Done
ALT0001925,TXN00012906,2025-07-28 04:55:49,UPI,Chennai,Gaming,M1530,C63232,31603.0,0.506,new_payee,Low,Open,0,0,Queue
ALT0001926,TXN00037465,2025-07-28 04:59:42,UPI,Jaipur,Food Delivery,M1349,C80065,13585.2,0.498,velocity,Low,Open,0,0,Queue
ALT0001927,TXN00007634,2025-07-28 05:07:39,Card,Delhi,Fuel,M1317,C53936,3383.71,0.85,new_payee,Critical,Cleared,0,0,Done
ALT0001928,TXN00003377,2025-07-28 06:22:18,UPI,Mumbai,Fashion,M1393,C10623,11611.9,0.624,device,Medium,Investigating,0,0,Queue
ALT0001929,TXN00034676,2025-07-28 06:41:07,Wallet,Nagpur,Grocery,M1745,C43437,722.78,0.519,device,Low,Open,0,0,Queue
ALT0001930,TXN00023418,2025-07-28 06:51:56,UPI,Chandigarh,Grocery,M1485,C48136,3578.69,0.637,new_payee,Medium,Open,0,0,Queue
ALT0001931,TXN00036590,2025-07-28 07:16:30,Card,Jaipur,Fuel,M1370,C22421,42867.75,0.563,amount_spike,Medium,Investigating,0,0,Queue
ALT0001932,TXN00031633,2025-07-28 07:44:00,UPI,Kochi,Grocery,M1834,C72298,32328.06,0.525,amount_spike,Low,Investigating,0,0,Queue
ALT0001933,TXN00023637,2025-07-28 07:59:54,Card,Jaipur,Fashion,M1813,C76596,10735.21,0.649,device,Medium,Cleared,1,0,Done
ALT0001934,TXN00017334,2025-07-28 08:19:26,Card,Mumbai,Food Delivery,M1509,C78638,3620.7,0.562,velocity,Medium,Blocked,0,1,Done
ALT0001935,TXN00039024,2025-07-28 09:23:55,UPI,Delhi,Grocery,M1127,C55780,101055.19,0.52,device,Low,Cleared,1,0,Done
ALT0001936,TXN00022324,2025-07-28 09:35:20,Card,Hyderabad,Travel,M1894,C14764,19178.03,0.635,amount_spike,Medium,Open,0,0,Queue
ALT0001937,TXN00035212,2025-07-28 09:46:55,UPI,Ahmedabad,Gaming,M1501,C37681,1211.67,0.504,velocity,Low,Investigating,0,0,Queue
ALT0001938,TXN00023567,2025-07-28 09:56:09,Card,Indore,Food Delivery,M1510,C30746,45392.65,0.48,amount_spike,Low,Cleared,1,0,Done
ALT0001939,TXN00022593,2025-07-28 10:16:43,UPI,Pune,Fashion,M1312,C46040,6558.55,0.538,geo_mismatch,Low,Blocked,0,1,Done
ALT0001940,TXN00001989,2025-07-28 10:21:09,UPI,Indore,Fuel,M1141,C27478,629.92,0.641,device,Medium,Blocked,1,1,Done
ALT0001941,TXN00046413,2025-07-28 12:22:42,Card,Mumbai,Electronics,M1504,C35640,1477.29,0.498,velocity,Low,Cleared,1,0,Done
ALT0001942,TXN00037098,2025-07-28 12:29:18,Wallet,Ahmedabad,Grocery,M1598,C49656,1128.57,0.512,new_payee,Low,Cleared,1,0,Done
ALT0001943,TXN00031522,2025-07-28 13:17:43,Card,Lucknow,Education,M1577,C12327,11775.4,0.548,device,Low,Open,0,0,Queue
ALT0001944,TXN00008770,2025-07-28 14:11:57,UPI,Nagpur,Utilities,M1054,C39809,1391.11,0.511,new_payee,Low,Escalated,0,0,Queue
ALT0001945,TXN00014728,2025-07-28 15:05:17,Card,Lucknow,Fuel,M1296,C86873,6449.99,0.618,velocity,Medium,Cleared,1,0,Done
ALT0001946,TXN00025772,2025-07-28 15:55:21,Card,Ahmedabad,Fuel,M1846,C52771,26745.42,0.645,amount_spike,Medium,Blocked,0,1,Done
ALT0001947,TXN00038633,2025-07-28 16:14:49,Card,Delhi,Gaming,M1767,C19144,34963.79,0.606,amount_spike,Medium,Investigating,0,0,Queue
ALT0001948,TXN00002748,2025-07-28 16:21:13,UPI,Jaipur,Fuel,M1721,C63481,159719.6,0.562,new_payee,Medium,Cleared,1,0,Done
ALT0001949,TXN00038894,2025-07-28 16:26:00,Card,Lucknow,Electronics,M1387,C63663,4735.41,0.63,velocity,Medium,Open,0,0,Queue
ALT0001950,TXN00027990,2025-07-28 16:33:40,UPI,Chennai,Electronics,M1811,C29689,16168.33,0.632,device,Medium,Cleared,1,0,Done
ALT0001951,TXN00020338,2025-07-28 16:53:57,Card,Chennai,Grocery,M1034,C76994,149845.27,0.633,velocity,Medium,Cleared,1,0,Done
ALT0001952,TXN00045472,2025-07-28 16:58:32,UPI,Pune,Gaming,M1770,C75528,15038.26,0.504,device,Low,Cleared,1,0,Done
ALT0001953,TXN00027386,2025-07-28 17:52:36,UPI,Bengaluru,Electronics,M1414,C38008,441.8,0.562,device,Medium,Cleared,1,0,Done
ALT0001954,TXN00001392,2025-07-28 17:57:09,Card,Bengaluru,Fuel,M1107,C68495,34160.49,0.545,new_payee,Low,Cleared,1,0,Done
ALT0001955,TXN00037478,2025-07-28 18:02:08,Card,Indore,Travel,M1250,C61467,90692.41,0.619,velocity,Medium,Open,0,0,Queue
ALT0001956,TXN00036766,2025-07-28 18:29:49,Card,Kolkata,Grocery,M1843,C74076,15258.35,0.501,velocity,Low,Cleared,1,0,Done
ALT0001957,TXN00025253,2025-07-28 18:57:53,UPI,Jaipur,Fashion,M1027,C76530,7172.1,0.52,new_payee,Low,Open,0,0,Queue
ALT0001958,TXN00006823,2025-07-28 22:24:39,UPI,Hyderabad,Fuel,M1673,C86476,1178.15,0.651,velocity,Medium,Investigating,0,0,Queue
ALT0001959,TXN00026359,2025-07-28 23:00:46,Card,Chandigarh,Food Delivery,M1117,C79367,74264.55,0.512,velocity,Low,Open,0,0,Queue
ALT0001960,TXN00045207,2025-07-28 23:02:22,Card,Nagpur,Fuel,M1618,C71637,27295.99,0.583,amount_spike,Medium,Open,0,0,Queue
ALT0001961,TXN00008221,2025-07-28 23:02:48,Card,Jaipur,Fashion,M1455,C23924,1090.15,0.679,new_payee,Medium,Cleared,1,0,Done
ALT0001962,TXN00015952,2025-07-28 23:04:34,UPI,Kolkata,Healthcare,M1785,C89886,15218.89,0.481,amount_spike,Low,Investigating,0,0,Queue
ALT0001963,TXN00018350,2025-07-28 23:20:42,Wallet,Delhi,Food Delivery,M1859,C41294,1431.87,0.528,velocity,Low,Investigating,0,0,Queue
ALT0001964,TXN00012807,2025-07-28 23:23:07,UPI,Kolkata,Grocery,M1399,C24302,1635.84,0.493,new_payee,Low,Open,0,0,Queue
ALT0001965,TXN00004282,2025-07-28 23:24:06,Card,Pune,Food Delivery,M1163,C88158,236797.63,0.886,night_burst,Critical,Blocked,0,1,Done
ALT0001966,TXN00014559,2025-07-28 23:24:22,UPI,Indore,Fashion,M1518,C41467,4407.33,0.525,night_burst,Low,Investigating,0,0,Queue
ALT0001967,TXN00006643,2025-07-28 23:26:30,UPI,Chandigarh,Grocery,M1514,C38958,6143.48,0.551,velocity,Medium,Open,0,0,Queue
ALT0001968,TXN00004579,2025-07-28 23:33:12,UPI,Indore,Education,M1184,C88275,2184.51,0.558,new_payee,Medium,Blocked,0,1,Done
ALT0001969,TXN00002898,2025-07-28 23:33:21,Card,Chandigarh,Fuel,M1147,C34145,21475.81,0.595,velocity,Medium,Escalated,0,0,Queue
ALT0001970,TXN00001316,2025-07-28 23:39:43,UPI,Delhi,Food Delivery,M1208,C34065,17661.16,0.555,new_payee,Medium,Blocked,1,1,Done
ALT0001971,TXN00014218,2025-07-28 23:40:00,UPI,Nagpur,Utilities,M1195,C44989,1208.38,0.618,velocity,Medium,Cleared,1,0,Done
ALT0001972,TXN00000996,2025-07-28 23:54:58,Wallet,Chandigarh,Grocery,M1557,C39546,2679.92,0.557,velocity,Medium,Investigating,0,0,Queue
ALT0001973,TXN00015114,2025-07-29 00:02:10,UPI,Bengaluru,Travel,M1389,C76095,1435.01,0.608,night_burst,Medium,Cleared,1,0,Done
ALT0001974,TXN00023722,2025-07-29 00:02:24,Wallet,Delhi,Healthcare,M1232,C13257,4018.5,0.598,night_burst,Medium,Open,0,0,Queue
ALT0001975,TXN00023407,2025-07-29 00:04:18,UPI,Indore,Travel,M1563,C52376,1610.5,0.505,velocity,Low,Cleared,1,0,Done
ALT0001976,TXN00023990,2025-07-29 00:05:16,Wallet,Surat,Grocery,M1092,C40412,2741.06,0.607,night_burst,Medium,Investigating,0,0,Queue
ALT0001977,TXN00011670,2025-07-29 00:06:26,Card,Lucknow,Grocery,M1492,C74256,14720.96,0.563,velocity,Medium,Open,0,0,Queue
ALT0001978,TXN00039896,2025-07-29 00:06:48,UPI,Surat,Fashion,M1675,C28217,878.91,0.569,night_burst,Medium,Open,0,0,Queue
ALT0001979,TXN00027971,2025-07-29 00:13:28,UPI,Ahmedabad,Travel,M1546,C55837,3701.48,0.798,velocity,High,Investigating,0,0,Queue
ALT0001980,TXN00046102,2025-07-29 00:17:18,UPI,Bengaluru,Utilities,M1676,C67538,3019.86,0.577,velocity,Medium,Blocked,0,1,Done
ALT0001981,TXN00029057,2025-07-29 00:18:50,UPI,Kolkata,Electronics,M1853,C43813,681.31,0.712,new_payee,High,Investigating,0,0,Queue
ALT0001982,TXN00008107,2025-07-29 00:21:29,UPI,Lucknow,Fashion,M1751,C24397,56314.08,0.69,device,High,Blocked,0,1,Done
ALT0001983,TXN00018045,2025-07-29 00:21:44,UPI,Hyderabad,Utilities,M1484,C58451,13335.25,0.831,new_payee,Critical,Open,0,0,Queue
ALT0001984,TXN00000707,2025-07-29 00:25:08,UPI,Kochi,Food Delivery,M1221,C60164,641.17,0.537,velocity,Low,Cleared,1,0,Done
ALT0001985,TXN00045767,2025-07-29 00:36:33,UPI,Jaipur,Grocery,M1787,C81997,25035.51,0.483,new_payee,Low,Investigating,0,0,Queue
ALT0001986,TXN00010216,2025-07-29 00:38:19,UPI,Hyderabad,Grocery,M1734,C77187,1579.49,0.524,night_burst,Low,Cleared,1,0,Done
ALT0001987,TXN00006901,2025-07-29 00:39:42,UPI,Jaipur,Grocery,M1686,C70665,3367.49,0.788,velocity,High,Investigating,0,0,Queue
ALT0001988,TXN00010235,2025-07-29 00:43:14,UPI,Jaipur,Fashion,M1655,C46921,19252.6,0.593,velocity,Medium,Open,0,0,Queue
ALT0001989,TXN00014398,2025-07-29 00:47:32,Wallet,Ahmedabad,Food Delivery,M1184,C42762,17760.33,0.536,amount_spike,Low,Cleared,1,0,Done
ALT0001990,TXN00027424,2025-07-29 00:54:08,UPI,Chandigarh,Gaming,M1455,C16319,10329.43,0.627,velocity,Medium,Cleared,1,0,Done
ALT0001991,TXN00005682,2025-07-29 01:04:47,UPI,Mumbai,Travel,M1467,C89910,2485.64,0.562,velocity,Medium,Open,0,0,Queue
ALT0001992,TXN00041587,2025-07-29 01:13:17,Card,Delhi,Healthcare,M1419,C63261,1597.18,0.595,velocity,Medium,Blocked,0,1,Done
ALT0001993,TXN00018153,2025-07-29 01:20:34,Card,Kochi,Grocery,M1656,C33942,2947.24,0.517,night_burst,Low,Blocked,0,1,Done
ALT0001994,TXN00002511,2025-07-29 01:30:12,UPI,Nagpur,Education,M1733,C77276,3186.59,0.678,new_payee,Medium,Cleared,1,0,Done
ALT0001995,TXN00047351,2025-07-29 01:31:44,Card,Kochi,Healthcare,M1038,C59292,305523.87,0.742,night_burst,High,Investigating,0,0,Queue
ALT0001996,TXN00006012,2025-07-29 01:36:20,Card,Nagpur,Grocery,M1259,C35201,16541.09,0.759,night_burst,High,Blocked,0,1,Done
ALT0001997,TXN00046406,2025-07-29 01:41:38,Wallet,Pune,Grocery,M1629,C49806,6210.38,0.626,device,Medium,Investigating,0,0,Queue
ALT0001998,TXN00015987,2025-07-29 01:41:56,Card,Chandigarh,Travel,M1304,C74124,4533.97,0.521,velocity,Low,Investigating,0,0,Queue
ALT0001999,TXN00014908,2025-07-29 01:59:53,Wallet,Chandigarh,Food Delivery,M1633,C21713,3183.86,0.575,night_burst,Medium,Open,0,0,Queue
ALT0002000,TXN00009638,2025-07-29 02:18:02,UPI,Hyderabad,Utilities,M1305,C53495,3952.67,0.522,velocity,Low,Open,0,0,Queue
ALT0002001,TXN00004594,2025-07-29 02:19:36,Card,Hyderabad,Fashion,M1462,C23637,5420.85,0.813,device,High,Escalated,0,0,Queue
ALT0002002,TXN00030834,2025-07-29 02:22:45,UPI,Pune,Food Delivery,M1801,C88318,1619.68,0.515,night_burst,Low,Investigating,0,0,Queue
ALT0002003,TXN00042580,2025-07-29 02:30:02,UPI,Chennai,Grocery,M1602,C25306,1131.51,0.607,velocity,Medium,Cleared,1,0,Done
ALT0002004,TXN00009268,2025-07-29 02:33:44,UPI,Delhi,Grocery,M1152,C43461,9476.49,0.617,velocity,Medium,Open,0,0,Queue
ALT0002005,TXN00046044,2025-07-29 02:34:31,UPI,Indore,Travel,M1185,C42677,1675.84,0.733,night_burst,High,Blocked,0,1,Done
ALT0002006,TXN00011551,2025-07-29 02:38:16,UPI,Delhi,Fuel,M1709,C36530,19952.11,0.55,velocity,Low,Investigating,0,0,Queue
ALT0002007,TXN00047966,2025-07-29 02:39:55,Wallet,Surat,Fuel,M1714,C85420,16753.12,0.567,amount_spike,Medium,Escalated,0,0,Queue
ALT0002008,TXN00000740,2025-07-29 02:45:23,UPI,Pune,Electronics,M1896,C59543,5296.52,0.499,velocity,Low,Blocked,1,1,Done
ALT0002009,TXN00022997,2025-07-29 02:46:52,UPI,Pune,Utilities,M1629,C24619,389.64,0.534,night_burst,Low,Investigating,0,0,Queue
ALT0002010,TXN00008416,2025-07-29 02:48:47,UPI,Hyderabad,Fuel,M1378,C20417,11043.6,0.66,new_payee,Medium,Open,0,0,Queue
ALT0002011,TXN00019190,2025-07-29 02:50:26,UPI,Lucknow,Electronics,M1061,C61329,1004.53,0.659,night_burst,Medium,Open,0,0,Queue
ALT0002012,TXN00023756,2025-07-29 02:50:57,Card,Jaipur,Fashion,M1452,C23921,8841.71,0.775,night_burst,High,Blocked,0,1,Done
ALT0002013,TXN00039141,2025-07-29 02:51:21,UPI,Bengaluru,Electronics,M1858,C27373,962.33,0.483,night_burst,Low,Investigating,0,0,Queue
ALT0002014,TXN00034313,2025-07-29 02:51:56,UPI,Mumbai,Food Delivery,M1299,C28779,11197.75,0.544,night_burst,Low,Cleared,1,0,Done
ALT0002015,TXN00040740,2025-07-29 02:57:16,UPI,Indore,Gaming,M1428,C74203,29199.8,0.605,new_payee,Medium,Open,0,0,Queue
ALT0002016,TXN00030663,2025-07-29 02:58:24,Card,Bengaluru,Gaming,M1558,C70738,10425.54,0.582,velocity,Medium,Cleared,1,0,Done
ALT0002017,TXN00022134,2025-07-29 02:58:54,Wallet,Kochi,Travel,M1577,C45509,35144.77,0.686,velocity,High,Blocked,0,1,Done
ALT0002018,TXN00041748,2025-07-29 02:59:29,UPI,Kochi,Grocery,M1484,C44573,19653.38,0.486,amount_spike,Low,Cleared,1,0,Done
ALT0002019,TXN00022339,2025-07-29 03:00:39,UPI,Jaipur,Grocery,M1103,C13929,6339.9,0.701,velocity,High,Cleared,0,0,Done
ALT0002020,TXN00024900,2025-07-29 03:14:08,Card,Kochi,Gaming,M1311,C72414,10177.03,0.778,velocity,High,Investigating,0,0,Queue
ALT0002021,TXN00004271,2025-07-29 03:24:41,UPI,Surat,Fuel,M1544,C73725,15178.5,0.719,amount_spike,High,Blocked,0,1,Done
ALT0002022,TXN00035123,2025-07-29 03:26:19,Wallet,Nagpur,Healthcare,M1076,C46141,8547.99,0.791,night_burst,High,Blocked,0,1,Done
ALT0002023,TXN00005642,2025-07-29 03:31:30,Card,Indore,Grocery,M1508,C79911,14143.2,0.514,night_burst,Low,Cleared,1,0,Done
ALT0002024,TXN00043971,2025-07-29 03:36:48,UPI,Hyderabad,Grocery,M1876,C74693,1440.18,0.488,new_payee,Low,Cleared,1,0,Done
ALT0002025,TXN00015643,2025-07-29 03:57:58,UPI,Nagpur,Education,M1705,C67212,6479.4,0.556,velocity,Medium,Investigating,0,0,Queue
ALT0002026,TXN00012896,2025-07-29 04:01:52,Wallet,Chandigarh,Food Delivery,M1545,C54624,1147.94,0.816,night_burst,High,Blocked,0,1,Done
ALT0002027,TXN00004087,2025-07-29 04:08:54,UPI,Bengaluru,Electronics,M1665,C64185,8053.15,0.69,device,High,Investigating,0,0,Queue
ALT0002028,TXN00023149,2025-07-29 04:08:57,Card,Bengaluru,Travel,M1549,C53330,14229.24,0.595,night_burst,Medium,Open,0,0,Queue
ALT0002029,TXN00021126,2025-07-29 04:10:20,UPI,Nagpur,Fuel,M1354,C33986,5370.18,0.505,night_burst,Low,Cleared,1,0,Done
ALT0002030,TXN00026332,2025-07-29 04:12:32,UPI,Chennai,Fuel,M1711,C85343,230.92,0.66,velocity,Medium,Escalated,0,0,Queue
ALT0002031,TXN00013694,2025-07-29 04:14:55,UPI,Ahmedabad,Fashion,M1146,C78723,849.67,0.558,device,Medium,Cleared,1,0,Done
ALT0002032,TXN00017182,2025-07-29 04:16:56,UPI,Delhi,Gaming,M1833,C89874,670.01,0.589,velocity,Medium,Blocked,1,1,Done
ALT0002033,TXN00015583,2025-07-29 04:20:47,UPI,Bengaluru,Utilities,M1587,C11267,2584.57,0.546,new_payee,Low,Escalated,0,0,Queue
ALT0002034,TXN00036572,2025-07-29 04:26:36,Card,Ahmedabad,Fashion,M1125,C79660,1962.79,0.549,new_payee,Low,Blocked,0,1,Done
ALT0002035,TXN00046841,2025-07-29 04:42:27,Wallet,Delhi,Food Delivery,M1581,C56663,3414.25,0.773,velocity,High,Investigating,0,0,Queue
ALT0002036,TXN00035414,2025-07-29 04:43:49,UPI,Chandigarh,Utilities,M1753,C49739,14088.69,0.501,velocity,Low,Cleared,1,0,Done
ALT0002037,TXN00033280,2025-07-29 04:45:22,Card,Surat,Grocery,M1109,C69784,31972.08,0.519,amount_spike,Low,Investigating,0,0,Queue
ALT0002038,TXN00047923,2025-07-29 04:48:44,UPI,Chandigarh,Fashion,M1599,C78386,747.23,0.572,new_payee,Medium,Open,0,0,Queue
ALT0002039,TXN00000949,2025-07-29 04:52:05,Card,Bengaluru,Electronics,M1719,C55696,9506.38,0.498,night_burst,Low,Open,0,0,Queue
ALT0002040,TXN00039637,2025-07-29 04:59:41,UPI,Indore,Food Delivery,M1257,C16698,1832.27,0.543,velocity,Low,Investigating,0,0,Queue
ALT0002041,TXN00038531,2025-07-29 04:59:41,Card,Lucknow,Healthcare,M1781,C11941,153213.41,0.581,amount_spike,Medium,Cleared,1,0,Done
ALT0002042,TXN00004673,2025-07-29 05:10:22,Wallet,Mumbai,Travel,M1523,C23863,353.14,0.491,new_payee,Low,Cleared,1,0,Done
ALT0002043,TXN00045017,2025-07-29 06:47:28,Card,Nagpur,Fashion,M1198,C52752,44755.68,0.494,velocity,Low,Open,0,0,Queue
ALT0002044,TXN00019552,2025-07-29 07:36:07,UPI,Ahmedabad,Fashion,M1704,C27516,2704.69,0.554,device,Medium,Blocked,1,1,Done
ALT0002045,TXN00042119,2025-07-29 07:44:37,Wallet,Ahmedabad,Electronics,M1382,C10419,5361.26,0.542,velocity,Low,Cleared,1,0,Done
ALT0002046,TXN00036815,2025-07-29 07:59:00,Card,Hyderabad,Utilities,M1490,C33889,1392.78,0.614,geo_mismatch,Medium,Investigating,0,0,Queue
ALT0002047,TXN00021884,2025-07-29 08:46:35,Card,Chennai,Food Delivery,M1846,C59563,38069.15,0.607,velocity,Medium,Cleared,1,0,Done
ALT0002048,TXN00047879,2025-07-29 08:47:23,UPI,Nagpur,Healthcare,M1205,C42142,39121.71,0.587,velocity,Medium,Escalated,0,0,Queue
ALT0002049,TXN00041376,2025-07-29 08:48:51,UPI,Chennai,Gaming,M1066,C48097,27054.64,0.774,amount_spike,High,Investigating,0,0,Queue
ALT0002050,TXN00001651,2025-07-29 09:08:11,UPI,Mumbai,Utilities,M1383,C48220,6711.56,0.625,geo_mismatch,Medium,Blocked,1,1,Done
ALT0002051,TXN00012878,2025-07-29 09:50:41,UPI,Ahmedabad,Fuel,M1446,C31104,927.6,0.602,device,Medium,Open,0,0,Queue
ALT0002052,TXN00045285,2025-07-29 10:40:55,Card,Surat,Healthcare,M1648,C55646,4548.58,0.481,new_payee,Low,Cleared,1,0,Done
ALT0002053,TXN00031161,2025-07-29 11:01:35,Card,Chennai,Healthcare,M1014,C59783,16577.75,0.562,velocity,Medium,Open,0,0,Queue
ALT0002054,TXN00005648,2025-07-29 11:36:13,Card,Lucknow,Grocery,M1140,C48121,64761.7,0.511,device,Low,Cleared,1,0,Done
ALT0002055,TXN00027233,2025-07-29 11:46:32,Card,Kolkata,Utilities,M1310,C88388,597.14,0.584,new_payee,Medium,Cleared,1,0,Done
ALT0002056,TXN00005898,2025-07-29 12:07:50,Card,Chennai,Food Delivery,M1616,C27976,37696.42,0.567,amount_spike,Medium,Investigating,0,0,Queue
ALT0002057,TXN00039739,2025-07-29 12:21:56,UPI,Lucknow,Food Delivery,M1242,C12681,5659.54,0.573,geo_mismatch,Medium,Open,0,0,Queue
ALT0002058,TXN00040779,2025-07-29 12:38:06,Card,Delhi,Gaming,M1508,C35311,18307.61,0.586,velocity,Medium,Investigating,0,0,Queue
ALT0002059,TXN00008927,2025-07-29 14:53:10,Card,Chandigarh,Electronics,M1137,C44029,92836.38,0.609,amount_spike,Medium,Investigating,0,0,Queue
ALT0002060,TXN00039456,2025-07-29 16:09:08,UPI,Chennai,Grocery,M1893,C27778,1178.2,0.563,velocity,Medium,Investigating,0,0,Queue
ALT0002061,TXN00030461,2025-07-29 16:35:33,Card,Kochi,Fashion,M1246,C73872,326286.42,0.608,velocity,Medium,Cleared,1,0,Done
ALT0002062,TXN00002500,2025-07-29 17:21:34,UPI,Ahmedabad,Fashion,M1707,C87208,1774.61,0.586,velocity,Medium,Open,0,0,Queue
ALT0002063,TXN00010215,2025-07-29 18:42:21,UPI,Indore,Fashion,M1862,C40854,2440.62,0.587,geo_mismatch,Medium,Open,0,0,Queue
ALT0002064,TXN00002334,2025-07-29 19:00:46,Wallet,Surat,Grocery,M1125,C69619,25960.7,0.58,new_payee,Medium,Investigating,0,0,Queue
ALT0002065,TXN00019679,2025-07-29 19:04:11,UPI,Delhi,Grocery,M1281,C22800,2083.62,0.55,device,Low,Cleared,1,0,Done
ALT0002066,TXN00043439,2025-07-29 19:11:54,UPI,Chandigarh,Utilities,M1564,C41412,1316.38,0.617,velocity,Medium,Blocked,0,1,Done
ALT0002067,TXN00020359,2025-07-29 19:17:23,UPI,Kolkata,Education,M1520,C80052,805.71,0.633,velocity,Medium,Investigating,0,0,Queue
ALT0002068,TXN00047215,2025-07-29 19:23:05,Card,Pune,Travel,M1749,C78160,3319.49,0.594,velocity,Medium,Investigating,0,0,Queue
ALT0002069,TXN00039761,2025-07-29 19:36:58,UPI,Lucknow,Travel,M1090,C59492,8957.26,0.569,velocity,Medium,Investigating,0,0,Queue
ALT0002070,TXN00006218,2025-07-29 19:44:55,Wallet,Delhi,Fuel,M1872,C21099,419.24,0.607,new_payee,Medium,Cleared,1,0,Done
ALT0002071,TXN00025891,2025-07-29 20:17:15,Wallet,Chennai,Travel,M1680,C40841,2364.87,0.524,geo_mismatch,Low,Blocked,1,1,Done
ALT0002072,TXN00025546,2025-07-29 20:29:42,Wallet,Hyderabad,Healthcare,M1421,C73096,1300.43,0.621,velocity,Medium,Investigating,0,0,Queue
ALT0002073,TXN00002278,2025-07-29 20:49:39,Card,Pune,Grocery,M1011,C44035,53570.67,0.747,velocity,High,Open,0,0,Queue
ALT0002074,TXN00034727,2025-07-29 21:41:38,UPI,Delhi,Education,M1674,C64254,43077.62,0.738,device,High,Investigating,0,0,Queue
ALT0002075,TXN00038049,2025-07-29 21:45:53,Card,Ahmedabad,Fuel,M1792,C52738,461.86,0.63,device,Medium,Investigating,0,0,Queue
ALT0002076,TXN00004051,2025-07-29 22:01:00,UPI,Indore,Fashion,M1210,C71783,63612.82,0.633,velocity,Medium,Blocked,1,1,Done
ALT0002077,TXN00033170,2025-07-29 22:34:25,UPI,Indore,Healthcare,M1546,C69784,1881.37,0.487,new_payee,Low,Cleared,1,0,Done
ALT0002078,TXN00030795,2025-07-29 22:40:02,Card,Chandigarh,Travel,M1535,C18479,4901.56,0.665,geo_mismatch,Medium,Blocked,0,1,Done
ALT0002079,TXN00032213,2025-07-29 23:02:07,UPI,Delhi,Fuel,M1108,C42248,712.65,0.562,new_payee,Medium,Cleared,1,0,Done
ALT0002080,TXN00017888,2025-07-29 23:09:31,UPI,Lucknow,Fashion,M1558,C83337,497.74,0.819,new_payee,High,Investigating,0,0,Queue
ALT0002081,TXN00015590,2025-07-29 23:10:06,UPI,Surat,Travel,M1680,C86045,39063.65,0.583,night_burst,Medium,Investigating,0,0,Queue
ALT0002082,TXN00007503,2025-07-29 23:11:13,UPI,Delhi,Electronics,M1600,C75734,8627.59,0.737,device,High,Cleared,0,0,Done
ALT0002083,TXN00005078,2025-07-29 23:13:00,UPI,Chennai,Fuel,M1160,C54208,3247.33,0.789,velocity,High,Cleared,0,0,Done
ALT0002084,TXN00017284,2025-07-29 23:15:34,Card,Pune,Travel,M1650,C19246,1654.01,0.525,night_burst,Low,Cleared,1,0,Done
ALT0002085,TXN00044034,2025-07-29 23:20:27,Wallet,Pune,Electronics,M1137,C56563,54221.83,0.492,amount_spike,Low,Cleared,1,0,Done
ALT0002086,TXN00032300,2025-07-29 23:24:03,UPI,Chennai,Grocery,M1897,C61705,3091.27,0.558,velocity,Medium,Investigating,0,0,Queue
ALT0002087,TXN00038084,2025-07-29 23:29:56,UPI,Bengaluru,Travel,M1788,C83935,3955.08,0.522,new_payee,Low,Open,0,0,Queue
ALT0002088,TXN00001852,2025-07-29 23:31:05,UPI,Hyderabad,Fuel,M1568,C67288,4328.55,0.631,night_burst,Medium,Cleared,1,0,Done
ALT0002089,TXN00018090,2025-07-29 23:33:25,Wallet,Mumbai,Grocery,M1518,C82434,1469.85,0.562,velocity,Medium,Cleared,1,0,Done
ALT0002090,TXN00027892,2025-07-29 23:33:36,Wallet,Jaipur,Utilities,M1714,C36681,6088.06,0.652,device,Medium,Investigating,0,0,Queue
ALT0002091,TXN00027897,2025-07-29 23:40:21,UPI,Kolkata,Utilities,M1324,C12530,47317.21,0.524,night_burst,Low,Cleared,1,0,Done
ALT0002092,TXN00043666,2025-07-29 23:42:11,Card,Indore,Grocery,M1832,C58356,9666.56,0.57,new_payee,Medium,Cleared,1,0,Done
ALT0002093,TXN00018952,2025-07-29 23:43:22,UPI,Chennai,Fuel,M1785,C57938,15252.34,0.685,night_burst,High,Investigating,0,0,Queue
ALT0002094,TXN00036222,2025-07-29 23:49:02,Wallet,Mumbai,Grocery,M1218,C49881,9890.5,0.527,night_burst,Low,Cleared,1,0,Done
ALT0002095,TXN00035544,2025-07-29 23:54:18,Card,Surat,Gaming,M1644,C34938,19593.58,0.612,device,Medium,Cleared,1,0,Done
ALT0002096,TXN00002757,2025-07-30 00:06:06,UPI,Chennai,Gaming,M1121,C60907,28802.92,0.548,new_payee,Low,Escalated,0,0,Queue
ALT0002097,TXN00047300,2025-07-30 00:08:54,Card,Ahmedabad,Healthcare,M1586,C42121,25478.7,0.523,amount_spike,Low,Cleared,1,0,Done
ALT0002098,TXN00038795,2025-07-30 00:11:40,UPI,Nagpur,Travel,M1501,C81932,4991.56,0.506,new_payee,Low,Open,0,0,Queue
ALT0002099,TXN00009245,2025-07-30 00:12:43,Card,Surat,Food Delivery,M1715,C51568,8738.54,0.516,night_burst,Low,Open,0,0,Queue
ALT0002100,TXN00046469,2025-07-30 00:14:33,UPI,Indore,Grocery,M1874,C85489,4436.42,0.611,device,Medium,Investigating,0,0,Queue
ALT0002101,TXN00004045,2025-07-30 00:15:27,UPI,Pune,Food Delivery,M1859,C60868,34740.81,0.573,velocity,Medium,Cleared,1,0,Done
ALT0002102,TXN00013018,2025-07-30 00:19:25,Card,Chennai,Fuel,M1279,C46502,17249.92,0.725,velocity,High,Cleared,0,0,Done
ALT0002103,TXN00015332,2025-07-30 00:24:41,Card,Ahmedabad,Grocery,M1471,C35335,2931.8,0.643,geo_mismatch,Medium,Cleared,1,0,Done
ALT0002104,TXN00028967,2025-07-30 00:34:02,UPI,Nagpur,Travel,M1303,C62421,1300.22,0.525,night_burst,Low,Cleared,1,0,Done
ALT0002105,TXN00026921,2025-07-30 00:34:58,Card,Ahmedabad,Electronics,M1454,C18969,6787.42,0.608,night_burst,Medium,Cleared,1,0,Done
ALT0002106,TXN00018906,2025-07-30 00:43:44,UPI,Pune,Grocery,M1430,C59220,5612.87,0.543,new_payee,Low,Open,0,0,Queue
ALT0002107,TXN00001862,2025-07-30 00:44:01,Card,Nagpur,Healthcare,M1809,C86926,9753.66,0.496,night_burst,Low,Open,0,0,Queue
ALT0002108,TXN00008109,2025-07-30 00:44:35,UPI,Mumbai,Education,M1125,C40353,16317.59,0.538,amount_spike,Low,Cleared,1,0,Done
ALT0002109,TXN00036748,2025-07-30 00:44:38,UPI,Jaipur,Fuel,M1439,C54593,2174.87,0.561,velocity,Medium,Blocked,0,1,Done
ALT0002110,TXN00045176,2025-07-30 00:49:27,UPI,Surat,Fashion,M1192,C27392,102340.37,0.512,night_burst,Low,Cleared,1,0,Done
ALT0002111,TXN00017588,2025-07-30 00:50:49,Wallet,Surat,Fuel,M1112,C29940,1833.56,0.69,device,High,Cleared,1,0,Done
ALT0002112,TXN00005024,2025-07-30 00:51:45,Card,Kolkata,Fashion,M1637,C21241,5213.38,0.5,velocity,Low,Investigating,0,0,Queue
ALT0002113,TXN00045670,2025-07-30 00:54:53,UPI,Surat,Grocery,M1871,C38762,1788.0,0.596,night_burst,Medium,Blocked,1,1,Done
ALT0002114,TXN00027339,2025-07-30 00:56:04,Wallet,Bengaluru,Grocery,M1046,C55376,7439.72,0.548,new_payee,Low,Cleared,1,0,Done
ALT0002115,TXN00019373,2025-07-30 00:56:56,Card,Kochi,Fashion,M1103,C49894,34376.68,0.568,amount_spike,Medium,Open,0,0,Queue
ALT0002116,TXN00010852,2025-07-30 00:59:09,UPI,Ahmedabad,Food Delivery,M1553,C28260,957.95,0.768,device,High,Blocked,0,1,Done
ALT0002117,TXN00016037,2025-07-30 01:05:48,UPI,Pune,Utilities,M1230,C32402,16273.04,0.517,night_burst,Low,Open,0,0,Queue
ALT0002118,TXN00005934,2025-07-30 01:07:03,Card,Delhi,Education,M1280,C56385,1659.9,0.61,night_burst,Medium,Cleared,1,0,Done
ALT0002119,TXN00015798,2025-07-30 01:07:17,UPI,Lucknow,Utilities,M1616,C38149,5961.55,0.526,new_payee,Low,Blocked,1,1,Done
ALT0002120,TXN00014838,2025-07-30 01:08:28,UPI,Nagpur,Food Delivery,M1530,C79934,8941.81,0.536,velocity,Low,Cleared,1,0,Done
ALT0002121,TXN00005305,2025-07-30 01:08:54,Card,Mumbai,Utilities,M1523,C74167,662.21,0.663,velocity,Medium,Investigating,0,0,Queue
ALT0002122,TXN00021572,2025-07-30 01:12:33,UPI,Bengaluru,Grocery,M1132,C30013,1016.7,0.59,velocity,Medium,Cleared,1,0,Done
ALT0002123,TXN00021723,2025-07-30 01:14:26,Card,Ahmedabad,Grocery,M1492,C52977,47584.64,0.611,velocity,Medium,Open,0,0,Queue
ALT0002124,TXN00019898,2025-07-30 01:20:18,UPI,Ahmedabad,Gaming,M1230,C55412,687.6,0.617,velocity,Medium,Investigating,0,0,Queue
ALT0002125,TXN00004472,2025-07-30 01:21:25,Card,Chandigarh,Gaming,M1507,C15531,6885.49,0.523,velocity,Low,Cleared,1,0,Done
ALT0002126,TXN00038085,2025-07-30 01:33:20,UPI,Jaipur,Fashion,M1605,C64076,2092.19,0.552,velocity,Medium,Cleared,1,0,Done
ALT0002127,TXN00018412,2025-07-30 01:39:41,UPI,Surat,Healthcare,M1533,C84710,1814.92,0.57,velocity,Medium,Cleared,1,0,Done
ALT0002128,TXN00041735,2025-07-30 01:43:41,UPI,Chennai,Fashion,M1039,C79928,19247.51,0.494,new_payee,Low,Open,0,0,Queue
ALT0002129,TXN00042160,2025-07-30 01:46:52,UPI,Kochi,Electronics,M1221,C62968,29574.68,1.0,velocity,Critical,Blocked,0,1,Done
ALT0002130,TXN00004192,2025-07-30 01:47:57,UPI,Hyderabad,Fashion,M1481,C64312,1842.01,0.566,velocity,Medium,Escalated,0,0,Queue
ALT0002131,TXN00006803,2025-07-30 01:48:56,Card,Kochi,Grocery,M1110,C44280,16134.25,0.564,amount_spike,Medium,Escalated,0,0,Queue
ALT0002132,TXN00023942,2025-07-30 01:50:04,UPI,Lucknow,Fuel,M1767,C24657,3101.09,0.584,velocity,Medium,Escalated,0,0,Queue
ALT0002133,TXN00014375,2025-07-30 01:51:05,UPI,Bengaluru,Utilities,M1385,C11723,1371.68,0.799,velocity,High,Blocked,0,1,Done
ALT0002134,TXN00017631,2025-07-30 01:51:49,UPI,Chandigarh,Fashion,M1546,C45089,4119.28,0.54,velocity,Low,Open,0,0,Queue
ALT0002135,TXN00035373,2025-07-30 02:01:04,Wallet,Kochi,Food Delivery,M1684,C73887,929.87,0.572,velocity,Medium,Open,0,0,Queue
ALT0002136,TXN00021470,2025-07-30 02:02:34,UPI,Kolkata,Travel,M1361,C18863,563.75,0.552,new_payee,Medium,Investigating,0,0,Queue
ALT0002137,TXN00016068,2025-07-30 02:04:13,UPI,Chandigarh,Gaming,M1055,C26098,968.64,0.816,velocity,High,Escalated,0,0,Queue
ALT0002138,TXN00011648,2025-07-30 02:04:33,UPI,Chandigarh,Fashion,M1333,C35289,45414.15,0.575,night_burst,Medium,Investigating,0,0,Queue
ALT0002139,TXN00004932,2025-07-30 02:09:10,Wallet,Pune,Travel,M1519,C28952,913.6,0.516,velocity,Low,Open,0,0,Queue
ALT0002140,TXN00000018,2025-07-30 02:10:27,Wallet,Kochi,Fashion,M1557,C88359,685.09,0.5,velocity,Low,Blocked,1,1,Done
ALT0002141,TXN00032720,2025-07-30 02:12:39,Card,Jaipur,Fuel,M1768,C87717,4580.99,0.562,velocity,Medium,Investigating,0,0,Queue
ALT0002142,TXN00036117,2025-07-30 02:14:38,UPI,Lucknow,Utilities,M1754,C29828,499.93,0.588,velocity,Medium,Investigating,0,0,Queue
ALT0002143,TXN00012973,2025-07-30 02:16:41,UPI,Pune,Fashion,M1131,C52014,4577.23,0.57,night_burst,Medium,Cleared,1,0,Done
ALT0002144,TXN00006924,2025-07-30 02:17:14,Card,Chandigarh,Fashion,M1546,C14956,350000.0,0.721,night_burst,High,Blocked,0,1,Done
ALT0002145,TXN00011790,2025-07-30 02:23:06,UPI,Ahmedabad,Utilities,M1574,C33740,2072.26,0.539,velocity,Low,Investigating,0,0,Queue
ALT0002146,TXN00003176,2025-07-30 02:23:14,Card,Surat,Fuel,M1605,C27918,3213.77,0.732,night_burst,High,Investigating,0,0,Queue
ALT0002147,TXN00001981,2025-07-30 02:26:51,UPI,Ahmedabad,Food Delivery,M1436,C43035,14714.45,0.614,velocity,Medium,Cleared,1,0,Done
ALT0002148,TXN00021030,2025-07-30 02:32:00,UPI,Bengaluru,Gaming,M1308,C64486,1457.06,0.519,velocity,Low,Open,0,0,Queue
ALT0002149,TXN00040067,2025-07-30 02:33:47,UPI,Kolkata,Utilities,M1825,C52553,6439.15,0.616,velocity,Medium,Investigating,0,0,Queue
ALT0002150,TXN00004513,2025-07-30 02:37:16,UPI,Indore,Grocery,M1220,C52919,1862.01,0.68,velocity,Medium,Cleared,1,0,Done
ALT0002151,TXN00031726,2025-07-30 02:38:14,Card,Pune,Electronics,M1632,C51300,23697.82,0.785,geo_mismatch,High,Open,0,0,Queue
ALT0002152,TXN00012015,2025-07-30 02:48:40,UPI,Pune,Healthcare,M1641,C88326,96939.72,0.554,velocity,Medium,Investigating,0,0,Queue
ALT0002153,TXN00039211,2025-07-30 02:58:57,Card,Jaipur,Fuel,M1049,C38091,31318.95,0.898,night_burst,Critical,Escalated,0,0,Queue
ALT0002154,TXN00038922,2025-07-30 03:03:12,Card,Pune,Food Delivery,M1477,C81451,1260.71,0.801,new_payee,High,Blocked,1,1,Done
ALT0002155,TXN00015465,2025-07-30 03:03:30,Wallet,Bengaluru,Fuel,M1301,C83336,3091.26,0.48,night_burst,Low,Investigating,0,0,Queue
ALT0002156,TXN00011479,2025-07-30 03:10:36,Card,Chennai,Grocery,M1415,C35551,1014.51,0.518,night_burst,Low,Open,0,0,Queue
ALT0002157,TXN00039229,2025-07-30 03:22:15,Wallet,Hyderabad,Electronics,M1736,C59296,2012.5,0.505,velocity,Low,Cleared,1,0,Done
ALT0002158,TXN00026280,2025-07-30 03:33:41,UPI,Mumbai,Fashion,M1145,C70352,2077.15,0.496,new_payee,Low,Cleared,1,0,Done
ALT0002159,TXN00007761,2025-07-30 03:36:49,UPI,Hyderabad,Gaming,M1509,C53964,7601.67,0.606,velocity,Medium,Blocked,0,1,Done
ALT0002160,TXN00003564,2025-07-30 03:37:24,UPI,Hyderabad,Utilities,M1202,C11167,534.57,0.504,device,Low,Open,0,0,Queue
ALT0002161,TXN00001845,2025-07-30 03:40:17,UPI,Jaipur,Food Delivery,M1728,C78790,55415.32,0.524,velocity,Low,Open,0,0,Queue
ALT0002162,TXN00007539,2025-07-30 03:42:46,Card,Surat,Utilities,M1286,C89256,7445.93,0.503,velocity,Low,Investigating,0,0,Queue
ALT0002163,TXN00012636,2025-07-30 03:46:39,UPI,Kolkata,Food Delivery,M1422,C26473,6424.51,0.498,velocity,Low,Cleared,1,0,Done
ALT0002164,TXN00003235,2025-07-30 03:53:31,Card,Delhi,Food Delivery,M1442,C63991,113078.57,0.552,velocity,Medium,Cleared,1,0,Done
ALT0002165,TXN00017728,2025-07-30 03:53:44,UPI,Kochi,Education,M1087,C84573,10193.53,0.616,night_burst,Medium,Open,0,0,Queue
ALT0002166,TXN00035466,2025-07-30 03:58:50,UPI,Jaipur,Fuel,M1267,C66443,4994.59,0.617,velocity,Medium,Open,0,0,Queue
ALT0002167,TXN00013545,2025-07-30 04:03:47,UPI,Mumbai,Fashion,M1209,C56739,12227.53,0.608,new_payee,Medium,Investigating,0,0,Queue
ALT0002168,TXN00029891,2025-07-30 04:06:24,Wallet,Chandigarh,Electronics,M1704,C61327,2042.98,0.587,night_burst,Medium,Investigating,0,0,Queue
ALT0002169,TXN00016762,2025-07-30 04:08:10,UPI,Nagpur,Fuel,M1463,C25993,1172.55,0.564,night_burst,Medium,Open,0,0,Queue
ALT0002170,TXN00017851,2025-07-30 04:09:26,Wallet,Pune,Utilities,M1248,C50841,1846.04,0.538,new_payee,Low,Blocked,0,1,Done
ALT0002171,TXN00016432,2025-07-30 04:11:30,UPI,Pune,Utilities,M1696,C80276,5581.58,0.527,new_payee,Low,Cleared,1,0,Done
ALT0002172,TXN00002371,2025-07-30 04:14:37,UPI,Lucknow,Grocery,M1366,C71424,7743.18,0.624,velocity,Medium,Cleared,1,0,Done
ALT0002173,TXN00001826,2025-07-30 04:20:26,Card,Kolkata,Grocery,M1828,C65399,4889.27,0.485,night_burst,Low,Investigating,0,0,Queue
ALT0002174,TXN00008004,2025-07-30 04:28:34,UPI,Nagpur,Utilities,M1720,C81045,9961.99,0.54,night_burst,Low,Open,0,0,Queue
ALT0002175,TXN00014005,2025-07-30 04:39:36,Wallet,Kolkata,Grocery,M1798,C82621,9089.44,0.771,night_burst,High,Blocked,0,1,Done
ALT0002176,TXN00037129,2025-07-30 04:43:25,Card,Pune,Grocery,M1759,C76151,24301.74,0.634,device,Medium,Blocked,0,1,Done
ALT0002177,TXN00028539,2025-07-30 04:48:23,UPI,Surat,Grocery,M1265,C14993,4797.89,0.736,night_burst,High,Blocked,0,1,Done
ALT0002178,TXN00041404,2025-07-30 04:48:31,Card,Lucknow,Gaming,M1690,C28575,2149.21,0.54,new_payee,Low,Investigating,0,0,Queue
ALT0002179,TXN00019714,2025-07-30 04:49:38,Card,Indore,Fashion,M1839,C52775,317075.27,0.754,amount_spike,High,Blocked,0,1,Done
ALT0002180,TXN00043558,2025-07-30 04:52:50,UPI,Surat,Fashion,M1146,C73734,8009.18,0.618,velocity,Medium,Open,0,0,Queue
ALT0002181,TXN00008671,2025-07-30 04:54:22,Card,Ahmedabad,Electronics,M1745,C46388,33158.33,0.637,velocity,Medium,Escalated,0,0,Queue
ALT0002182,TXN00042771,2025-07-30 04:55:03,UPI,Indore,Education,M1275,C29946,9779.17,0.496,velocity,Low,Cleared,1,0,Done
ALT0002183,TXN00006775,2025-07-30 04:57:38,UPI,Chandigarh,Fashion,M1370,C27642,9276.1,0.536,night_burst,Low,Cleared,1,0,Done
ALT0002184,TXN00031919,2025-07-30 04:58:59,UPI,Kolkata,Travel,M1448,C79797,2376.86,0.595,velocity,Medium,Open,0,0,Queue
ALT0002185,TXN00035942,2025-07-30 04:59:00,UPI,Chennai,Utilities,M1240,C53490,15417.93,0.494,night_burst,Low,Escalated,0,0,Queue
ALT0002186,TXN00024994,2025-07-30 05:56:23,UPI,Lucknow,Electronics,M1150,C15829,709.35,0.605,velocity,Medium,Cleared,1,0,Done
ALT0002187,TXN00021771,2025-07-30 06:09:22,Card,Kochi,Gaming,M1881,C30577,7554.14,0.624,velocity,Medium,Open,0,0,Queue
ALT0002188,TXN00018864,2025-07-30 06:17:00,Wallet,Mumbai,Electronics,M1225,C55142,1696.35,0.52,velocity,Low,Cleared,1,0,Done
ALT0002189,TXN00020159,2025-07-30 06:37:33,Card,Surat,Food Delivery,M1227,C81066,10931.24,0.489,velocity,Low,Cleared,1,0,Done
ALT0002190,TXN00032963,2025-07-30 06:55:20,UPI,Lucknow,Grocery,M1132,C77239,37281.06,0.736,amount_spike,High,Blocked,0,1,Done
ALT0002191,TXN00032651,2025-07-30 06:59:35,UPI,Ahmedabad,Electronics,M1609,C58149,13729.08,0.647,velocity,Medium,Escalated,0,0,Queue
ALT0002192,TXN00033367,2025-07-30 07:01:17,Card,Kochi,Fuel,M1058,C50516,150549.55,0.611,velocity,Medium,Cleared,1,0,Done
ALT0002193,TXN00026876,2025-07-30 07:12:15,Wallet,Nagpur,Healthcare,M1332,C45659,33742.6,0.539,amount_spike,Low,Cleared,1,0,Done
ALT0002194,TXN00042626,2025-07-30 07:12:23,Card,Chandigarh,Healthcare,M1132,C32926,3381.26,0.503,velocity,Low,Cleared,1,0,Done
ALT0002195,TXN00019801,2025-07-30 07:21:46,Card,Nagpur,Food Delivery,M1557,C41054,247850.73,0.608,new_payee,Medium,Investigating,0,0,Queue
ALT0002196,TXN00047093,2025-07-30 08:19:32,UPI,Chandigarh,Fashion,M1046,C41273,40448.58,0.808,velocity,High,Blocked,0,1,Done
ALT0002197,TXN00029714,2025-07-30 09:40:57,Card,Jaipur,Grocery,M1382,C29672,19362.78,0.674,new_payee,Medium,Cleared,1,0,Done
ALT0002198,TXN00005646,2025-07-30 12:48:58,UPI,Bengaluru,Fashion,M1017,C48295,672.25,0.508,velocity,Low,Investigating,0,0,Queue
ALT0002199,TXN00001482,2025-07-30 13:02:37,Wallet,Hyderabad,Food Delivery,M1262,C79443,19512.66,0.487,amount_spike,Low,Cleared,1,0,Done
ALT0002200,TXN00034760,2025-07-30 13:26:25,UPI,Ahmedabad,Fashion,M1117,C41079,42931.53,0.574,new_payee,Medium,Cleared,1,0,Done
ALT0002201,TXN00018759,2025-07-30 14:18:35,UPI,Delhi,Fuel,M1798,C23268,2895.11,0.645,velocity,Medium,Cleared,1,0,Done
ALT0002202,TXN00020965,2025-07-30 14:19:01,Card,Hyderabad,Fuel,M1250,C48367,30386.66,0.494,amount_spike,Low,Open,0,0,Queue
ALT0002203,TXN00001603,2025-07-30 15:03:41,UPI,Hyderabad,Gaming,M1195,C43039,23483.98,0.484,device,Low,Cleared,1,0,Done
ALT0002204,TXN00044876,2025-07-30 15:30:35,Card,Hyderabad,Utilities,M1054,C25878,1756.16,0.492,device,Low,Cleared,1,0,Done
ALT0002205,TXN00027532,2025-07-30 15:42:53,UPI,Surat,Fuel,M1275,C67700,17240.07,0.625,geo_mismatch,Medium,Open,0,0,Queue
ALT0002206,TXN00043465,2025-07-30 15:51:06,UPI,Kolkata,Grocery,M1416,C84270,339.72,0.502,velocity,Low,Investigating,0,0,Queue
ALT0002207,TXN00040923,2025-07-30 16:05:45,UPI,Nagpur,Food Delivery,M1344,C77497,32122.49,0.555,velocity,Medium,Cleared,1,0,Done
ALT0002208,TXN00047297,2025-07-30 17:02:46,Card,Jaipur,Utilities,M1436,C18730,30361.28,0.493,new_payee,Low,Cleared,1,0,Done
ALT0002209,TXN00001291,2025-07-30 18:09:19,UPI,Indore,Food Delivery,M1136,C89945,10185.3,0.609,new_payee,Medium,Investigating,0,0,Queue
ALT0002210,TXN00000014,2025-07-30 18:23:17,UPI,Pune,Travel,M1420,C22119,199690.73,0.527,velocity,Low,Blocked,0,1,Done
ALT0002211,TXN00038814,2025-07-30 19:10:09,UPI,Delhi,Fuel,M1412,C64847,2468.16,0.658,new_payee,Medium,Cleared,1,0,Done
ALT0002212,TXN00025313,2025-07-30 19:58:47,UPI,Hyderabad,Food Delivery,M1340,C19127,11465.73,0.621,geo_mismatch,Medium,Blocked,0,1,Done
ALT0002213,TXN00010464,2025-07-30 20:05:42,Card,Pune,Grocery,M1109,C62058,37623.13,0.538,new_payee,Low,Cleared,1,0,Done
ALT0002214,TXN00019564,2025-07-30 20:35:31,UPI,Surat,Fashion,M1245,C68954,3635.37,0.501,geo_mismatch,Low,Cleared,1,0,Done
ALT0002215,TXN00038560,2025-07-30 21:52:47,UPI,Ahmedabad,Healthcare,M1586,C73507,148009.69,0.506,velocity,Low,Open,0,0,Queue
ALT0002216,TXN00035199,2025-07-30 22:12:19,Card,Jaipur,Education,M1053,C24559,997.15,0.539,velocity,Low,Cleared,1,0,Done
ALT0002217,TXN00043024,2025-07-30 22:31:06,Wallet,Surat,Electronics,M1489,C59926,719.21,0.539,velocity,Low,Blocked,0,1,Done
ALT0002218,TXN00003260,2025-07-30 22:37:07,UPI,Mumbai,Food Delivery,M1763,C52989,25260.85,0.707,amount_spike,High,Blocked,0,1,Done
ALT0002219,TXN00007638,2025-07-30 23:01:56,UPI,Nagpur,Grocery,M1840,C45238,2635.41,0.586,night_burst,Medium,Cleared,1,0,Done
ALT0002220,TXN00037992,2025-07-30 23:05:27,UPI,Hyderabad,Food Delivery,M1306,C55010,4305.99,0.664,night_burst,Medium,Escalated,0,0,Queue
ALT0002221,TXN00015239,2025-07-30 23:15:48,UPI,Mumbai,Grocery,M1380,C33420,2466.19,0.514,velocity,Low,Investigating,0,0,Queue
ALT0002222,TXN00013957,2025-07-30 23:17:24,UPI,Indore,Utilities,M1843,C49550,4511.44,0.593,velocity,Medium,Investigating,0,0,Queue
ALT0002223,TXN00004402,2025-07-30 23:23:28,UPI,Lucknow,Electronics,M1317,C80908,583.96,0.48,night_burst,Low,Cleared,1,0,Done
ALT0002224,TXN00039172,2025-07-30 23:24:38,Card,Kochi,Grocery,M1638,C28467,3360.07,0.5,new_payee,Low,Investigating,0,0,Queue
ALT0002225,TXN00033524,2025-07-30 23:30:23,UPI,Hyderabad,Grocery,M1538,C62791,16452.08,0.569,amount_spike,Medium,Cleared,1,0,Done
ALT0002226,TXN00017109,2025-07-30 23:30:30,Card,Pune,Travel,M1673,C47245,27864.71,0.675,device,Medium,Blocked,1,1,Done
ALT0002227,TXN00044817,2025-07-30 23:39:34,Card,Kolkata,Utilities,M1188,C51506,2676.84,0.522,new_payee,Low,Cleared,1,0,Done
ALT0002228,TXN00041437,2025-07-30 23:44:28,Card,Jaipur,Grocery,M1849,C47194,33262.95,0.677,amount_spike,Medium,Investigating,0,0,Queue
ALT0002229,TXN00015990,2025-07-30 23:53:12,Card,Lucknow,Travel,M1366,C59579,3358.14,0.509,new_payee,Low,Cleared,1,0,Done
ALT0002230,TXN00000935,2025-07-30 23:54:57,UPI,Indore,Grocery,M1024,C64007,430.94,0.616,velocity,Medium,Open,0,0,Queue
ALT0002231,TXN00015495,2025-07-30 23:55:16,UPI,Nagpur,Food Delivery,M1264,C46937,838.13,0.534,night_burst,Low,Investigating,0,0,Queue
ALT0002232,TXN00006320,2025-07-31 00:03:31,UPI,Chandigarh,Gaming,M1005,C77867,2500.83,0.591,night_burst,Medium,Investigating,0,0,Queue
ALT0002233,TXN00045701,2025-07-31 00:12:43,UPI,Kolkata,Gaming,M1163,C13560,14035.15,0.581,night_burst,Medium,Blocked,1,1,Done
ALT0002234,TXN00006210,2025-07-31 00:20:04,Wallet,Pune,Utilities,M1683,C74535,86.28,0.613,velocity,Medium,Investigating,0,0,Queue
ALT0002235,TXN00013073,2025-07-31 00:20:57,Card,Hyderabad,Fashion,M1504,C20264,3869.56,0.529,velocity,Low,Cleared,1,0,Done
ALT0002236,TXN00038098,2025-07-31 00:23:20,Wallet,Hyderabad,Utilities,M1014,C42438,7476.65,0.481,night_burst,Low,Cleared,1,0,Done
ALT0002237,TXN00035261,2025-07-31 00:27:30,Card,Lucknow,Food Delivery,M1868,C75639,4916.96,0.617,night_burst,Medium,Cleared,1,0,Done
ALT0002238,TXN00022798,2025-07-31 00:33:04,UPI,Chennai,Gaming,M1333,C33119,11675.33,0.608,night_burst,Medium,Blocked,0,1,Done
ALT0002239,TXN00016237,2025-07-31 00:34:37,Card,Kolkata,Fashion,M1795,C83079,1342.49,0.561,new_payee,Medium,Cleared,1,0,Done
ALT0002240,TXN00018969,2025-07-31 00:47:53,Wallet,Pune,Utilities,M1204,C79974,15067.07,0.57,amount_spike,Medium,Cleared,1,0,Done
ALT0002241,TXN00021661,2025-07-31 00:48:09,Wallet,Jaipur,Fuel,M1585,C86727,2183.99,0.607,device,Medium,Open,0,0,Queue
ALT0002242,TXN00026507,2025-07-31 00:56:09,UPI,Chennai,Electronics,M1658,C27444,148236.09,0.639,geo_mismatch,Medium,Open,0,0,Queue
ALT0002243,TXN00041808,2025-07-31 00:57:37,UPI,Chandigarh,Fashion,M1428,C17311,4463.1,0.51,new_payee,Low,Blocked,0,1,Done
ALT0002244,TXN00046021,2025-07-31 00:58:57,UPI,Pune,Food Delivery,M1226,C76362,8912.93,0.554,night_burst,Medium,Cleared,1,0,Done
ALT0002245,TXN00017897,2025-07-31 01:00:39,Card,Nagpur,Food Delivery,M1261,C42602,7451.54,0.493,new_payee,Low,Cleared,1,0,Done
ALT0002246,TXN00015170,2025-07-31 01:08:11,UPI,Pune,Electronics,M1656,C65383,3887.57,0.501,new_payee,Low,Cleared,1,0,Done
ALT0002247,TXN00030543,2025-07-31 01:10:30,UPI,Surat,Fashion,M1600,C34947,10460.25,0.677,night_burst,Medium,Cleared,1,0,Done
ALT0002248,TXN00045464,2025-07-31 01:16:29,UPI,Kolkata,Education,M1795,C27958,4677.16,0.56,night_burst,Medium,Blocked,1,1,Done
ALT0002249,TXN00042731,2025-07-31 01:22:14,UPI,Surat,Grocery,M1739,C20165,776.55,0.669,velocity,Medium,Investigating,0,0,Queue
ALT0002250,TXN00038251,2025-07-31 01:24:01,UPI,Jaipur,Fashion,M1665,C69021,4535.1,0.57,night_burst,Medium,Blocked,1,1,Done
ALT0002251,TXN00024744,2025-07-31 01:35:08,Card,Chennai,Fuel,M1558,C44612,3614.56,0.54,night_burst,Low,Cleared,1,0,Done
ALT0002252,TXN00045566,2025-07-31 01:38:09,Wallet,Jaipur,Fuel,M1754,C44390,184.93,0.785,velocity,High,Blocked,0,1,Done
ALT0002253,TXN00015786,2025-07-31 01:53:19,UPI,Chennai,Healthcare,M1403,C35141,7407.86,0.569,night_burst,Medium,Investigating,0,0,Queue
ALT0002254,TXN00011374,2025-07-31 01:54:20,UPI,Pune,Grocery,M1869,C82849,2548.81,0.493,velocity,Low,Investigating,0,0,Queue
ALT0002255,TXN00042284,2025-07-31 02:02:12,UPI,Surat,Food Delivery,M1748,C58037,1595.8,0.532,night_burst,Low,Investigating,0,0,Queue
ALT0002256,TXN00017613,2025-07-31 02:04:31,UPI,Hyderabad,Fuel,M1169,C72269,7987.44,0.61,velocity,Medium,Blocked,0,1,Done
ALT0002257,TXN00026470,2025-07-31 02:08:42,Wallet,Kochi,Electronics,M1496,C17733,849.32,0.731,velocity,High,Cleared,0,0,Done
ALT0002258,TXN00034449,2025-07-31 02:17:45,UPI,Indore,Travel,M1780,C83202,10716.12,0.772,geo_mismatch,High,Open,0,0,Queue
ALT0002259,TXN00000407,2025-07-31 02:21:58,Card,Hyderabad,Utilities,M1871,C64163,10318.17,0.502,new_payee,Low,Cleared,1,0,Done
ALT0002260,TXN00005209,2025-07-31 02:26:06,Card,Nagpur,Gaming,M1645,C26742,1723.7,0.622,night_burst,Medium,Investigating,0,0,Queue
ALT0002261,TXN00031224,2025-07-31 02:45:10,UPI,Nagpur,Gaming,M1598,C40525,1728.11,0.713,night_burst,High,Blocked,1,1,Done
ALT0002262,TXN00038743,2025-07-31 02:45:59,UPI,Surat,Utilities,M1505,C87719,4278.31,0.593,night_burst,Medium,Investigating,0,0,Queue
ALT0002263,TXN00031190,2025-07-31 02:54:04,UPI,Hyderabad,Grocery,M1283,C61033,907.68,0.57,night_burst,Medium,Blocked,0,1,Done
ALT0002264,TXN00038644,2025-07-31 02:54:20,Card,Pune,Fashion,M1413,C68282,1204.18,0.592,night_burst,Medium,Investigating,0,0,Queue
ALT0002265,TXN00038715,2025-07-31 02:55:29,Wallet,Hyderabad,Food Delivery,M1812,C74173,634.22,0.538,velocity,Low,Open,0,0,Queue
ALT0002266,TXN00011863,2025-07-31 02:55:49,UPI,Kolkata,Fuel,M1155,C35959,4524.23,0.776,velocity,High,Open,0,0,Queue
ALT0002267,TXN00023425,2025-07-31 02:56:05,UPI,Lucknow,Food Delivery,M1842,C67746,4732.51,0.511,night_burst,Low,Cleared,1,0,Done
ALT0002268,TXN00032225,2025-07-31 02:58:16,UPI,Kochi,Gaming,M1556,C40468,704.96,0.548,velocity,Low,Investigating,0,0,Queue
ALT0002269,TXN00003852,2025-07-31 03:02:59,UPI,Mumbai,Healthcare,M1332,C63161,1875.12,0.689,velocity,High,Blocked,0,1,Done
ALT0002270,TXN00002540,2025-07-31 03:04:56,Card,Chennai,Gaming,M1273,C73603,18719.62,0.578,velocity,Medium,Investigating,0,0,Queue
ALT0002271,TXN00004122,2025-07-31 03:06:51,UPI,Ahmedabad,Electronics,M1029,C75965,6226.51,0.62,new_payee,Medium,Open,0,0,Queue
ALT0002272,TXN00028651,2025-07-31 03:07:02,Wallet,Kolkata,Grocery,M1482,C30573,8559.35,0.587,velocity,Medium,Blocked,0,1,Done
ALT0002273,TXN00043743,2025-07-31 03:08:10,Wallet,Ahmedabad,Fuel,M1352,C31936,689.45,0.498,new_payee,Low,Cleared,1,0,Done
ALT0002274,TXN00030060,2025-07-31 03:15:20,UPI,Nagpur,Fuel,M1619,C43173,5483.19,0.597,velocity,Medium,Investigating,0,0,Queue
ALT0002275,TXN00004941,2025-07-31 03:15:51,Card,Pune,Grocery,M1601,C24845,3467.58,0.61,velocity,Medium,Investigating,0,0,Queue
ALT0002276,TXN00000824,2025-07-31 03:18:30,Wallet,Delhi,Fuel,M1483,C83997,3637.36,0.538,new_payee,Low,Open,0,0,Queue
ALT0002277,TXN00024397,2025-07-31 03:21:56,Card,Chandigarh,Grocery,M1709,C53306,350000.0,0.597,new_payee,Medium,Cleared,1,0,Done
ALT0002278,TXN00012928,2025-07-31 03:23:38,Card,Chandigarh,Utilities,M1011,C32807,23727.88,0.591,velocity,Medium,Blocked,1,1,Done
ALT0002279,TXN00036712,2025-07-31 03:29:04,Card,Lucknow,Fuel,M1630,C60976,2062.16,0.53,velocity,Low,Cleared,1,0,Done
ALT0002280,TXN00008178,2025-07-31 03:36:24,Card,Surat,Grocery,M1351,C26488,2143.69,0.585,night_burst,Medium,Blocked,0,1,Done
ALT0002281,TXN00043243,2025-07-31 03:41:00,Card,Nagpur,Healthcare,M1775,C80377,5562.4,0.54,night_burst,Low,Cleared,1,0,Done
ALT0002282,TXN00021433,2025-07-31 03:49:38,UPI,Kochi,Food Delivery,M1819,C23838,24564.95,0.578,new_payee,Medium,Blocked,0,1,Done
ALT0002283,TXN00033897,2025-07-31 03:58:07,Card,Delhi,Electronics,M1616,C29045,8401.21,0.575,night_burst,Medium,Cleared,1,0,Done
ALT0002284,TXN00031991,2025-07-31 03:59:58,UPI,Kochi,Utilities,M1827,C34249,17194.02,0.576,amount_spike,Medium,Open,0,0,Queue
ALT0002285,TXN00005448,2025-07-31 04:11:38,UPI,Indore,Grocery,M1266,C30150,678.62,0.557,velocity,Medium,Cleared,1,0,Done
ALT0002286,TXN00038698,2025-07-31 04:19:25,Card,Surat,Fuel,M1106,C35537,58891.98,0.797,velocity,High,Blocked,0,1,Done
ALT0002287,TXN00038338,2025-07-31 04:20:07,UPI,Hyderabad,Grocery,M1274,C25265,3214.41,0.487,new_payee,Low,Open,0,0,Queue
ALT0002288,TXN00014778,2025-07-31 04:22:03,Card,Mumbai,Education,M1690,C72661,48605.5,0.675,night_burst,Medium,Open,0,0,Queue
ALT0002289,TXN00036160,2025-07-31 04:22:30,UPI,Chandigarh,Food Delivery,M1610,C25404,5117.46,0.516,velocity,Low,Cleared,1,0,Done
ALT0002290,TXN00039488,2025-07-31 04:24:08,Wallet,Lucknow,Grocery,M1445,C79122,1374.04,0.756,device,High,Blocked,0,1,Done
ALT0002291,TXN00020519,2025-07-31 04:24:47,Card,Hyderabad,Electronics,M1287,C13072,72091.59,0.602,new_payee,Medium,Blocked,0,1,Done
ALT0002292,TXN00044004,2025-07-31 04:26:10,Card,Delhi,Electronics,M1125,C84162,1908.85,0.675,device,Medium,Investigating,0,0,Queue
ALT0002293,TXN00007122,2025-07-31 04:30:21,UPI,Jaipur,Travel,M1894,C86252,636.54,0.589,velocity,Medium,Open,0,0,Queue
ALT0002294,TXN00044494,2025-07-31 04:32:22,UPI,Chennai,Food Delivery,M1140,C44896,1244.19,0.543,velocity,Low,Cleared,1,0,Done
ALT0002295,TXN00027319,2025-07-31 04:32:53,UPI,Hyderabad,Food Delivery,M1560,C87090,598.99,0.578,night_burst,Medium,Investigating,0,0,Queue
ALT0002296,TXN00035827,2025-07-31 04:34:47,Card,Pune,Healthcare,M1696,C15879,1527.05,0.57,device,Medium,Investigating,0,0,Queue
ALT0002297,TXN00037607,2025-07-31 04:38:15,UPI,Nagpur,Fashion,M1697,C35759,187.9,0.608,new_payee,Medium,Open,0,0,Queue
ALT0002298,TXN00003276,2025-07-31 04:43:07,Card,Delhi,Fashion,M1203,C57986,350000.0,0.867,device,Critical,Blocked,0,1,Done
ALT0002299,TXN00016307,2025-07-31 04:43:10,Wallet,Lucknow,Grocery,M1078,C64735,779.22,0.601,velocity,Medium,Investigating,0,0,Queue
ALT0002300,TXN00027290,2025-07-31 04:48:00,UPI,Delhi,Electronics,M1762,C41244,31354.01,0.587,amount_spike,Medium,Cleared,1,0,Done
ALT0002301,TXN00005632,2025-07-31 04:49:13,Card,Chandigarh,Fuel,M1714,C11015,760.45,0.634,velocity,Medium,Blocked,0,1,Done
ALT0002302,TXN00018809,2025-07-31 04:52:51,Card,Bengaluru,Fuel,M1833,C75055,61841.61,0.564,night_burst,Medium,Investigating,0,0,Queue
ALT0002303,TXN00004782,2025-07-31 05:38:49,Card,Chandigarh,Utilities,M1521,C45322,35745.94,0.652,device,Medium,Investigating,0,0,Queue
ALT0002304,TXN00007089,2025-07-31 06:00:51,Wallet,Chennai,Grocery,M1622,C59936,400.81,0.549,device,Low,Open,0,0,Queue
ALT0002305,TXN00024476,2025-07-31 06:05:05,UPI,Indore,Electronics,M1195,C51102,7323.43,0.491,new_payee,Low,Cleared,1,0,Done
ALT0002306,TXN00011109,2025-07-31 06:06:11,Card,Ahmedabad,Healthcare,M1047,C49002,5057.27,0.495,new_payee,Low,Cleared,1,0,Done
ALT0002307,TXN00045985,2025-07-31 06:49:55,Wallet,Delhi,Grocery,M1605,C88380,802.79,0.595,new_payee,Medium,Open,0,0,Queue
ALT0002308,TXN00002480,2025-07-31 07:25:50,Card,Bengaluru,Fuel,M1006,C29903,29428.03,0.617,amount_spike,Medium,Investigating,0,0,Queue
ALT0002309,TXN00024680,2025-07-31 07:37:36,UPI,Ahmedabad,Utilities,M1070,C46876,39120.77,0.49,velocity,Low,Blocked,0,1,Done
ALT0002310,TXN00031364,2025-07-31 08:02:33,Card,Chandigarh,Food Delivery,M1773,C84452,11857.92,0.6,velocity,Medium,Investigating,0,0,Queue
ALT0002311,TXN00031167,2025-07-31 08:05:23,Card,Nagpur,Fuel,M1680,C25105,17102.26,0.545,amount_spike,Low,Cleared,1,0,Done
ALT0002312,TXN00010708,2025-07-31 08:06:34,Card,Kochi,Travel,M1871,C63793,17089.94,0.532,velocity,Low,Blocked,0,1,Done
ALT0002313,TXN00043267,2025-07-31 08:23:09,UPI,Delhi,Utilities,M1700,C58278,1400.34,0.631,new_payee,Medium,Investigating,0,0,Queue
ALT0002314,TXN00031543,2025-07-31 08:23:47,UPI,Jaipur,Gaming,M1288,C72438,868.88,0.501,geo_mismatch,Low,Cleared,1,0,Done
ALT0002315,TXN00015854,2025-07-31 08:41:41,UPI,Kochi,Fuel,M1347,C37680,455.28,0.513,velocity,Low,Cleared,1,0,Done
ALT0002316,TXN00015408,2025-07-31 09:18:11,Card,Chennai,Fuel,M1457,C73239,55953.19,0.571,device,Medium,Blocked,1,1,Done
ALT0002317,TXN00043320,2025-07-31 09:32:18,UPI,Chandigarh,Grocery,M1289,C83262,1490.81,0.502,new_payee,Low,Investigating,0,0,Queue
ALT0002318,TXN00044623,2025-07-31 10:00:22,UPI,Mumbai,Food Delivery,M1634,C76863,2029.35,0.556,velocity,Medium,Open,0,0,Queue
ALT0002319,TXN00045329,2025-07-31 10:02:49,UPI,Chennai,Travel,M1310,C17101,3373.56,0.621,velocity,Medium,Investigating,0,0,Queue
ALT0002320,TXN00003845,2025-07-31 10:11:13,UPI,Lucknow,Grocery,M1373,C53946,629.53,0.518,velocity,Low,Cleared,1,0,Done
ALT0002321,TXN00000542,2025-07-31 11:14:28,Card,Chennai,Utilities,M1426,C69351,35820.19,0.531,velocity,Low,Open,0,0,Queue
ALT0002322,TXN00029384,2025-07-31 11:24:40,UPI,Lucknow,Fashion,M1834,C13689,310.86,0.631,geo_mismatch,Medium,Blocked,1,1,Done
ALT0002323,TXN00016582,2025-07-31 11:43:43,UPI,Jaipur,Utilities,M1347,C72083,1918.2,0.57,device,Medium,Investigating,0,0,Queue
ALT0002324,TXN00021977,2025-07-31 12:01:27,Wallet,Surat,Travel,M1390,C50715,2004.02,0.489,geo_mismatch,Low,Cleared,1,0,Done
ALT0002325,TXN00019065,2025-07-31 13:51:47,Wallet,Hyderabad,Grocery,M1140,C56724,377.25,0.635,new_payee,Medium,Cleared,1,0,Done
ALT0002326,TXN00012140,2025-07-31 14:04:04,Wallet,Lucknow,Electronics,M1502,C29672,1107.99,0.594,velocity,Medium,Open,0,0,Queue
ALT0002327,TXN00031354,2025-07-31 14:07:11,UPI,Chandigarh,Food Delivery,M1857,C60946,3455.0,0.573,velocity,Medium,Open,0,0,Queue
ALT0002328,TXN00045320,2025-07-31 14:18:13,UPI,Kolkata,Utilities,M1733,C20101,5892.2,0.555,velocity,Medium,Cleared,1,0,Done
ALT0002329,TXN00023503,2025-07-31 14:20:08,UPI,Indore,Education,M1434,C54796,5148.65,0.656,velocity,Medium,Investigating,0,0,Queue
ALT0002330,TXN00026183,2025-07-31 15:01:22,Wallet,Indore,Fuel,M1667,C46528,1927.58,0.639,geo_mismatch,Medium,Blocked,0,1,Done
ALT0002331,TXN00003485,2025-07-31 15:33:03,Card,Chennai,Grocery,M1391,C18973,78207.23,0.569,device,Medium,Investigating,0,0,Queue
ALT0002332,TXN00016845,2025-07-31 15:33:21,Card,Indore,Fashion,M1378,C56496,44413.66,0.5,device,Low,Blocked,1,1,Done
ALT0002333,TXN00017551,2025-07-31 16:11:46,UPI,Chennai,Healthcare,M1837,C12684,2308.37,0.545,device,Low,Open,0,0,Queue
ALT0002334,TXN00004802,2025-07-31 16:25:48,Wallet,Delhi,Healthcare,M1620,C10288,38600.89,0.588,velocity,Medium,Cleared,1,0,Done
ALT0002335,TXN00020529,2025-07-31 16:27:39,Card,Ahmedabad,Fashion,M1672,C89175,24999.47,0.648,velocity,Medium,Open,0,0,Queue
ALT0002336,TXN00029727,2025-07-31 16:34:53,UPI,Mumbai,Fuel,M1320,C16599,1861.81,0.722,velocity,High,Blocked,0,1,Done
ALT0002337,TXN00028423,2025-07-31 17:10:43,UPI,Chennai,Utilities,M1222,C13907,1658.78,0.542,velocity,Low,Cleared,1,0,Done
ALT0002338,TXN00003680,2025-07-31 17:32:43,UPI,Chennai,Grocery,M1678,C43502,3583.14,0.595,device,Medium,Cleared,1,0,Done
ALT0002339,TXN00020241,2025-07-31 18:54:03,Card,Lucknow,Electronics,M1851,C79116,6980.42,0.555,velocity,Medium,Cleared,1,0,Done
ALT0002340,TXN00028844,2025-07-31 19:31:50,UPI,Hyderabad,Fashion,M1178,C41281,603.58,0.609,velocity,Medium,Blocked,1,1,Done
ALT0002341,TXN00005423,2025-07-31 19:56:22,UPI,Pune,Fashion,M1099,C36268,3046.27,0.575,velocity,Medium,Cleared,1,0,Done
ALT0002342,TXN00003815,2025-07-31 20:03:12,UPI,Kochi,Education,M1049,C65944,25338.38,0.502,velocity,Low,Blocked,0,1,Done
ALT0002343,TXN00044504,2025-07-31 20:08:34,Card,Delhi,Healthcare,M1708,C50600,5868.56,0.611,velocity,Medium,Open,0,0,Queue
ALT0002344,TXN00028984,2025-07-31 20:17:00,UPI,Delhi,Fuel,M1516,C72792,744.78,0.519,velocity,Low,Cleared,1,0,Done
ALT0002345,TXN00038058,2025-07-31 20:46:33,UPI,Ahmedabad,Utilities,M1368,C54518,2101.71,0.836,device,Critical,Blocked,0,1,Done
ALT0002346,TXN00002543,2025-07-31 20:58:51,Card,Surat,Fashion,M1595,C71507,5190.88,0.535,velocity,Low,Open,0,0,Queue
ALT0002347,TXN00013015,2025-07-31 21:18:18,UPI,Nagpur,Grocery,M1258,C64131,10797.28,0.593,device,Medium,Open,0,0,Queue
ALT0002348,TXN00010265,2025-07-31 21:57:03,Card,Pune,Fuel,M1159,C41041,18325.51,0.598,geo_mismatch,Medium,Blocked,1,1,Done
ALT0002349,TXN00011991,2025-07-31 22:11:25,UPI,Pune,Grocery,M1236,C39798,4375.47,0.574,device,Medium,Open,0,0,Queue
ALT0002350,TXN00005991,2025-07-31 22:17:36,Card,Hyderabad,Electronics,M1632,C13833,54079.87,0.573,velocity,Medium,Blocked,1,1,Done
ALT0002351,TXN00033928,2025-07-31 22:26:59,UPI,Indore,Fuel,M1561,C48181,14214.71,0.522,device,Low,Open,0,0,Queue
ALT0002352,TXN00022434,2025-07-31 22:35:47,UPI,Jaipur,Fashion,M1531,C29749,598.24,0.606,velocity,Medium,Investigating,0,0,Queue
ALT0002353,TXN00006686,2025-07-31 22:44:53,UPI,Jaipur,Food Delivery,M1836,C52503,1498.3,0.554,device,Medium,Blocked,0,1,Done
ALT0002354,TXN00004737,2025-07-31 22:47:38,Wallet,Lucknow,Fuel,M1679,C74432,1611.3,0.484,new_payee,Low,Open,0,0,Queue
ALT0002355,TXN00013367,2025-07-31 23:05:24,Card,Mumbai,Grocery,M1578,C18123,18621.12,0.607,night_burst,Medium,Open,0,0,Queue
ALT0002356,TXN00012039,2025-07-31 23:08:31,UPI,Jaipur,Gaming,M1501,C15430,366.68,0.652,velocity,Medium,Cleared,1,0,Done
ALT0002357,TXN00042526,2025-07-31 23:08:42,UPI,Chandigarh,Utilities,M1244,C54011,804.25,0.563,velocity,Medium,Blocked,1,1,Done
ALT0002358,TXN00003268,2025-07-31 23:27:32,Card,Indore,Fuel,M1587,C47816,17382.64,0.608,velocity,Medium,Blocked,1,1,Done
ALT0002359,TXN00046249,2025-07-31 23:28:42,UPI,Chennai,Utilities,M1304,C16924,6001.73,0.508,night_burst,Low,Cleared,1,0,Done
ALT0002360,TXN00025791,2025-07-31 23:32:30,UPI,Kochi,Electronics,M1431,C55097,2140.04,0.586,velocity,Medium,Blocked,1,1,Done
ALT0002361,TXN00010817,2025-07-31 23:35:34,Wallet,Chandigarh,Food Delivery,M1668,C85773,23538.7,0.558,night_burst,Medium,Investigating,0,0,Queue
ALT0002362,TXN00012899,2025-07-31 23:54:46,UPI,Nagpur,Electronics,M1280,C59344,2299.87,0.588,velocity,Medium,Blocked,1,1,Done
ALT0002363,TXN00015299,2025-07-31 23:58:32,UPI,Bengaluru,Gaming,M1598,C28760,3813.71,0.621,device,Medium,Investigating,0,0,Queue
ALT0002364,TXN00039008,2025-08-01 00:02:45,Card,Chennai,Food Delivery,M1817,C74857,7693.68,0.524,velocity,Low,Open,0,0,Queue
ALT0002365,TXN00046750,2025-08-01 00:03:20,Card,Pune,Fashion,M1599,C67163,19316.69,0.522,new_payee,Low,Cleared,1,0,Done
ALT0002366,TXN00045586,2025-08-01 00:05:37,Wallet,Nagpur,Healthcare,M1429,C73858,104569.95,0.772,amount_spike,High,Open,0,0,Queue
ALT0002367,TXN00037612,2025-08-01 00:06:16,UPI,Mumbai,Utilities,M1056,C45713,8385.58,0.605,velocity,Medium,Investigating,0,0,Queue
ALT0002368,TXN00045169,2025-08-01 00:07:33,Card,Chennai,Fuel,M1608,C13068,8225.56,0.595,new_payee,Medium,Open,0,0,Queue
ALT0002369,TXN00017662,2025-08-01 00:09:29,UPI,Pune,Fuel,M1189,C40514,3408.56,0.808,velocity,High,Investigating,0,0,Queue
ALT0002370,TXN00022518,2025-08-01 00:14:01,UPI,Kochi,Food Delivery,M1593,C81746,419.0,0.496,velocity,Low,Open,0,0,Queue
ALT0002371,TXN00035377,2025-08-01 00:18:40,UPI,Mumbai,Grocery,M1494,C53491,7351.37,0.548,new_payee,Low,Cleared,1,0,Done
ALT0002372,TXN00035663,2025-08-01 00:20:55,Wallet,Kolkata,Food Delivery,M1323,C74139,2836.09,0.572,new_payee,Medium,Escalated,0,0,Queue
ALT0002373,TXN00003468,2025-08-01 00:23:06,UPI,Indore,Fuel,M1543,C78867,14329.32,0.59,velocity,Medium,Open,0,0,Queue
ALT0002374,TXN00013296,2025-08-01 00:24:04,UPI,Kolkata,Healthcare,M1765,C14532,4257.36,0.736,new_payee,High,Blocked,0,1,Done
ALT0002375,TXN00027118,2025-08-01 00:31:40,UPI,Chennai,Food Delivery,M1404,C39080,5300.26,0.617,new_payee,Medium,Investigating,0,0,Queue
ALT0002376,TXN00029466,2025-08-01 00:36:21,Wallet,Ahmedabad,Food Delivery,M1140,C72191,2596.9,0.557,night_burst,Medium,Investigating,0,0,Queue
ALT0002377,TXN00006952,2025-08-01 00:48:19,UPI,Kolkata,Food Delivery,M1279,C10987,1736.9,0.57,velocity,Medium,Blocked,1,1,Done
ALT0002378,TXN00035556,2025-08-01 00:50:36,UPI,Bengaluru,Electronics,M1033,C81663,46419.45,0.532,amount_spike,Low,Investigating,0,0,Queue
ALT0002379,TXN00038847,2025-08-01 00:50:58,UPI,Ahmedabad,Grocery,M1423,C23072,459.04,0.6,velocity,Medium,Cleared,1,0,Done
ALT0002380,TXN00005401,2025-08-01 00:55:19,UPI,Ahmedabad,Fuel,M1844,C89655,10670.14,0.547,velocity,Low,Cleared,1,0,Done
ALT0002381,TXN00042347,2025-08-01 01:12:43,Wallet,Delhi,Utilities,M1231,C52637,385.12,0.528,velocity,Low,Cleared,1,0,Done
ALT0002382,TXN00027748,2025-08-01 01:18:37,UPI,Mumbai,Fuel,M1608,C32418,18269.59,0.565,amount_spike,Medium,Cleared,1,0,Done
ALT0002383,TXN00023587,2025-08-01 01:20:31,UPI,Ahmedabad,Fashion,M1654,C42687,11615.91,0.481,velocity,Low,Cleared,1,0,Done
ALT0002384,TXN00043736,2025-08-01 01:20:51,UPI,Jaipur,Travel,M1481,C83813,23418.13,0.571,night_burst,Medium,Blocked,1,1,Done
ALT0002385,TXN00032628,2025-08-01 01:23:28,UPI,Hyderabad,Gaming,M1457,C24261,4896.11,0.494,velocity,Low,Cleared,1,0,Done
ALT0002386,TXN00038754,2025-08-01 01:29:04,Wallet,Pune,Fuel,M1703,C89602,1202.13,0.659,velocity,Medium,Cleared,1,0,Done
ALT0002387,TXN00004364,2025-08-01 01:34:19,UPI,Bengaluru,Utilities,M1813,C64391,3481.21,0.503,velocity,Low,Cleared,1,0,Done
ALT0002388,TXN00037892,2025-08-01 01:38:29,UPI,Lucknow,Electronics,M1421,C66764,3311.75,0.655,velocity,Medium,Blocked,0,1,Done
ALT0002389,TXN00032932,2025-08-01 01:48:15,UPI,Bengaluru,Fuel,M1166,C40137,6458.82,0.549,velocity,Low,Blocked,0,1,Done
ALT0002390,TXN00026680,2025-08-01 01:51:33,UPI,Nagpur,Fuel,M1126,C56820,299.08,0.716,velocity,High,Blocked,0,1,Done
ALT0002391,TXN00026313,2025-08-01 01:53:51,Card,Delhi,Utilities,M1361,C18621,35269.49,0.517,velocity,Low,Cleared,1,0,Done
ALT0002392,TXN00029588,2025-08-01 01:55:12,UPI,Pune,Food Delivery,M1276,C29376,6433.14,0.553,night_burst,Medium,Open,0,0,Queue
ALT0002393,TXN00038029,2025-08-01 02:02:45,Wallet,Hyderabad,Fuel,M1198,C84870,2672.37,0.601,velocity,Medium,Cleared,1,0,Done
ALT0002394,TXN00044163,2025-08-01 02:03:57,UPI,Kolkata,Utilities,M1539,C26664,3609.56,0.53,velocity,Low,Cleared,1,0,Done
ALT0002395,TXN00026514,2025-08-01 02:04:42,Wallet,Pune,Electronics,M1284,C42993,3419.22,0.518,velocity,Low,Cleared,1,0,Done
ALT0002396,TXN00023935,2025-08-01 02:04:47,Card,Ahmedabad,Education,M1808,C36243,14045.29,0.766,night_burst,High,Open,0,0,Queue
ALT0002397,TXN00020772,2025-08-01 02:05:10,UPI,Kolkata,Fashion,M1316,C33777,8692.88,0.527,velocity,Low,Investigating,0,0,Queue
ALT0002398,TXN00032180,2025-08-01 02:06:00,Card,Indore,Grocery,M1238,C79370,1313.13,0.643,device,Medium,Blocked,1,1,Done
ALT0002399,TXN00001966,2025-08-01 02:06:54,UPI,Chennai,Grocery,M1053,C57252,1786.92,0.693,device,High,Open,0,0,Queue
ALT0002400,TXN00001901,2025-08-01 02:07:22,Card,Kochi,Fuel,M1523,C80873,11129.34,0.487,velocity,Low,Open,0,0,Queue
ALT0002401,TXN00043293,2025-08-01 02:08:14,UPI,Surat,Travel,M1772,C86711,5547.73,0.607,night_burst,Medium,Open,0,0,Queue
ALT0002402,TXN00018374,2025-08-01 02:17:53,UPI,Mumbai,Grocery,M1810,C34244,7259.44,0.707,new_payee,High,Cleared,0,0,Done
ALT0002403,TXN00010918,2025-08-01 02:21:55,UPI,Bengaluru,Education,M1136,C13815,8387.55,0.582,night_burst,Medium,Cleared,1,0,Done
ALT0002404,TXN00000690,2025-08-01 02:23:07,UPI,Chennai,Fashion,M1543,C84711,3874.02,0.597,new_payee,Medium,Blocked,1,1,Done
ALT0002405,TXN00019274,2025-08-01 02:33:56,Card,Pune,Education,M1102,C38090,72653.65,0.544,velocity,Low,Cleared,1,0,Done
ALT0002406,TXN00047559,2025-08-01 02:35:38,Card,Hyderabad,Travel,M1266,C22737,26321.82,0.693,geo_mismatch,High,Investigating,0,0,Queue
ALT0002407,TXN00033621,2025-08-01 02:39:17,UPI,Ahmedabad,Fashion,M1029,C22253,2430.7,0.618,night_burst,Medium,Blocked,1,1,Done
ALT0002408,TXN00035246,2025-08-01 02:42:30,Card,Indore,Fashion,M1213,C15249,25270.76,0.74,new_payee,High,Blocked,0,1,Done
ALT0002409,TXN00024068,2025-08-01 02:54:09,UPI,Jaipur,Education,M1244,C69805,24963.95,0.5,velocity,Low,Cleared,1,0,Done
ALT0002410,TXN00000243,2025-08-01 02:54:56,UPI,Jaipur,Electronics,M1764,C48658,960.69,1.0,new_payee,Critical,Blocked,0,1,Done
ALT0002411,TXN00015720,2025-08-01 02:56:13,Card,Hyderabad,Utilities,M1396,C12314,54106.48,0.726,night_burst,High,Blocked,0,1,Done
ALT0002412,TXN00040617,2025-08-01 02:56:34,Card,Indore,Grocery,M1760,C21164,6598.71,0.62,night_burst,Medium,Investigating,0,0,Queue
ALT0002413,TXN00015313,2025-08-01 03:02:22,UPI,Hyderabad,Food Delivery,M1286,C33711,960.8,0.599,velocity,Medium,Blocked,0,1,Done
ALT0002414,TXN00034807,2025-08-01 03:03:48,UPI,Kolkata,Healthcare,M1357,C47244,2755.34,0.585,new_payee,Medium,Blocked,0,1,Done
ALT0002415,TXN00035254,2025-08-01 03:06:30,UPI,Nagpur,Food Delivery,M1804,C89272,2329.72,0.667,new_payee,Medium,Investigating,0,0,Queue
ALT0002416,TXN00010327,2025-08-01 03:09:44,UPI,Delhi,Electronics,M1371,C37013,152.4,0.738,device,High,Cleared,0,0,Done
ALT0002417,TXN00017209,2025-08-01 03:11:20,UPI,Kolkata,Electronics,M1412,C24763,44121.73,0.555,amount_spike,Medium,Blocked,1,1,Done
ALT0002418,TXN00045503,2025-08-01 03:11:37,UPI,Indore,Grocery,M1324,C66454,1341.38,0.671,device,Medium,Investigating,0,0,Queue
ALT0002419,TXN00024677,2025-08-01 03:13:52,Card,Jaipur,Fuel,M1539,C54540,4499.65,0.626,new_payee,Medium,Investigating,0,0,Queue
ALT0002420,TXN00003853,2025-08-01 03:15:33,UPI,Lucknow,Food Delivery,M1622,C21466,18680.54,0.575,velocity,Medium,Investigating,0,0,Queue
ALT0002421,TXN00002061,2025-08-01 03:15:45,UPI,Pune,Grocery,M1826,C82983,5547.47,0.526,night_burst,Low,Cleared,1,0,Done
ALT0002422,TXN00020456,2025-08-01 03:18:42,UPI,Jaipur,Grocery,M1889,C89835,4494.72,0.521,night_burst,Low,Investigating,0,0,Queue
ALT0002423,TXN00036265,2025-08-01 03:23:22,UPI,Kolkata,Electronics,M1505,C88557,1061.79,0.536,velocity,Low,Escalated,0,0,Queue
ALT0002424,TXN00043754,2025-08-01 03:25:16,UPI,Bengaluru,Fuel,M1378,C39897,5761.9,0.665,device,Medium,Investigating,0,0,Queue
ALT0002425,TXN00040898,2025-08-01 03:27:20,UPI,Lucknow,Food Delivery,M1189,C17868,2688.18,0.482,night_burst,Low,Cleared,1,0,Done
ALT0002426,TXN00046487,2025-08-01 03:27:41,UPI,Nagpur,Gaming,M1317,C81306,2021.41,0.481,night_burst,Low,Cleared,1,0,Done
ALT0002427,TXN00037250,2025-08-01 03:28:44,UPI,Jaipur,Grocery,M1385,C54546,392.64,0.535,new_payee,Low,Blocked,0,1,Done
ALT0002428,TXN00005931,2025-08-01 03:32:10,UPI,Ahmedabad,Food Delivery,M1308,C36139,2607.17,0.601,velocity,Medium,Blocked,1,1,Done
ALT0002429,TXN00041670,2025-08-01 03:44:24,UPI,Indore,Utilities,M1208,C21427,4671.63,0.615,device,Medium,Blocked,1,1,Done
ALT0002430,TXN00011128,2025-08-01 03:47:26,Card,Pune,Travel,M1573,C42393,14269.03,0.51,velocity,Low,Blocked,0,1,Done
ALT0002431,TXN00043497,2025-08-01 03:49:00,Card,Kochi,Utilities,M1616,C44260,1760.98,0.557,night_burst,Medium,Open,0,0,Queue
ALT0002432,TXN00037090,2025-08-01 03:49:22,Card,Indore,Electronics,M1382,C63988,5714.05,0.549,night_burst,Low,Open,0,0,Queue
ALT0002433,TXN00020539,2025-08-01 03:53:18,Card,Chandigarh,Grocery,M1446,C38847,25079.08,0.574,velocity,Medium,Investigating,0,0,Queue
ALT0002434,TXN00028626,2025-08-01 03:54:34,UPI,Hyderabad,Food Delivery,M1594,C32285,476.14,0.483,velocity,Low,Cleared,1,0,Done
ALT0002435,TXN00043631,2025-08-01 03:59:00,UPI,Delhi,Grocery,M1131,C70369,2145.05,0.554,night_burst,Medium,Open,0,0,Queue
ALT0002436,TXN00020310,2025-08-01 04:00:01,UPI,Delhi,Fashion,M1448,C33085,2085.68,0.645,geo_mismatch,Medium,Investigating,0,0,Queue
ALT0002437,TXN00047288,2025-08-01 04:01:22,Wallet,Nagpur,Grocery,M1518,C82336,10875.43,0.623,new_payee,Medium,Cleared,1,0,Done
ALT0002438,TXN00020250,2025-08-01 04:04:36,UPI,Bengaluru,Food Delivery,M1129,C64273,12386.32,0.562,velocity,Medium,Open,0,0,Queue
ALT0002439,TXN00012595,2025-08-01 04:11:18,Wallet,Surat,Food Delivery,M1475,C38542,56.9,0.604,night_burst,Medium,Open,0,0,Queue
ALT0002440,TXN00009039,2025-08-01 04:11:43,UPI,Jaipur,Electronics,M1650,C11634,24766.39,0.54,velocity,Low,Investigating,0,0,Queue
ALT0002441,TXN00040568,2025-08-01 04:17:06,Wallet,Lucknow,Grocery,M1385,C44444,607.19,0.59,device,Medium,Investigating,0,0,Queue
ALT0002442,TXN00037417,2025-08-01 04:20:10,UPI,Indore,Food Delivery,M1455,C52042,3945.27,0.521,velocity,Low,Cleared,1,0,Done
ALT0002443,TXN00037534,2025-08-01 04:23:58,UPI,Nagpur,Electronics,M1152,C48437,3687.06,0.573,velocity,Medium,Blocked,0,1,Done
ALT0002444,TXN00047387,2025-08-01 04:25:32,Card,Delhi,Travel,M1034,C32117,587.48,0.536,velocity,Low,Blocked,0,1,Done
ALT0002445,TXN00011816,2025-08-01 04:26:44,UPI,Chandigarh,Electronics,M1823,C42301,1039.73,0.54,night_burst,Low,Open,0,0,Queue
ALT0002446,TXN00044836,2025-08-01 04:29:46,UPI,Pune,Electronics,M1301,C48039,3581.34,0.839,velocity,Critical,Blocked,0,1,Done
ALT0002447,TXN00031440,2025-08-01 04:34:57,Card,Hyderabad,Education,M1615,C47351,14123.58,0.505,velocity,Low,Open,0,0,Queue
ALT0002448,TXN00006941,2025-08-01 04:37:18,Card,Bengaluru,Travel,M1778,C86385,6461.63,0.621,night_burst,Medium,Blocked,0,1,Done
ALT0002449,TXN00019648,2025-08-01 04:41:21,UPI,Delhi,Grocery,M1158,C10843,61558.9,0.666,amount_spike,Medium,Escalated,0,0,Queue
ALT0002450,TXN00029027,2025-08-01 04:43:04,UPI,Mumbai,Food Delivery,M1176,C61917,2642.85,0.515,velocity,Low,Cleared,1,0,Done
ALT0002451,TXN00021728,2025-08-01 04:48:18,UPI,Pune,Travel,M1034,C82419,11594.59,0.533,velocity,Low,Cleared,1,0,Done
ALT0002452,TXN00032267,2025-08-01 04:55:55,Wallet,Bengaluru,Grocery,M1099,C58460,11004.39,0.604,night_burst,Medium,Cleared,1,0,Done
ALT0002453,TXN00036320,2025-08-01 04:58:24,Card,Jaipur,Healthcare,M1828,C39815,8318.51,0.546,velocity,Low,Investigating,0,0,Queue
ALT0002454,TXN00001724,2025-08-01 06:00:39,Wallet,Ahmedabad,Electronics,M1737,C58291,1880.54,0.547,velocity,Low,Open,0,0,Queue
ALT0002455,TXN00020517,2025-08-01 06:02:57,Wallet,Kolkata,Fuel,M1588,C47491,709.49,0.558,velocity,Medium,Investigating,0,0,Queue
ALT0002456,TXN00003311,2025-08-01 07:30:44,Card,Kochi,Food Delivery,M1309,C85912,8664.22,0.518,velocity,Low,Investigating,0,0,Queue
ALT0002457,TXN00000223,2025-08-01 07:43:05,Card,Jaipur,Fashion,M1571,C53552,9987.02,0.574,geo_mismatch,Medium,Investigating,0,0,Queue
ALT0002458,TXN00023985,2025-08-01 07:46:30,UPI,Pune,Food Delivery,M1315,C13292,38490.78,0.489,geo_mismatch,Low,Cleared,1,0,Done
ALT0002459,TXN00043163,2025-08-01 08:29:44,Card,Nagpur,Fashion,M1314,C42836,2304.56,0.608,geo_mismatch,Medium,Investigating,0,0,Queue
ALT0002460,TXN00042733,2025-08-01 08:40:27,UPI,Mumbai,Fuel,M1066,C85146,3799.71,0.526,new_payee,Low,Cleared,1,0,Done
ALT0002461,TXN00026099,2025-08-01 09:05:49,UPI,Kochi,Electronics,M1132,C43876,1843.12,0.635,velocity,Medium,Investigating,0,0,Queue
ALT0002462,TXN00002436,2025-08-01 09:16:26,UPI,Kochi,Electronics,M1388,C33606,1390.61,0.615,device,Medium,Blocked,0,1,Done
ALT0002463,TXN00043034,2025-08-01 10:00:53,UPI,Kolkata,Healthcare,M1515,C25748,1677.56,0.645,device,Medium,Cleared,1,0,Done
ALT0002464,TXN00039350,2025-08-01 10:13:08,UPI,Surat,Fuel,M1280,C38917,8578.93,0.542,device,Low,Investigating,0,0,Queue
ALT0002465,TXN00021850,2025-08-01 10:38:33,UPI,Indore,Electronics,M1126,C16493,12493.96,0.49,velocity,Low,Investigating,0,0,Queue
ALT0002466,TXN00039852,2025-08-01 11:00:03,Card,Nagpur,Travel,M1350,C46766,3287.76,0.583,velocity,Medium,Investigating,0,0,Queue
ALT0002467,TXN00035419,2025-08-01 11:28:58,UPI,Bengaluru,Food Delivery,M1757,C68539,4885.24,0.547,velocity,Low,Cleared,1,0,Done
ALT0002468,TXN00026974,2025-08-01 12:10:49,UPI,Kolkata,Grocery,M1257,C10663,203.99,0.57,device,Medium,Blocked,1,1,Done
ALT0002469,TXN00047871,2025-08-01 12:24:52,Card,Jaipur,Grocery,M1714,C29170,13829.31,0.499,device,Low,Open,0,0,Queue
ALT0002470,TXN00047098,2025-08-01 12:51:52,UPI,Chandigarh,Fashion,M1101,C17851,31423.17,0.584,amount_spike,Medium,Investigating,0,0,Queue
ALT0002471,TXN00011123,2025-08-01 13:15:48,Card,Nagpur,Food Delivery,M1882,C72916,4169.93,0.493,velocity,Low,Open,0,0,Queue
ALT0002472,TXN00043247,2025-08-01 14:03:39,Card,Nagpur,Grocery,M1797,C18615,82560.31,0.57,amount_spike,Medium,Blocked,0,1,Done
ALT0002473,TXN00033417,2025-08-01 14:13:38,Card,Nagpur,Gaming,M1404,C40592,10851.31,0.815,velocity,High,Open,0,0,Queue
ALT0002474,TXN00001350,2025-08-01 14:15:48,Wallet,Mumbai,Healthcare,M1374,C23465,486.05,0.496,geo_mismatch,Low,Escalated,0,0,Queue
ALT0002475,TXN00031395,2025-08-01 14:39:34,Card,Chandigarh,Food Delivery,M1286,C57703,2726.84,0.62,device,Medium,Open,0,0,Queue
ALT0002476,TXN00008829,2025-08-01 14:59:39,Wallet,Surat,Electronics,M1062,C10376,5383.43,0.559,velocity,Medium,Escalated,0,0,Queue
ALT0002477,TXN00011226,2025-08-01 15:05:23,UPI,Hyderabad,Food Delivery,M1788,C83546,3403.24,0.51,velocity,Low,Open,0,0,Queue
ALT0002478,TXN00008120,2025-08-01 15:50:09,Card,Pune,Travel,M1847,C12155,88348.25,0.607,new_payee,Medium,Cleared,1,0,Done
ALT0002479,TXN00001286,2025-08-01 16:00:17,UPI,Ahmedabad,Healthcare,M1117,C43197,8555.47,0.655,velocity,Medium,Escalated,0,0,Queue
ALT0002480,TXN00007754,2025-08-01 16:24:01,Card,Lucknow,Grocery,M1594,C88868,38152.15,0.5,amount_spike,Low,Cleared,1,0,Done
ALT0002481,TXN00040221,2025-08-01 16:29:17,UPI,Chennai,Fashion,M1205,C61236,12389.12,0.525,geo_mismatch,Low,Cleared,1,0,Done
ALT0002482,TXN00017832,2025-08-01 16:39:41,UPI,Kolkata,Fashion,M1085,C86356,3243.85,0.644,velocity,Medium,Investigating,0,0,Queue
ALT0002483,TXN00018576,2025-08-01 16:41:12,Card,Kochi,Fuel,M1182,C21295,4388.54,0.671,velocity,Medium,Cleared,1,0,Done
ALT0002484,TXN00017664,2025-08-01 17:18:40,UPI,Lucknow,Food Delivery,M1524,C66934,6287.89,0.561,velocity,Medium,Investigating,0,0,Queue
ALT0002485,TXN00026854,2025-08-01 17:44:20,UPI,Lucknow,Grocery,M1646,C56726,4494.44,0.617,geo_mismatch,Medium,Cleared,1,0,Done
ALT0002486,TXN00002157,2025-08-01 18:09:04,UPI,Hyderabad,Food Delivery,M1663,C48781,15933.73,0.49,new_payee,Low,Cleared,1,0,Done
ALT0002487,TXN00020261,2025-08-01 18:21:45,Card,Surat,Healthcare,M1342,C30229,16979.13,0.487,velocity,Low,Investigating,0,0,Queue
ALT0002488,TXN00041072,2025-08-01 18:23:34,Card,Kolkata,Travel,M1658,C64703,69407.92,0.529,new_payee,Low,Investigating,0,0,Queue
ALT0002489,TXN00001569,2025-08-01 18:41:53,UPI,Jaipur,Travel,M1428,C44081,3582.39,0.587,device,Medium,Investigating,0,0,Queue
ALT0002490,TXN00002745,2025-08-01 18:49:05,UPI,Kolkata,Food Delivery,M1740,C63912,158409.82,0.781,new_payee,High,Escalated,0,0,Queue
ALT0002491,TXN00046743,2025-08-01 19:18:06,UPI,Bengaluru,Fashion,M1492,C29553,58426.14,0.627,device,Medium,Cleared,1,0,Done
ALT0002492,TXN00003701,2025-08-01 19:32:13,Card,Hyderabad,Grocery,M1554,C49655,5297.04,0.508,geo_mismatch,Low,Investigating,0,0,Queue
ALT0002493,TXN00017761,2025-08-01 19:51:52,UPI,Lucknow,Travel,M1667,C68473,19754.72,0.64,velocity,Medium,Cleared,1,0,Done
ALT0002494,TXN00037622,2025-08-01 19:59:00,UPI,Hyderabad,Utilities,M1371,C62864,84012.53,0.605,geo_mismatch,Medium,Investigating,0,0,Queue
ALT0002495,TXN00009900,2025-08-01 20:47:01,Card,Surat,Travel,M1170,C74486,3278.9,0.49,device,Low,Open,0,0,Queue
ALT0002496,TXN00021690,2025-08-01 21:18:13,Card,Mumbai,Fuel,M1549,C71012,10004.45,0.489,velocity,Low,Cleared,1,0,Done
ALT0002497,TXN00022376,2025-08-01 21:19:14,UPI,Hyderabad,Grocery,M1047,C27815,2524.9,0.591,new_payee,Medium,Open,0,0,Queue
ALT0002498,TXN00019927,2025-08-01 21:38:19,Wallet,Chennai,Electronics,M1585,C65913,2722.36,0.487,new_payee,Low,Cleared,1,0,Done
ALT0002499,TXN00047567,2025-08-01 21:39:01,UPI,Mumbai,Fashion,M1175,C59642,2213.29,0.568,velocity,Medium,Investigating,0,0,Queue
ALT0002500,TXN00039749,2025-08-01 21:41:13,Wallet,Nagpur,Electronics,M1180,C35111,687.44,0.605,new_payee,Medium,Investigating,0,0,Queue
ALT0002501,TXN00031839,2025-08-01 22:04:58,UPI,Hyderabad,Food Delivery,M1882,C36704,2733.16,0.596,velocity,Medium,Open,0,0,Queue
ALT0002502,TXN00027320,2025-08-01 22:17:39,UPI,Chennai,Fuel,M1751,C37685,3580.68,0.52,velocity,Low,Cleared,1,0,Done
ALT0002503,TXN00024382,2025-08-01 22:27:25,UPI,Bengaluru,Food Delivery,M1597,C11643,6475.99,0.531,velocity,Low,Blocked,1,1,Done
ALT0002504,TXN00035893,2025-08-01 22:38:15,Card,Bengaluru,Electronics,M1093,C16813,224785.92,0.638,velocity,Medium,Cleared,1,0,Done
ALT0002505,TXN00026221,2025-08-01 23:00:56,Wallet,Kolkata,Grocery,M1114,C78441,1654.91,0.603,night_burst,Medium,Blocked,0,1,Done
ALT0002506,TXN00047739,2025-08-01 23:01:08,Card,Surat,Electronics,M1349,C25184,7730.25,0.491,new_payee,Low,Open,0,0,Queue
ALT0002507,TXN00014186,2025-08-01 23:02:30,Card,Ahmedabad,Fashion,M1024,C58997,22503.88,0.697,new_payee,High,Blocked,1,1,Done
ALT0002508,TXN00040692,2025-08-01 23:05:20,UPI,Delhi,Travel,M1848,C28337,10040.94,0.547,velocity,Low,Blocked,0,1,Done
ALT0002509,TXN00038000,2025-08-01 23:08:20,UPI,Ahmedabad,Fashion,M1610,C84717,2210.69,0.755,night_burst,High,Escalated,0,0,Queue
ALT0002510,TXN00002050,2025-08-01 23:09:39,UPI,Pune,Grocery,M1122,C38819,1819.23,0.535,new_payee,Low,Cleared,1,0,Done
ALT0002511,TXN00023840,2025-08-01 23:10:16,UPI,Surat,Travel,M1450,C61129,753.34,0.497,velocity,Low,Cleared,1,0,Done
ALT0002512,TXN00029608,2025-08-01 23:11:50,UPI,Indore,Fuel,M1162,C66417,2140.46,0.591,velocity,Medium,Open,0,0,Queue
ALT0002513,TXN00041357,2025-08-01 23:14:06,Card,Chennai,Electronics,M1568,C64262,181828.86,0.768,new_payee,High,Investigating,0,0,Queue
ALT0002514,TXN00033518,2025-08-01 23:17:26,UPI,Hyderabad,Fashion,M1382,C40655,13045.78,0.6,velocity,Medium,Investigating,0,0,Queue
ALT0002515,TXN00041259,2025-08-01 23:19:00,UPI,Mumbai,Grocery,M1041,C12845,15382.03,0.53,amount_spike,Low,Investigating,0,0,Queue
ALT0002516,TXN00002147,2025-08-01 23:22:13,Card,Kochi,Utilities,M1359,C69076,5387.23,0.877,night_burst,Critical,Escalated,0,0,Queue
ALT0002517,TXN00017690,2025-08-01 23:32:27,Card,Hyderabad,Utilities,M1311,C39196,4013.41,0.636,new_payee,Medium,Investigating,0,0,Queue
ALT0002518,TXN00038668,2025-08-01 23:36:37,Wallet,Indore,Grocery,M1810,C75772,554.84,0.592,night_burst,Medium,Cleared,1,0,Done
ALT0002519,TXN00031766,2025-08-01 23:36:56,UPI,Kochi,Travel,M1433,C63869,1245.78,0.592,new_payee,Medium,Blocked,1,1,Done
ALT0002520,TXN00045778,2025-08-01 23:40:31,UPI,Lucknow,Utilities,M1009,C12803,3767.63,0.495,velocity,Low,Blocked,0,1,Done
ALT0002521,TXN00043484,2025-08-01 23:43:42,UPI,Delhi,Grocery,M1745,C54957,1996.22,0.608,velocity,Medium,Blocked,1,1,Done
ALT0002522,TXN00005533,2025-08-01 23:44:02,UPI,Chennai,Healthcare,M1294,C54399,997.88,0.794,device,High,Cleared,0,0,Done
ALT0002523,TXN00026320,2025-08-01 23:45:08,Card,Ahmedabad,Fuel,M1098,C79518,77906.18,0.733,velocity,High,Blocked,0,1,Done
ALT0002524,TXN00018008,2025-08-01 23:51:59,UPI,Pune,Travel,M1531,C66219,2081.95,0.511,night_burst,Low,Cleared,1,0,Done
ALT0002525,TXN00035131,2025-08-01 23:55:44,UPI,Pune,Grocery,M1848,C21159,2119.81,0.568,velocity,Medium,Investigating,0,0,Queue
ALT0002526,TXN00032504,2025-08-02 00:00:28,Card,Nagpur,Fuel,M1176,C59669,2825.75,0.531,geo_mismatch,Low,Cleared,1,0,Done
ALT0002527,TXN00002855,2025-08-02 00:00:59,Card,Chennai,Education,M1787,C16531,17544.1,0.539,velocity,Low,Cleared,1,0,Done
ALT0002528,TXN00010131,2025-08-02 00:03:57,UPI,Kolkata,Travel,M1670,C16118,146.14,0.494,velocity,Low,Cleared,1,0,Done
ALT0002529,TXN00019958,2025-08-02 00:04:54,UPI,Jaipur,Gaming,M1748,C73293,676.27,0.517,velocity,Low,Cleared,1,0,Done
ALT0002530,TXN00029756,2025-08-02 00:04:55,UPI,Indore,Electronics,M1033,C35007,6315.7,0.615,velocity,Medium,Cleared,1,0,Done
ALT0002531,TXN00019253,2025-08-02 00:09:05,Wallet,Chandigarh,Fashion,M1164,C39041,1946.05,0.526,velocity,Low,Blocked,1,1,Done
ALT0002532,TXN00024581,2025-08-02 00:09:17,UPI,Nagpur,Travel,M1004,C80860,16720.16,0.482,device,Low,Investigating,0,0,Queue
ALT0002533,TXN00017150,2025-08-02 00:09:51,Card,Jaipur,Fashion,M1634,C29276,34312.47,0.603,night_burst,Medium,Investigating,0,0,Queue
ALT0002534,TXN00040241,2025-08-02 00:11:36,UPI,Mumbai,Fuel,M1242,C14574,1158.01,0.487,velocity,Low,Investigating,0,0,Queue
ALT0002535,TXN00047477,2025-08-02 00:15:20,Card,Ahmedabad,Gaming,M1757,C30236,9060.77,0.496,night_burst,Low,Open,0,0,Queue
ALT0002536,TXN00042096,2025-08-02 00:15:49,Card,Jaipur,Utilities,M1315,C41765,166240.49,0.608,night_burst,Medium,Open,0,0,Queue
ALT0002537,TXN00045313,2025-08-02 00:17:31,Card,Ahmedabad,Education,M1761,C26642,18508.72,0.59,night_burst,Medium,Investigating,0,0,Queue
ALT0002538,TXN00036784,2025-08-02 00:20:19,UPI,Indore,Travel,M1382,C57241,25589.49,0.594,night_burst,Medium,Blocked,1,1,Done
ALT0002539,TXN00027055,2025-08-02 00:28:10,UPI,Pune,Education,M1392,C54063,6903.91,0.527,velocity,Low,Open,0,0,Queue
ALT0002540,TXN00046553,2025-08-02 00:29:56,Wallet,Bengaluru,Fashion,M1191,C56308,2335.7,0.596,night_burst,Medium,Blocked,0,1,Done
ALT0002541,TXN00003472,2025-08-02 00:41:04,Wallet,Surat,Electronics,M1421,C45610,267.38,0.53,night_burst,Low,Cleared,1,0,Done
ALT0002542,TXN00031591,2025-08-02 00:46:30,UPI,Ahmedabad,Grocery,M1468,C59012,10845.69,0.494,device,Low,Open,0,0,Queue
ALT0002543,TXN00037387,2025-08-02 00:47:54,Wallet,Pune,Electronics,M1861,C61113,623.84,0.547,geo_mismatch,Low,Open,0,0,Queue
ALT0002544,TXN00031674,2025-08-02 00:48:53,Card,Bengaluru,Utilities,M1525,C58047,50478.78,0.605,new_payee,Medium,Investigating,0,0,Queue
ALT0002545,TXN00008752,2025-08-02 00:51:35,Card,Indore,Food Delivery,M1107,C74383,933.05,0.676,velocity,Medium,Investigating,0,0,Queue
ALT0002546,TXN00027267,2025-08-02 00:52:11,Card,Pune,Fashion,M1298,C45338,31188.12,0.789,night_burst,High,Blocked,0,1,Done
ALT0002547,TXN00027061,2025-08-02 00:54:43,UPI,Kochi,Electronics,M1652,C61515,7307.36,0.759,device,High,Escalated,0,0,Queue
ALT0002548,TXN00047152,2025-08-02 00:55:51,UPI,Nagpur,Food Delivery,M1365,C72485,9945.34,0.491,velocity,Low,Investigating,0,0,Queue
ALT0002549,TXN00036165,2025-08-02 00:56:31,UPI,Kochi,Travel,M1490,C64123,4853.11,0.612,velocity,Medium,Blocked,1,1,Done
ALT0002550,TXN00032305,2025-08-02 00:59:46,UPI,Kolkata,Utilities,M1031,C38984,36460.55,0.605,amount_spike,Medium,Investigating,0,0,Queue
ALT0002551,TXN00043624,2025-08-02 01:00:35,Wallet,Surat,Food Delivery,M1404,C55968,6402.1,0.987,device,Critical,Blocked,0,1,Done
ALT0002552,TXN00044971,2025-08-02 01:06:28,UPI,Bengaluru,Grocery,M1257,C73016,4140.56,0.59,velocity,Medium,Cleared,1,0,Done
ALT0002553,TXN00012277,2025-08-02 01:08:05,Card,Delhi,Grocery,M1571,C76970,69825.11,0.602,amount_spike,Medium,Investigating,0,0,Queue
ALT0002554,TXN00020347,2025-08-02 01:09:17,Card,Nagpur,Fuel,M1303,C50107,11537.04,0.782,night_burst,High,Investigating,0,0,Queue
ALT0002555,TXN00002561,2025-08-02 01:13:57,UPI,Nagpur,Gaming,M1111,C60207,1848.24,0.566,velocity,Medium,Cleared,1,0,Done
ALT0002556,TXN00040753,2025-08-02 01:15:59,UPI,Chandigarh,Healthcare,M1059,C55342,6008.17,0.582,geo_mismatch,Medium,Blocked,1,1,Done
ALT0002557,TXN00013756,2025-08-02 01:17:53,Wallet,Ahmedabad,Electronics,M1073,C22469,30038.21,0.489,velocity,Low,Cleared,1,0,Done
ALT0002558,TXN00017251,2025-08-02 01:19:04,UPI,Kolkata,Grocery,M1397,C14257,27413.32,0.483,amount_spike,Low,Open,0,0,Queue
ALT0002559,TXN00035477,2025-08-02 01:20:14,UPI,Lucknow,Electronics,M1697,C29879,694.09,0.58,velocity,Medium,Open,0,0,Queue
ALT0002560,TXN00009210,2025-08-02 01:36:46,Wallet,Nagpur,Fashion,M1070,C19350,23970.99,0.602,velocity,Medium,Investigating,0,0,Queue
ALT0002561,TXN00023183,2025-08-02 01:37:57,UPI,Hyderabad,Grocery,M1685,C88712,1217.23,0.594,night_burst,Medium,Investigating,0,0,Queue
ALT0002562,TXN00017280,2025-08-02 01:41:41,Card,Chennai,Fashion,M1397,C69584,13507.16,0.557,velocity,Medium,Cleared,1,0,Done
ALT0002563,TXN00039240,2025-08-02 01:42:26,Wallet,Hyderabad,Gaming,M1779,C15019,3705.4,0.573,night_burst,Medium,Cleared,1,0,Done
ALT0002564,TXN00016061,2025-08-02 01:50:44,Card,Hyderabad,Grocery,M1584,C84427,11785.18,0.484,new_payee,Low,Cleared,1,0,Done
ALT0002565,TXN00022782,2025-08-02 01:53:35,Wallet,Chandigarh,Utilities,M1120,C83253,50.0,0.59,night_burst,Medium,Open,0,0,Queue
ALT0002566,TXN00008809,2025-08-02 01:57:31,UPI,Lucknow,Gaming,M1224,C72280,3880.78,0.593,night_burst,Medium,Blocked,1,1,Done
ALT0002567,TXN00029813,2025-08-02 02:03:07,Card,Chandigarh,Fashion,M1478,C65776,18185.39,0.573,amount_spike,Medium,Open,0,0,Queue
ALT0002568,TXN00039124,2025-08-02 02:06:45,Card,Lucknow,Fuel,M1403,C80461,905.38,0.6,velocity,Medium,Blocked,1,1,Done
ALT0002569,TXN00001109,2025-08-02 02:11:16,Card,Kolkata,Healthcare,M1244,C19479,115150.27,0.599,amount_spike,Medium,Blocked,0,1,Done
ALT0002570,TXN00030439,2025-08-02 02:15:17,Card,Mumbai,Fuel,M1396,C47146,8238.61,0.503,velocity,Low,Investigating,0,0,Queue
ALT0002571,TXN00025469,2025-08-02 02:21:27,Wallet,Delhi,Fuel,M1865,C63617,2918.72,0.573,velocity,Medium,Blocked,1,1,Done
ALT0002572,TXN00017894,2025-08-02 02:26:25,Card,Kochi,Healthcare,M1139,C26277,7724.61,0.617,night_burst,Medium,Cleared,1,0,Done
ALT0002573,TXN00015845,2025-08-02 02:28:33,UPI,Nagpur,Food Delivery,M1741,C32673,2949.91,0.612,night_burst,Medium,Blocked,1,1,Done
ALT0002574,TXN00021897,2025-08-02 02:42:32,Wallet,Kochi,Grocery,M1441,C81870,3889.42,0.486,velocity,Low,Cleared,1,0,Done
ALT0002575,TXN00000408,2025-08-02 02:45:12,Wallet,Nagpur,Gaming,M1703,C72459,9742.11,0.551,velocity,Medium,Cleared,1,0,Done
ALT0002576,TXN00036812,2025-08-02 02:53:28,Card,Delhi,Utilities,M1124,C77718,2119.6,0.782,night_burst,High,Cleared,0,0,Done
ALT0002577,TXN00013846,2025-08-02 02:53:34,UPI,Chennai,Education,M1323,C80370,11650.97,0.562,device,Medium,Cleared,1,0,Done
ALT0002578,TXN00046948,2025-08-02 02:53:39,UPI,Pune,Travel,M1579,C49935,37315.46,0.921,amount_spike,Critical,Blocked,0,1,Done
ALT0002579,TXN00017097,2025-08-02 02:53:44,UPI,Ahmedabad,Fashion,M1310,C82676,26905.84,0.619,amount_spike,Medium,Open,0,0,Queue
ALT0002580,TXN00040786,2025-08-02 02:54:27,UPI,Surat,Education,M1238,C33143,4220.04,0.547,night_burst,Low,Cleared,1,0,Done
ALT0002581,TXN00038123,2025-08-02 02:55:16,Wallet,Indore,Grocery,M1881,C52403,16448.66,0.564,amount_spike,Medium,Blocked,0,1,Done
ALT0002582,TXN00003708,2025-08-02 02:57:42,Card,Pune,Gaming,M1164,C30917,92369.52,0.547,amount_spike,Low,Cleared,1,0,Done
ALT0002583,TXN00028182,2025-08-02 03:03:36,Card,Delhi,Gaming,M1763,C44846,22026.84,0.529,velocity,Low,Cleared,1,0,Done
ALT0002584,TXN00030717,2025-08-02 03:18:05,UPI,Chandigarh,Electronics,M1039,C10677,1558.64,0.576,night_burst,Medium,Open,0,0,Queue
ALT0002585,TXN00004488,2025-08-02 03:19:19,Card,Indore,Electronics,M1217,C40936,21187.29,0.48,night_burst,Low,Blocked,0,1,Done
ALT0002586,TXN00042057,2025-08-02 03:21:21,Card,Lucknow,Gaming,M1838,C16651,25533.63,0.541,night_burst,Low,Open,0,0,Queue
ALT0002587,TXN00040417,2025-08-02 03:35:21,UPI,Bengaluru,Fuel,M1441,C33479,14729.57,0.516,new_payee,Low,Investigating,0,0,Queue
ALT0002588,TXN00042646,2025-08-02 03:36:14,Card,Mumbai,Education,M1404,C33446,15591.15,0.59,night_burst,Medium,Investigating,0,0,Queue
ALT0002589,TXN00021992,2025-08-02 03:39:02,UPI,Ahmedabad,Healthcare,M1450,C77818,6002.4,0.618,new_payee,Medium,Blocked,1,1,Done
ALT0002590,TXN00018859,2025-08-02 03:42:21,UPI,Nagpur,Travel,M1712,C66010,49455.9,0.57,night_burst,Medium,Investigating,0,0,Queue
ALT0002591,TXN00016272,2025-08-02 03:45:54,Wallet,Bengaluru,Fuel,M1082,C33502,861.81,0.796,velocity,High,Blocked,0,1,Done
ALT0002592,TXN00023382,2025-08-02 03:48:00,UPI,Jaipur,Electronics,M1544,C63074,2211.03,0.743,night_burst,High,Open,0,0,Queue
ALT0002593,TXN00035048,2025-08-02 03:51:37,UPI,Nagpur,Fuel,M1556,C65532,7987.22,0.591,night_burst,Medium,Open,0,0,Queue
ALT0002594,TXN00016165,2025-08-02 03:52:51,UPI,Mumbai,Gaming,M1419,C80075,721.24,0.831,velocity,Critical,Blocked,0,1,Done
ALT0002595,TXN00013673,2025-08-02 03:53:08,UPI,Pune,Healthcare,M1761,C58296,9398.7,0.591,new_payee,Medium,Investigating,0,0,Queue
ALT0002596,TXN00003141,2025-08-02 03:55:27,UPI,Chandigarh,Fuel,M1083,C24037,2545.24,0.572,night_burst,Medium,Cleared,1,0,Done
ALT0002597,TXN00041871,2025-08-02 03:56:29,Wallet,Nagpur,Electronics,M1115,C84275,2187.08,0.574,velocity,Medium,Investigating,0,0,Queue
ALT0002598,TXN00045232,2025-08-02 03:56:54,UPI,Kochi,Education,M1848,C45903,875.59,0.497,velocity,Low,Cleared,1,0,Done
ALT0002599,TXN00011752,2025-08-02 03:57:41,UPI,Kochi,Food Delivery,M1037,C71340,4133.17,0.601,velocity,Medium,Open,0,0,Queue
ALT0002600,TXN00040944,2025-08-02 03:58:54,Wallet,Jaipur,Grocery,M1532,C51219,3611.11,0.525,velocity,Low,Open,0,0,Queue
ALT0002601,TXN00022028,2025-08-02 04:11:57,UPI,Pune,Utilities,M1371,C57733,2155.33,0.585,new_payee,Medium,Open,0,0,Queue
ALT0002602,TXN00023162,2025-08-02 04:13:34,UPI,Chennai,Grocery,M1836,C27732,3094.94,0.512,night_burst,Low,Investigating,0,0,Queue
ALT0002603,TXN00002771,2025-08-02 04:14:35,Wallet,Bengaluru,Food Delivery,M1765,C39011,991.6,0.53,new_payee,Low,Cleared,1,0,Done
ALT0002604,TXN00010024,2025-08-02 04:17:09,Wallet,Bengaluru,Fashion,M1122,C84051,15535.86,0.599,velocity,Medium,Cleared,1,0,Done
ALT0002605,TXN00008442,2025-08-02 04:19:11,UPI,Kolkata,Gaming,M1304,C55973,2839.79,0.598,new_payee,Medium,Blocked,1,1,Done
ALT0002606,TXN00017300,2025-08-02 04:26:21,Wallet,Jaipur,Food Delivery,M1393,C60625,2175.83,0.569,night_burst,Medium,Cleared,1,0,Done
ALT0002607,TXN00025812,2025-08-02 04:26:24,Card,Chennai,Fashion,M1282,C35861,28227.0,0.613,velocity,Medium,Investigating,0,0,Queue
ALT0002608,TXN00033054,2025-08-02 04:26:57,UPI,Chennai,Electronics,M1379,C42264,4611.21,0.577,new_payee,Medium,Open,0,0,Queue
ALT0002609,TXN00002886,2025-08-02 04:30:18,UPI,Surat,Travel,M1160,C19282,4730.81,0.522,night_burst,Low,Cleared,1,0,Done
ALT0002610,TXN00047076,2025-08-02 04:32:04,Card,Chandigarh,Utilities,M1129,C63614,6600.69,0.483,velocity,Low,Investigating,0,0,Queue
ALT0002611,TXN00045583,2025-08-02 04:36:02,Card,Nagpur,Travel,M1038,C68755,9550.74,0.79,new_payee,High,Blocked,0,1,Done
ALT0002612,TXN00002382,2025-08-02 04:37:54,Card,Mumbai,Fashion,M1856,C60858,145601.61,0.625,amount_spike,Medium,Cleared,1,0,Done
ALT0002613,TXN00006771,2025-08-02 04:39:31,UPI,Surat,Fuel,M1158,C81853,31738.03,0.638,amount_spike,Medium,Open,0,0,Queue
ALT0002614,TXN00019570,2025-08-02 04:41:50,Card,Pune,Food Delivery,M1388,C49132,2837.04,0.519,night_burst,Low,Investigating,0,0,Queue
ALT0002615,TXN00035691,2025-08-02 04:46:08,UPI,Surat,Utilities,M1496,C39431,14071.36,0.531,velocity,Low,Open,0,0,Queue
ALT0002616,TXN00002181,2025-08-02 04:46:48,UPI,Ahmedabad,Gaming,M1586,C24162,30567.39,0.585,velocity,Medium,Open,0,0,Queue
ALT0002617,TXN00044913,2025-08-02 04:58:32,Card,Jaipur,Fuel,M1504,C31761,5102.35,0.611,velocity,Medium,Escalated,0,0,Queue
ALT0002618,TXN00017607,2025-08-02 05:02:33,Card,Nagpur,Travel,M1774,C14060,5500.37,0.485,velocity,Low,Cleared,1,0,Done
ALT0002619,TXN00044319,2025-08-02 05:35:17,Wallet,Bengaluru,Fashion,M1680,C54195,3283.82,0.649,device,Medium,Investigating,0,0,Queue
ALT0002620,TXN00045341,2025-08-02 05:42:28,Card,Mumbai,Food Delivery,M1853,C16659,28370.68,0.544,amount_spike,Low,Cleared,1,0,Done
ALT0002621,TXN00044116,2025-08-02 06:04:22,UPI,Kochi,Education,M1142,C10485,90171.91,0.635,new_payee,Medium,Investigating,0,0,Queue
ALT0002622,TXN00037589,2025-08-02 07:26:38,Card,Mumbai,Grocery,M1597,C64300,19175.14,0.583,velocity,Medium,Cleared,1,0,Done
ALT0002623,TXN00011042,2025-08-02 07:39:50,UPI,Indore,Electronics,M1561,C53616,797.51,0.48,new_payee,Low,Investigating,0,0,Queue
ALT0002624,TXN00024325,2025-08-02 08:05:24,Card,Kochi,Electronics,M1895,C45615,17823.64,0.565,velocity,Medium,Investigating,0,0,Queue
ALT0002625,TXN00036044,2025-08-02 08:35:58,Wallet,Bengaluru,Travel,M1646,C21452,12234.1,0.649,velocity,Medium,Open,0,0,Queue
ALT0002626,TXN00022941,2025-08-02 08:39:59,UPI,Indore,Healthcare,M1897,C14558,10649.14,0.617,new_payee,Medium,Investigating,0,0,Queue
ALT0002627,TXN00002907,2025-08-02 08:53:33,Wallet,Kolkata,Grocery,M1786,C74098,290799.73,0.628,device,Medium,Investigating,0,0,Queue
ALT0002628,TXN00007435,2025-08-02 09:14:06,UPI,Kochi,Grocery,M1600,C77260,783.26,0.753,velocity,High,Blocked,0,1,Done
ALT0002629,TXN00030626,2025-08-02 09:27:37,UPI,Delhi,Fashion,M1325,C81666,104747.16,0.584,new_payee,Medium,Open,0,0,Queue
ALT0002630,TXN00030861,2025-08-02 09:28:26,UPI,Surat,Healthcare,M1513,C77169,1414.92,0.499,new_payee,Low,Open,0,0,Queue
ALT0002631,TXN00012217,2025-08-02 09:33:18,Wallet,Delhi,Gaming,M1629,C25667,6495.9,0.484,velocity,Low,Open,0,0,Queue
ALT0002632,TXN00008177,2025-08-02 09:44:48,UPI,Mumbai,Grocery,M1280,C27002,8023.89,0.546,velocity,Low,Open,0,0,Queue
ALT0002633,TXN00005261,2025-08-02 09:58:51,UPI,Delhi,Electronics,M1568,C78937,510.93,0.559,velocity,Medium,Escalated,0,0,Queue
ALT0002634,TXN00030501,2025-08-02 10:35:22,UPI,Kolkata,Utilities,M1390,C18342,1472.05,0.499,new_payee,Low,Cleared,1,0,Done
ALT0002635,TXN00008500,2025-08-02 10:43:44,Wallet,Hyderabad,Grocery,M1639,C11503,4066.2,0.632,velocity,Medium,Blocked,0,1,Done
ALT0002636,TXN00039706,2025-08-02 12:40:45,UPI,Lucknow,Grocery,M1575,C39025,2480.06,0.655,device,Medium,Investigating,0,0,Queue
ALT0002637,TXN00036611,2025-08-02 13:24:02,UPI,Chennai,Education,M1648,C46092,805.42,0.634,velocity,Medium,Cleared,1,0,Done
ALT0002638,TXN00023138,2025-08-02 13:25:52,UPI,Surat,Grocery,M1688,C29960,13201.19,0.568,velocity,Medium,Open,0,0,Queue
ALT0002639,TXN00007062,2025-08-02 13:47:00,UPI,Lucknow,Food Delivery,M1438,C47815,1096.83,0.649,velocity,Medium,Investigating,0,0,Queue
ALT0002640,TXN00024544,2025-08-02 14:18:35,Wallet,Kochi,Travel,M1425,C43284,4157.28,0.522,velocity,Low,Open,0,0,Queue
ALT0002641,TXN00038827,2025-08-02 14:30:09,UPI,Surat,Fashion,M1452,C41282,4746.64,0.511,new_payee,Low,Cleared,1,0,Done
ALT0002642,TXN00030634,2025-08-02 15:01:42,UPI,Nagpur,Food Delivery,M1308,C14400,855.36,0.493,velocity,Low,Investigating,0,0,Queue
ALT0002643,TXN00000450,2025-08-02 15:23:49,Card,Pune,Fashion,M1726,C82073,10989.5,0.493,new_payee,Low,Cleared,1,0,Done
ALT0002644,TXN00031045,2025-08-02 15:31:27,UPI,Nagpur,Electronics,M1749,C81105,2436.34,0.515,velocity,Low,Cleared,1,0,Done
ALT0002645,TXN00000366,2025-08-02 15:34:58,Card,Ahmedabad,Utilities,M1627,C69100,28575.13,0.516,amount_spike,Low,Cleared,1,0,Done
ALT0002646,TXN00009414,2025-08-02 15:57:27,UPI,Hyderabad,Electronics,M1860,C37885,4558.58,0.551,velocity,Medium,Open,0,0,Queue
ALT0002647,TXN00037524,2025-08-02 16:33:39,Wallet,Indore,Electronics,M1589,C15080,6377.46,0.582,geo_mismatch,Medium,Cleared,1,0,Done
ALT0002648,TXN00028034,2025-08-02 18:17:32,Card,Kolkata,Fashion,M1216,C34200,31277.04,0.713,velocity,High,Blocked,0,1,Done
ALT0002649,TXN00019102,2025-08-02 19:10:25,UPI,Jaipur,Fuel,M1794,C25030,737.93,0.631,velocity,Medium,Blocked,0,1,Done
ALT0002650,TXN00005564,2025-08-02 19:20:35,Card,Hyderabad,Education,M1818,C42767,1932.0,0.651,device,Medium,Investigating,0,0,Queue
ALT0002651,TXN00031013,2025-08-02 19:37:43,UPI,Hyderabad,Fashion,M1213,C22702,1096.64,0.629,device,Medium,Open,0,0,Queue
ALT0002652,TXN00010016,2025-08-02 19:54:54,Card,Chennai,Grocery,M1032,C87275,5550.43,0.501,new_payee,Low,Investigating,0,0,Queue
ALT0002653,TXN00014482,2025-08-02 19:55:24,Card,Lucknow,Education,M1348,C32295,20623.95,0.855,new_payee,Critical,Open,0,0,Queue
ALT0002654,TXN00034113,2025-08-02 20:00:58,UPI,Pune,Fuel,M1184,C44702,2056.46,0.506,velocity,Low,Cleared,1,0,Done
ALT0002655,TXN00021830,2025-08-02 20:10:27,Card,Nagpur,Grocery,M1890,C78785,6410.97,0.614,velocity,Medium,Investigating,0,0,Queue
ALT0002656,TXN00037402,2025-08-02 20:45:03,Card,Pune,Fashion,M1049,C10256,67441.75,0.606,velocity,Medium,Blocked,1,1,Done
ALT0002657,TXN00011949,2025-08-02 20:46:59,UPI,Chennai,Grocery,M1143,C37928,416.36,0.539,geo_mismatch,Low,Blocked,1,1,Done
ALT0002658,TXN00018584,2025-08-02 21:27:41,UPI,Chennai,Gaming,M1111,C64180,3444.85,0.635,velocity,Medium,Investigating,0,0,Queue
ALT0002659,TXN00031301,2025-08-02 21:57:49,UPI,Pune,Utilities,M1481,C35929,1301.29,0.512,device,Low,Blocked,1,1,Done
ALT0002660,TXN00040660,2025-08-02 23:06:45,UPI,Ahmedabad,Travel,M1453,C28022,637.77,0.68,velocity,Medium,Blocked,1,1,Done
ALT0002661,TXN00004657,2025-08-02 23:19:19,UPI,Hyderabad,Grocery,M1715,C41840,11315.77,0.613,velocity,Medium,Blocked,0,1,Done
ALT0002662,TXN00027999,2025-08-02 23:34:26,Wallet,Chennai,Gaming,M1305,C24048,735.41,0.571,velocity,Medium,Blocked,0,1,Done
ALT0002663,TXN00019331,2025-08-02 23:37:14,Card,Pune,Gaming,M1035,C16030,21951.71,0.523,geo_mismatch,Low,Open,0,0,Queue
ALT0002664,TXN00024643,2025-08-02 23:39:20,UPI,Nagpur,Travel,M1002,C63608,674.77,0.583,new_payee,Medium,Investigating,0,0,Queue
ALT0002665,TXN00032434,2025-08-02 23:44:22,UPI,Pune,Electronics,M1001,C72112,1319.91,0.485,night_burst,Low,Investigating,0,0,Queue
ALT0002666,TXN00032831,2025-08-02 23:44:33,UPI,Chandigarh,Grocery,M1388,C24210,4255.5,0.53,night_burst,Low,Open,0,0,Queue
ALT0002667,TXN00026162,2025-08-02 23:45:45,UPI,Surat,Utilities,M1709,C88381,3223.07,0.526,night_burst,Low,Investigating,0,0,Queue
ALT0002668,TXN00001547,2025-08-02 23:50:22,Wallet,Lucknow,Food Delivery,M1654,C65491,5844.44,0.6,velocity,Medium,Investigating,0,0,Queue
ALT0002669,TXN00008094,2025-08-02 23:57:00,UPI,Kochi,Fashion,M1890,C14406,24375.86,0.748,velocity,High,Blocked,0,1,Done
ALT0002670,TXN00001626,2025-08-02 23:57:23,UPI,Hyderabad,Utilities,M1559,C69357,2276.52,0.646,night_burst,Medium,Cleared,1,0,Done
ALT0002671,TXN00003051,2025-08-02 23:57:45,UPI,Ahmedabad,Utilities,M1834,C44629,748.13,0.483,night_burst,Low,Cleared,1,0,Done
ALT0002672,TXN00037960,2025-08-03 00:12:52,Wallet,Chandigarh,Grocery,M1684,C19762,4749.93,0.495,velocity,Low,Cleared,1,0,Done
ALT0002673,TXN00007279,2025-08-03 00:25:26,UPI,Indore,Grocery,M1285,C23600,1795.04,0.511,velocity,Low,Cleared,1,0,Done
ALT0002674,TXN00006951,2025-08-03 00:26:00,Wallet,Chandigarh,Grocery,M1731,C12337,1974.13,0.606,geo_mismatch,Medium,Investigating,0,0,Queue
ALT0002675,TXN00000452,2025-08-03 00:30:36,Card,Chandigarh,Utilities,M1430,C66110,55959.71,0.559,night_burst,Medium,Cleared,1,0,Done
ALT0002676,TXN00022635,2025-08-03 00:41:00,Card,Nagpur,Healthcare,M1396,C60734,350000.0,0.534,amount_spike,Low,Blocked,0,1,Done
ALT0002677,TXN00008291,2025-08-03 00:49:10,UPI,Nagpur,Fuel,M1666,C70560,873.82,0.61,velocity,Medium,Cleared,1,0,Done
ALT0002678,TXN00021230,2025-08-03 00:53:04,UPI,Delhi,Food Delivery,M1898,C49318,22702.56,0.53,new_payee,Low,Cleared,1,0,Done
ALT0002679,TXN00011872,2025-08-03 00:54:17,Card,Nagpur,Fuel,M1330,C89839,325159.6,0.5,new_payee,Low,Blocked,1,1,Done
ALT0002680,TXN00037509,2025-08-03 01:07:37,Card,Surat,Fashion,M1286,C19048,28710.1,0.625,amount_spike,Medium,Investigating,0,0,Queue
ALT0002681,TXN00021981,2025-08-03 01:10:41,UPI,Jaipur,Fashion,M1437,C36735,14340.78,0.614,night_burst,Medium,Investigating,0,0,Queue
ALT0002682,TXN00031584,2025-08-03 01:11:49,Card,Nagpur,Utilities,M1033,C84825,33288.55,0.612,velocity,Medium,Open,0,0,Queue
ALT0002683,TXN00031407,2025-08-03 01:15:16,Card,Pune,Electronics,M1787,C15112,5326.47,0.521,night_burst,Low,Blocked,1,1,Done
ALT0002684,TXN00038115,2025-08-03 01:16:09,UPI,Kolkata,Utilities,M1650,C75635,8361.18,0.62,new_payee,Medium,Cleared,1,0,Done
ALT0002685,TXN00000891,2025-08-03 01:24:44,UPI,Ahmedabad,Food Delivery,M1031,C36515,1476.88,0.514,velocity,Low,Open,0,0,Queue
ALT0002686,TXN00035690,2025-08-03 01:28:44,UPI,Kolkata,Food Delivery,M1597,C57974,8439.27,0.716,new_payee,High,Escalated,0,0,Queue
ALT0002687,TXN00029547,2025-08-03 01:30:30,UPI,Surat,Fuel,M1704,C55387,2040.83,0.627,night_burst,Medium,Blocked,0,1,Done
ALT0002688,TXN00014641,2025-08-03 01:35:44,Card,Pune,Travel,M1189,C54130,1666.11,0.811,new_payee,High,Blocked,0,1,Done
ALT0002689,TXN00021156,2025-08-03 01:44:38,UPI,Delhi,Healthcare,M1581,C22678,12142.99,0.648,night_burst,Medium,Open,0,0,Queue
ALT0002690,TXN00001525,2025-08-03 01:45:45,UPI,Kochi,Fuel,M1199,C38513,1497.39,0.645,night_burst,Medium,Cleared,1,0,Done
ALT0002691,TXN00043399,2025-08-03 01:52:29,UPI,Surat,Gaming,M1829,C68820,11045.9,0.509,night_burst,Low,Cleared,1,0,Done
ALT0002692,TXN00017878,2025-08-03 01:56:33,UPI,Surat,Grocery,M1470,C42316,1864.08,0.567,new_payee,Medium,Open,0,0,Queue
ALT0002693,TXN00008397,2025-08-03 02:02:26,UPI,Jaipur,Gaming,M1813,C14057,18435.3,0.722,velocity,High,Escalated,0,0,Queue
ALT0002694,TXN00032659,2025-08-03 02:03:42,Card,Chennai,Electronics,M1203,C25206,25353.29,0.573,amount_spike,Medium,Cleared,1,0,Done
ALT0002695,TXN00027945,2025-08-03 02:04:29,Card,Bengaluru,Grocery,M1225,C23107,43831.21,0.605,night_burst,Medium,Investigating,0,0,Queue
ALT0002696,TXN00033088,2025-08-03 02:10:12,UPI,Bengaluru,Fuel,M1764,C47688,4062.88,0.619,night_burst,Medium,Cleared,1,0,Done
ALT0002697,TXN00012286,2025-08-03 02:12:34,Card,Bengaluru,Grocery,M1057,C37339,988.5,0.81,geo_mismatch,High,Open,0,0,Queue
ALT0002698,TXN00022101,2025-08-03 02:12:38,UPI,Surat,Travel,M1307,C43453,24489.29,0.583,velocity,Medium,Investigating,0,0,Queue
ALT0002699,TXN00043313,2025-08-03 02:15:27,UPI,Hyderabad,Gaming,M1497,C53246,7987.36,0.664,velocity,Medium,Investigating,0,0,Queue
ALT0002700,TXN00025328,2025-08-03 02:15:56,UPI,Hyderabad,Grocery,M1272,C65275,330271.75,0.8,amount_spike,High,Blocked,1,1,Done
ALT0002701,TXN00047755,2025-08-03 02:16:05,UPI,Bengaluru,Grocery,M1151,C58770,717.0,0.6,velocity,Medium,Blocked,0,1,Done
ALT0002702,TXN00007985,2025-08-03 02:21:51,UPI,Mumbai,Utilities,M1578,C34898,51267.22,0.556,night_burst,Medium,Blocked,1,1,Done
ALT0002703,TXN00017329,2025-08-03 02:22:00,UPI,Nagpur,Fuel,M1348,C69767,3839.0,0.594,velocity,Medium,Cleared,1,0,Done
ALT0002704,TXN00031788,2025-08-03 02:23:47,UPI,Pune,Electronics,M1540,C28970,3055.86,0.596,new_payee,Medium,Open,0,0,Queue
ALT0002705,TXN00030383,2025-08-03 02:27:44,UPI,Delhi,Food Delivery,M1776,C63961,14467.04,0.558,velocity,Medium,Cleared,1,0,Done
ALT0002706,TXN00017906,2025-08-03 02:27:51,UPI,Jaipur,Food Delivery,M1336,C43184,1165.68,0.657,new_payee,Medium,Blocked,1,1,Done
ALT0002707,TXN00040737,2025-08-03 02:28:42,UPI,Chennai,Travel,M1047,C25854,2203.1,0.651,velocity,Medium,Cleared,1,0,Done
ALT0002708,TXN00027787,2025-08-03 02:33:30,Wallet,Ahmedabad,Food Delivery,M1468,C73066,1254.7,0.56,velocity,Medium,Cleared,1,0,Done
ALT0002709,TXN00017751,2025-08-03 02:36:14,Card,Indore,Grocery,M1500,C59474,58558.08,0.62,amount_spike,Medium,Blocked,1,1,Done
ALT0002710,TXN00027732,2025-08-03 02:36:35,Wallet,Ahmedabad,Electronics,M1121,C66283,10978.21,0.56,night_burst,Medium,Cleared,1,0,Done
ALT0002711,TXN00015335,2025-08-03 02:39:22,Wallet,Ahmedabad,Electronics,M1044,C67903,439.79,0.508,new_payee,Low,Investigating,0,0,Queue
ALT0002712,TXN00027411,2025-08-03 02:48:55,Card,Kochi,Electronics,M1688,C82604,13203.47,0.482,night_burst,Low,Cleared,1,0,Done
ALT0002713,TXN00046717,2025-08-03 02:49:03,UPI,Jaipur,Fuel,M1530,C30774,86289.78,0.768,amount_spike,High,Blocked,1,1,Done
ALT0002714,TXN00040397,2025-08-03 02:58:59,Card,Indore,Food Delivery,M1783,C26782,36187.68,0.502,velocity,Low,Cleared,1,0,Done
ALT0002715,TXN00007822,2025-08-03 03:00:52,UPI,Jaipur,Grocery,M1854,C57307,4301.0,0.601,velocity,Medium,Cleared,1,0,Done
ALT0002716,TXN00000285,2025-08-03 03:13:52,UPI,Hyderabad,Food Delivery,M1152,C41130,2457.99,0.584,velocity,Medium,Cleared,1,0,Done
ALT0002717,TXN00018990,2025-08-03 03:14:26,UPI,Kolkata,Fashion,M1437,C72031,4929.14,0.493,night_burst,Low,Blocked,0,1,Done
ALT0002718,TXN00032634,2025-08-03 03:27:37,UPI,Mumbai,Education,M1277,C81479,2330.71,0.789,night_burst,High,Blocked,0,1,Done
ALT0002719,TXN00031881,2025-08-03 03:30:37,Card,Lucknow,Fuel,M1547,C79158,56742.72,0.558,amount_spike,Medium,Cleared,1,0,Done
ALT0002720,TXN00009089,2025-08-03 03:31:03,Card,Ahmedabad,Gaming,M1212,C81221,6080.15,0.503,new_payee,Low,Cleared,1,0,Done
ALT0002721,TXN00029960,2025-08-03 03:32:01,Wallet,Nagpur,Gaming,M1411,C67183,2140.97,0.595,new_payee,Medium,Blocked,0,1,Done
ALT0002722,TXN00047172,2025-08-03 03:35:21,UPI,Mumbai,Electronics,M1171,C46772,405.97,0.595,night_burst,Medium,Investigating,0,0,Queue
ALT0002723,TXN00005031,2025-08-03 03:41:02,Card,Kolkata,Utilities,M1847,C59585,13990.23,0.577,night_burst,Medium,Investigating,0,0,Queue
ALT0002724,TXN00013691,2025-08-03 03:41:04,Wallet,Pune,Electronics,M1431,C46568,20433.61,0.517,velocity,Low,Cleared,1,0,Done
ALT0002725,TXN00007564,2025-08-03 03:43:43,Wallet,Bengaluru,Fuel,M1485,C47086,1343.54,0.583,velocity,Medium,Cleared,1,0,Done
ALT0002726,TXN00039867,2025-08-03 03:44:46,Card,Ahmedabad,Grocery,M1081,C88470,93662.77,0.556,velocity,Medium,Cleared,1,0,Done
ALT0002727,TXN00046333,2025-08-03 03:47:13,UPI,Delhi,Electronics,M1633,C82664,2090.46,0.495,night_burst,Low,Cleared,1,0,Done
ALT0002728,TXN00046203,2025-08-03 03:53:01,UPI,Chandigarh,Fashion,M1638,C25936,696.26,0.608,new_payee,Medium,Cleared,1,0,Done
ALT0002729,TXN00020339,2025-08-03 03:55:56,UPI,Chandigarh,Education,M1555,C38722,1146.18,0.576,night_burst,Medium,Cleared,1,0,Done
ALT0002730,TXN00032648,2025-08-03 03:57:56,Wallet,Mumbai,Fashion,M1674,C83929,1552.52,0.649,geo_mismatch,Medium,Open,0,0,Queue
ALT0002731,TXN00000709,2025-08-03 04:06:52,UPI,Nagpur,Healthcare,M1056,C43772,3174.7,0.767,velocity,High,Blocked,0,1,Done
ALT0002732,TXN00024942,2025-08-03 04:14:14,UPI,Pune,Electronics,M1837,C54346,946.81,0.598,velocity,Medium,Blocked,1,1,Done
ALT0002733,TXN00044905,2025-08-03 04:21:20,UPI,Ahmedabad,Grocery,M1078,C43103,14946.73,0.5,velocity,Low,Cleared,1,0,Done
ALT0002734,TXN00018780,2025-08-03 04:21:33,Card,Nagpur,Food Delivery,M1439,C12355,9389.03,0.496,velocity,Low,Investigating,0,0,Queue
ALT0002735,TXN00027676,2025-08-03 04:22:42,UPI,Mumbai,Fashion,M1061,C26048,1705.32,0.717,velocity,High,Open,0,0,Queue
ALT0002736,TXN00016704,2025-08-03 04:22:45,Card,Kolkata,Education,M1084,C74173,2891.22,0.556,new_payee,Medium,Open,0,0,Queue
ALT0002737,TXN00008796,2025-08-03 04:24:56,UPI,Surat,Fuel,M1227,C68827,16152.43,0.584,night_burst,Medium,Open,0,0,Queue
ALT0002738,TXN00009798,2025-08-03 04:29:57,Card,Chandigarh,Food Delivery,M1782,C40271,6434.49,0.547,new_payee,Low,Open,0,0,Queue
ALT0002739,TXN00041783,2025-08-03 04:35:56,UPI,Mumbai,Fashion,M1694,C31891,1080.25,0.801,velocity,High,Blocked,0,1,Done
ALT0002740,TXN00016159,2025-08-03 04:39:53,UPI,Jaipur,Gaming,M1065,C62260,735.65,0.599,velocity,Medium,Investigating,0,0,Queue
ALT0002741,TXN00004627,2025-08-03 04:43:00,UPI,Pune,Food Delivery,M1308,C63266,6966.75,0.601,velocity,Medium,Investigating,0,0,Queue
ALT0002742,TXN00006154,2025-08-03 04:43:34,Card,Bengaluru,Fashion,M1217,C75636,16287.2,0.597,velocity,Medium,Investigating,0,0,Queue
ALT0002743,TXN00026675,2025-08-03 04:43:44,Wallet,Nagpur,Fuel,M1871,C77598,2468.79,0.533,velocity,Low,Blocked,1,1,Done
ALT0002744,TXN00032439,2025-08-03 04:45:15,Card,Indore,Fashion,M1318,C89700,6937.83,0.733,geo_mismatch,High,Investigating,0,0,Queue
ALT0002745,TXN00037059,2025-08-03 04:49:43,UPI,Jaipur,Food Delivery,M1186,C19218,598.82,0.58,velocity,Medium,Cleared,1,0,Done
ALT0002746,TXN00022456,2025-08-03 04:50:41,Wallet,Lucknow,Grocery,M1578,C28280,51649.65,0.526,amount_spike,Low,Cleared,1,0,Done
ALT0002747,TXN00016772,2025-08-03 04:50:42,Wallet,Ahmedabad,Education,M1697,C69541,4749.74,0.49,new_payee,Low,Investigating,0,0,Queue
ALT0002748,TXN00031470,2025-08-03 04:52:41,Card,Nagpur,Healthcare,M1003,C23530,2591.72,0.83,device,Critical,Blocked,0,1,Done
ALT0002749,TXN00006422,2025-08-03 05:51:18,Card,Lucknow,Gaming,M1817,C32667,350000.0,0.485,amount_spike,Low,Blocked,1,1,Done
ALT0002750,TXN00032109,2025-08-03 06:52:11,UPI,Chennai,Fuel,M1664,C46411,4371.18,0.515,velocity,Low,Cleared,1,0,Done
ALT0002751,TXN00003032,2025-08-03 07:17:21,UPI,Delhi,Electronics,M1375,C45174,10705.2,0.601,new_payee,Medium,Investigating,0,0,Queue
ALT0002752,TXN00006341,2025-08-03 07:35:35,Card,Nagpur,Grocery,M1010,C79457,2061.69,0.644,velocity,Medium,Open,0,0,Queue
ALT0002753,TXN00012477,2025-08-03 07:45:32,UPI,Nagpur,Electronics,M1402,C15295,138276.99,0.508,velocity,Low,Cleared,1,0,Done
ALT0002754,TXN00019592,2025-08-03 08:01:46,UPI,Chennai,Gaming,M1177,C56168,7679.83,0.587,velocity,Medium,Investigating,0,0,Queue
ALT0002755,TXN00000683,2025-08-03 09:50:05,Wallet,Kochi,Electronics,M1668,C66933,908.89,0.626,velocity,Medium,Investigating,0,0,Queue
ALT0002756,TXN00001239,2025-08-03 10:06:17,Card,Delhi,Travel,M1105,C76077,40674.98,0.532,velocity,Low,Investigating,0,0,Queue
ALT0002757,TXN00024894,2025-08-03 10:17:54,UPI,Chennai,Utilities,M1117,C53378,5315.66,0.613,velocity,Medium,Investigating,0,0,Queue
ALT0002758,TXN00042752,2025-08-03 10:24:37,Wallet,Chennai,Travel,M1140,C71760,1549.74,0.582,velocity,Medium,Cleared,1,0,Done
ALT0002759,TXN00041151,2025-08-03 10:54:51,UPI,Hyderabad,Food Delivery,M1888,C72757,3610.63,0.512,geo_mismatch,Low,Cleared,1,0,Done
ALT0002760,TXN00020694,2025-08-03 11:25:44,Card,Hyderabad,Travel,M1011,C18051,17548.84,0.548,velocity,Low,Cleared,1,0,Done
ALT0002761,TXN00010406,2025-08-03 11:50:14,Wallet,Delhi,Fuel,M1092,C75021,298.42,0.48,device,Low,Open,0,0,Queue
ALT0002762,TXN00021817,2025-08-03 11:57:49,Card,Indore,Grocery,M1887,C59839,1367.3,0.595,device,Medium,Open,0,0,Queue
ALT0002763,TXN00007412,2025-08-03 12:20:45,Wallet,Bengaluru,Travel,M1631,C79597,5964.03,0.786,velocity,High,Cleared,0,0,Done
ALT0002764,TXN00041791,2025-08-03 12:30:22,Card,Mumbai,Gaming,M1406,C86330,13306.55,0.59,device,Medium,Cleared,1,0,Done
ALT0002765,TXN00045896,2025-08-03 12:40:39,UPI,Indore,Grocery,M1403,C84903,21765.54,0.51,velocity,Low,Open,0,0,Queue
ALT0002766,TXN00041138,2025-08-03 12:42:11,Card,Lucknow,Utilities,M1077,C24965,246653.03,0.734,device,High,Investigating,0,0,Queue
ALT0002767,TXN00028701,2025-08-03 12:45:10,Card,Nagpur,Utilities,M1249,C77807,2666.78,0.521,new_payee,Low,Cleared,1,0,Done
ALT0002768,TXN00022224,2025-08-03 13:13:54,UPI,Bengaluru,Travel,M1404,C74625,1881.32,0.529,velocity,Low,Cleared,1,0,Done
ALT0002769,TXN00003659,2025-08-03 13:37:47,UPI,Ahmedabad,Healthcare,M1247,C34044,77808.75,0.614,velocity,Medium,Investigating,0,0,Queue
ALT0002770,TXN00026568,2025-08-03 13:53:01,UPI,Mumbai,Gaming,M1377,C66859,29046.18,0.577,amount_spike,Medium,Cleared,1,0,Done
ALT0002771,TXN00046915,2025-08-03 13:56:51,Card,Ahmedabad,Travel,M1069,C84583,1309.48,0.491,new_payee,Low,Investigating,0,0,Queue
ALT0002772,TXN00001939,2025-08-03 14:16:12,Wallet,Pune,Food Delivery,M1861,C15323,1635.04,0.56,velocity,Medium,Investigating,0,0,Queue
ALT0002773,TXN00042055,2025-08-03 14:27:51,Wallet,Ahmedabad,Electronics,M1280,C76466,3088.1,0.644,velocity,Medium,Investigating,0,0,Queue
ALT0002774,TXN00032606,2025-08-03 15:03:38,UPI,Delhi,Grocery,M1234,C24481,7821.74,0.588,velocity,Medium,Open,0,0,Queue
ALT0002775,TXN00002821,2025-08-03 15:04:10,Wallet,Mumbai,Fuel,M1518,C10069,4448.49,0.653,velocity,Medium,Cleared,1,0,Done
ALT0002776,TXN00023965,2025-08-03 16:21:57,Wallet,Mumbai,Grocery,M1695,C77857,333.3,0.535,velocity,Low,Investigating,0,0,Queue
ALT0002777,TXN00035167,2025-08-03 16:37:16,Wallet,Pune,Electronics,M1401,C57081,848.08,0.493,device,Low,Cleared,1,0,Done
ALT0002778,TXN00042463,2025-08-03 17:12:04,UPI,Lucknow,Fuel,M1849,C74035,4110.11,0.573,geo_mismatch,Medium,Investigating,0,0,Queue
ALT0002779,TXN00001101,2025-08-03 17:19:27,Card,Jaipur,Electronics,M1148,C13805,783.35,0.556,geo_mismatch,Medium,Investigating,0,0,Queue
ALT0002780,TXN00047865,2025-08-03 17:39:08,UPI,Kolkata,Grocery,M1352,C42995,15720.02,0.562,amount_spike,Medium,Investigating,0,0,Queue
ALT0002781,TXN00044508,2025-08-03 17:53:45,Card,Surat,Electronics,M1486,C74236,149046.44,0.526,velocity,Low,Cleared,1,0,Done
ALT0002782,TXN00011380,2025-08-03 18:09:23,UPI,Ahmedabad,Healthcare,M1172,C11298,1429.67,0.521,device,Low,Open,0,0,Queue
ALT0002783,TXN00033072,2025-08-03 18:14:56,Card,Kolkata,Healthcare,M1167,C12241,22819.24,0.508,velocity,Low,Cleared,1,0,Done
ALT0002784,TXN00005777,2025-08-03 18:22:48,Card,Pune,Grocery,M1673,C65927,35238.63,0.548,amount_spike,Low,Blocked,1,1,Done
ALT0002785,TXN00031728,2025-08-03 18:44:03,Wallet,Mumbai,Healthcare,M1753,C42885,4498.84,0.519,geo_mismatch,Low,Open,0,0,Queue
ALT0002786,TXN00038997,2025-08-03 19:02:42,UPI,Bengaluru,Grocery,M1120,C89695,3209.72,0.596,velocity,Medium,Investigating,0,0,Queue
ALT0002787,TXN00004174,2025-08-03 19:10:09,Card,Surat,Fuel,M1405,C51452,8747.95,0.488,new_payee,Low,Cleared,1,0,Done
ALT0002788,TXN00031659,2025-08-03 19:36:20,Wallet,Mumbai,Grocery,M1798,C87533,76602.55,0.624,device,Medium,Cleared,1,0,Done
ALT0002789,TXN00041520,2025-08-03 19:57:21,UPI,Indore,Electronics,M1752,C63167,5519.17,0.556,device,Medium,Cleared,1,0,Done
ALT0002790,TXN00011624,2025-08-03 20:18:53,UPI,Mumbai,Travel,M1693,C58928,11681.22,0.556,velocity,Medium,Investigating,0,0,Queue
ALT0002791,TXN00030713,2025-08-03 20:43:24,UPI,Chandigarh,Grocery,M1883,C86879,3644.95,0.548,velocity,Low,Cleared,1,0,Done
ALT0002792,TXN00004504,2025-08-03 20:59:44,Card,Surat,Food Delivery,M1580,C72311,1014.95,0.481,device,Low,Investigating,0,0,Queue
ALT0002793,TXN00012073,2025-08-03 21:12:17,Card,Jaipur,Food Delivery,M1198,C82146,25779.07,0.593,amount_spike,Medium,Open,0,0,Queue
ALT0002794,TXN00009894,2025-08-03 21:26:06,Card,Nagpur,Food Delivery,M1325,C84167,18970.1,0.616,velocity,Medium,Cleared,1,0,Done
ALT0002795,TXN00035716,2025-08-03 21:28:03,Card,Mumbai,Utilities,M1000,C37583,42584.26,0.611,velocity,Medium,Escalated,0,0,Queue
ALT0002796,TXN00038552,2025-08-03 21:30:33,UPI,Delhi,Grocery,M1535,C43744,3729.97,0.514,velocity,Low,Open,0,0,Queue
ALT0002797,TXN00029689,2025-08-03 22:37:01,UPI,Chennai,Utilities,M1782,C58861,2218.7,0.59,device,Medium,Investigating,0,0,Queue
ALT0002798,TXN00020521,2025-08-03 23:04:31,UPI,Ahmedabad,Fashion,M1415,C63863,9822.28,0.716,velocity,High,Investigating,0,0,Queue
ALT0002799,TXN00028398,2025-08-03 23:08:50,Card,Jaipur,Utilities,M1241,C53244,2329.77,0.58,velocity,Medium,Open,0,0,Queue
ALT0002800,TXN00015454,2025-08-03 23:19:10,Card,Indore,Gaming,M1386,C23952,4411.7,0.513,night_burst,Low,Blocked,0,1,Done
ALT0002801,TXN00032413,2025-08-03 23:27:12,UPI,Nagpur,Travel,M1341,C46073,4192.4,0.701,velocity,High,Open,0,0,Queue
ALT0002802,TXN00039223,2025-08-03 23:31:15,Card,Kolkata,Fashion,M1124,C71931,118271.26,0.61,night_burst,Medium,Open,0,0,Queue
ALT0002803,TXN00034221,2025-08-03 23:34:44,UPI,Kochi,Fashion,M1040,C58217,5165.56,0.599,velocity,Medium,Cleared,1,0,Done
ALT0002804,TXN00045438,2025-08-03 23:43:53,Card,Lucknow,Grocery,M1175,C79645,4247.96,0.558,night_burst,Medium,Cleared,1,0,Done
ALT0002805,TXN00036475,2025-08-03 23:50:30,Card,Hyderabad,Food Delivery,M1680,C10245,16426.83,0.561,velocity,Medium,Cleared,1,0,Done
ALT0002806,TXN00027222,2025-08-03 23:51:42,UPI,Chennai,Fashion,M1365,C34228,1625.29,0.487,velocity,Low,Open,0,0,Queue
ALT0002807,TXN00010471,2025-08-03 23:53:28,UPI,Lucknow,Fashion,M1624,C44372,1553.26,0.488,night_burst,Low,Investigating,0,0,Queue
ALT0002808,TXN00027112,2025-08-03 23:56:38,UPI,Jaipur,Grocery,M1023,C48534,10592.01,0.617,velocity,Medium,Cleared,1,0,Done
ALT0002809,TXN00027418,2025-08-03 23:57:19,UPI,Hyderabad,Travel,M1137,C35987,2259.17,0.632,velocity,Medium,Investigating,0,0,Queue
ALT0002810,TXN00034904,2025-08-04 00:04:55,Card,Lucknow,Utilities,M1054,C47798,124089.34,0.566,velocity,Medium,Cleared,1,0,Done
ALT0002811,TXN00001528,2025-08-04 00:05:08,UPI,Lucknow,Healthcare,M1700,C51238,28867.99,0.573,velocity,Medium,Investigating,0,0,Queue
ALT0002812,TXN00008609,2025-08-04 00:06:57,UPI,Pune,Food Delivery,M1092,C86265,11382.94,0.533,device,Low,Investigating,0,0,Queue
ALT0002813,TXN00023546,2025-08-04 00:14:00,UPI,Indore,Food Delivery,M1409,C17549,1623.34,0.693,device,High,Blocked,1,1,Done
ALT0002814,TXN00003755,2025-08-04 00:16:30,UPI,Mumbai,Fuel,M1590,C30747,3241.59,0.498,velocity,Low,Investigating,0,0,Queue
ALT0002815,TXN00044646,2025-08-04 00:26:23,UPI,Chennai,Utilities,M1887,C48178,518.66,0.553,new_payee,Medium,Cleared,1,0,Done
ALT0002816,TXN00002312,2025-08-04 00:31:53,UPI,Ahmedabad,Education,M1623,C55937,20349.39,0.559,new_payee,Medium,Blocked,1,1,Done
ALT0002817,TXN00007519,2025-08-04 00:32:58,UPI,Chandigarh,Grocery,M1659,C26568,26422.06,0.605,night_burst,Medium,Investigating,0,0,Queue
ALT0002818,TXN00034447,2025-08-04 00:34:58,UPI,Chennai,Travel,M1036,C19629,6248.2,0.515,device,Low,Open,0,0,Queue
ALT0002819,TXN00040421,2025-08-04 00:36:10,Wallet,Chandigarh,Fuel,M1850,C82354,1773.57,0.515,night_burst,Low,Open,0,0,Queue
ALT0002820,TXN00016755,2025-08-04 00:38:51,UPI,Chandigarh,Fashion,M1696,C75108,2148.28,0.616,night_burst,Medium,Blocked,1,1,Done
ALT0002821,TXN00005086,2025-08-04 00:39:26,UPI,Indore,Fuel,M1770,C55976,7877.0,0.568,night_burst,Medium,Cleared,1,0,Done
ALT0002822,TXN00045021,2025-08-04 00:42:09,UPI,Delhi,Fashion,M1864,C73831,12226.0,0.684,new_payee,High,Cleared,1,0,Done
ALT0002823,TXN00044293,2025-08-04 00:46:31,UPI,Indore,Healthcare,M1040,C51240,4195.07,0.654,velocity,Medium,Investigating,0,0,Queue
ALT0002824,TXN00029243,2025-08-04 00:48:23,UPI,Chennai,Fashion,M1296,C68662,3244.08,0.789,device,High,Blocked,0,1,Done
ALT0002825,TXN00013415,2025-08-04 00:50:07,Card,Ahmedabad,Grocery,M1082,C31859,10829.6,0.544,new_payee,Low,Blocked,1,1,Done
ALT0002826,TXN00011299,2025-08-04 00:56:59,Wallet,Chandigarh,Food Delivery,M1698,C28696,571.72,0.505,velocity,Low,Cleared,1,0,Done
ALT0002827,TXN00035661,2025-08-04 01:01:36,UPI,Bengaluru,Fashion,M1448,C30263,20043.82,0.594,amount_spike,Medium,Investigating,0,0,Queue
ALT0002828,TXN00038727,2025-08-04 01:02:43,UPI,Hyderabad,Travel,M1218,C70405,11918.33,0.604,velocity,Medium,Cleared,1,0,Done
ALT0002829,TXN00009646,2025-08-04 01:03:50,Wallet,Nagpur,Utilities,M1154,C69548,999.09,0.605,velocity,Medium,Investigating,0,0,Queue
ALT0002830,TXN00020385,2025-08-04 01:21:36,Card,Chennai,Electronics,M1531,C43449,4750.21,0.495,velocity,Low,Cleared,1,0,Done
ALT0002831,TXN00028887,2025-08-04 01:22:30,UPI,Hyderabad,Grocery,M1424,C71921,16031.1,0.483,velocity,Low,Open,0,0,Queue
ALT0002832,TXN00014782,2025-08-04 01:22:35,UPI,Chandigarh,Fashion,M1112,C15157,11414.97,0.656,geo_mismatch,Medium,Cleared,1,0,Done
ALT0002833,TXN00003959,2025-08-04 01:31:14,UPI,Chennai,Electronics,M1863,C76369,12023.93,0.708,geo_mismatch,High,Blocked,0,1,Done
ALT0002834,TXN00019718,2025-08-04 01:32:13,Card,Chennai,Travel,M1204,C19589,1059.7,0.526,night_burst,Low,Investigating,0,0,Queue
ALT0002835,TXN00004720,2025-08-04 01:35:19,Wallet,Lucknow,Food Delivery,M1732,C58476,433.69,0.594,velocity,Medium,Cleared,1,0,Done
ALT0002836,TXN00012055,2025-08-04 01:36:10,UPI,Ahmedabad,Education,M1818,C80665,2715.82,0.601,new_payee,Medium,Investigating,0,0,Queue
ALT0002837,TXN00018151,2025-08-04 01:37:37,Card,Pune,Fuel,M1765,C53665,26924.16,0.6,new_payee,Medium,Open,0,0,Queue
ALT0002838,TXN00005738,2025-08-04 01:39:58,Wallet,Surat,Travel,M1143,C22674,686.72,0.587,velocity,Medium,Open,0,0,Queue
ALT0002839,TXN00013029,2025-08-04 01:42:55,Wallet,Nagpur,Food Delivery,M1262,C27063,16492.32,0.519,night_burst,Low,Cleared,1,0,Done
ALT0002840,TXN00005521,2025-08-04 01:45:01,UPI,Chandigarh,Food Delivery,M1530,C19960,29968.82,0.614,amount_spike,Medium,Cleared,1,0,Done
ALT0002841,TXN00039671,2025-08-04 01:53:09,UPI,Ahmedabad,Travel,M1843,C54075,10130.06,0.54,velocity,Low,Open,0,0,Queue
ALT0002842,TXN00039622,2025-08-04 01:56:24,Wallet,Lucknow,Gaming,M1433,C11442,1720.12,0.656,night_burst,Medium,Investigating,0,0,Queue
ALT0002843,TXN00041355,2025-08-04 02:03:29,Card,Surat,Fuel,M1440,C14525,7139.59,0.495,night_burst,Low,Cleared,1,0,Done
ALT0002844,TXN00001222,2025-08-04 02:05:49,UPI,Surat,Electronics,M1042,C86869,21836.57,0.504,velocity,Low,Cleared,1,0,Done
ALT0002845,TXN00028068,2025-08-04 02:07:51,UPI,Indore,Fashion,M1472,C21894,574.06,0.563,geo_mismatch,Medium,Cleared,1,0,Done
ALT0002846,TXN00042926,2025-08-04 02:09:49,UPI,Nagpur,Food Delivery,M1768,C75532,31438.19,0.593,new_payee,Medium,Investigating,0,0,Queue
ALT0002847,TXN00020601,2025-08-04 02:09:59,UPI,Surat,Electronics,M1383,C40704,12801.08,0.6,night_burst,Medium,Cleared,1,0,Done
ALT0002848,TXN00039408,2025-08-04 02:19:51,Card,Indore,Education,M1647,C79630,2354.78,0.578,new_payee,Medium,Cleared,1,0,Done
ALT0002849,TXN00043574,2025-08-04 02:25:18,UPI,Nagpur,Travel,M1838,C31165,26683.42,0.485,amount_spike,Low,Cleared,1,0,Done
ALT0002850,TXN00045517,2025-08-04 02:25:42,Wallet,Surat,Travel,M1096,C24780,11535.97,0.702,night_burst,High,Escalated,0,0,Queue
ALT0002851,TXN00045218,2025-08-04 02:27:23,Card,Pune,Grocery,M1073,C30303,186380.08,0.556,amount_spike,Medium,Cleared,1,0,Done
ALT0002852,TXN00037188,2025-08-04 02:31:08,UPI,Pune,Utilities,M1495,C10673,7738.61,0.804,velocity,High,Blocked,0,1,Done
ALT0002853,TXN00021345,2025-08-04 02:35:25,UPI,Surat,Grocery,M1824,C30123,6897.25,0.578,velocity,Medium,Investigating,0,0,Queue
ALT0002854,TXN00036867,2025-08-04 02:37:09,Card,Indore,Grocery,M1158,C72916,1879.76,0.567,geo_mismatch,Medium,Cleared,1,0,Done
ALT0002855,TXN00016339,2025-08-04 02:37:24,Card,Jaipur,Education,M1253,C14502,5552.33,0.609,night_burst,Medium,Investigating,0,0,Queue
ALT0002856,TXN00038116,2025-08-04 02:43:35,UPI,Indore,Utilities,M1323,C60463,196071.21,0.745,amount_spike,High,Investigating,0,0,Queue
ALT0002857,TXN00012139,2025-08-04 02:44:45,UPI,Mumbai,Grocery,M1503,C86242,14286.47,0.516,new_payee,Low,Cleared,1,0,Done
ALT0002858,TXN00020412,2025-08-04 02:45:30,UPI,Chennai,Travel,M1532,C37800,9209.74,0.757,geo_mismatch,High,Blocked,1,1,Done
ALT0002859,TXN00008121,2025-08-04 02:45:41,UPI,Surat,Grocery,M1812,C20538,3158.29,0.789,velocity,High,Cleared,0,0,Done
ALT0002860,TXN00029068,2025-08-04 02:56:03,Card,Hyderabad,Healthcare,M1568,C79164,164165.62,0.668,velocity,Medium,Investigating,0,0,Queue
ALT0002861,TXN00039947,2025-08-04 03:00:02,Wallet,Jaipur,Food Delivery,M1490,C45629,1406.08,0.569,velocity,Medium,Cleared,1,0,Done
ALT0002862,TXN00019427,2025-08-04 03:00:09,Card,Bengaluru,Grocery,M1207,C14120,33228.13,0.641,velocity,Medium,Escalated,0,0,Queue
ALT0002863,TXN00035233,2025-08-04 03:00:24,UPI,Hyderabad,Fuel,M1733,C36084,51572.99,0.64,device,Medium,Investigating,0,0,Queue
ALT0002864,TXN00040946,2025-08-04 03:02:25,UPI,Jaipur,Food Delivery,M1410,C76890,2347.58,0.512,night_burst,Low,Investigating,0,0,Queue
ALT0002865,TXN00040756,2025-08-04 03:04:50,Wallet,Lucknow,Utilities,M1312,C35142,1845.43,0.492,velocity,Low,Investigating,0,0,Queue
ALT0002866,TXN00012440,2025-08-04 03:14:22,UPI,Kolkata,Electronics,M1380,C37632,16383.83,0.546,night_burst,Low,Cleared,1,0,Done
ALT0002867,TXN00037344,2025-08-04 03:14:58,UPI,Delhi,Fuel,M1693,C43791,2799.86,0.552,geo_mismatch,Medium,Investigating,0,0,Queue
ALT0002868,TXN00017291,2025-08-04 03:16:13,Card,Hyderabad,Travel,M1244,C24246,3898.48,0.51,velocity,Low,Blocked,0,1,Done
ALT0002869,TXN00009611,2025-08-04 03:23:43,Card,Hyderabad,Education,M1674,C29274,4785.23,0.584,velocity,Medium,Cleared,1,0,Done
ALT0002870,TXN00000587,2025-08-04 03:27:24,UPI,Kochi,Utilities,M1138,C78107,2152.11,0.582,velocity,Medium,Open,0,0,Queue
ALT0002871,TXN00017904,2025-08-04 03:27:49,Card,Kolkata,Gaming,M1744,C17317,760.49,0.499,new_payee,Low,Cleared,1,0,Done
ALT0002872,TXN00014386,2025-08-04 03:29:52,UPI,Chandigarh,Food Delivery,M1264,C44929,21688.88,0.574,amount_spike,Medium,Blocked,1,1,Done
ALT0002873,TXN00001959,2025-08-04 03:30:20,Wallet,Surat,Fashion,M1217,C78598,13859.27,0.524,velocity,Low,Blocked,0,1,Done
ALT0002874,TXN00026275,2025-08-04 03:31:36,UPI,Kolkata,Education,M1519,C87714,2129.38,0.568,new_payee,Medium,Open,0,0,Queue
ALT0002875,TXN00035735,2025-08-04 03:32:49,Card,Bengaluru,Grocery,M1108,C18809,17110.28,0.584,velocity,Medium,Open,0,0,Queue
ALT0002876,TXN00030931,2025-08-04 03:43:26,UPI,Ahmedabad,Education,M1788,C17499,3360.18,0.593,new_payee,Medium,Blocked,1,1,Done
ALT0002877,TXN00008284,2025-08-04 03:43:41,Card,Mumbai,Fashion,M1248,C14977,18311.4,0.506,amount_spike,Low,Open,0,0,Queue
ALT0002878,TXN00012870,2025-08-04 04:12:08,Card,Kolkata,Travel,M1839,C10376,53941.05,0.659,velocity,Medium,Open,0,0,Queue
ALT0002879,TXN00015502,2025-08-04 04:13:11,Card,Nagpur,Electronics,M1721,C48471,42253.46,0.752,night_burst,High,Investigating,0,0,Queue
ALT0002880,TXN00027294,2025-08-04 04:18:07,Wallet,Delhi,Food Delivery,M1598,C74700,807.7,0.61,night_burst,Medium,Escalated,0,0,Queue
ALT0002881,TXN00033087,2025-08-04 04:18:32,UPI,Ahmedabad,Healthcare,M1874,C20186,3615.71,0.57,night_burst,Medium,Investigating,0,0,Queue
ALT0002882,TXN00040713,2025-08-04 04:20:24,Card,Lucknow,Food Delivery,M1735,C74184,8512.9,0.516,velocity,Low,Open,0,0,Queue
ALT0002883,TXN00002129,2025-08-04 04:32:45,UPI,Chandigarh,Healthcare,M1389,C54145,2527.9,0.565,velocity,Medium,Cleared,1,0,Done
ALT0002884,TXN00008777,2025-08-04 04:36:40,Card,Ahmedabad,Food Delivery,M1260,C42351,9852.9,0.739,device,High,Blocked,1,1,Done
ALT0002885,TXN00034657,2025-08-04 04:39:49,UPI,Chennai,Fashion,M1625,C62976,33085.32,0.614,amount_spike,Medium,Open,0,0,Queue
ALT0002886,TXN00003709,2025-08-04 04:41:08,UPI,Chandigarh,Fashion,M1482,C54252,275.87,0.494,night_burst,Low,Cleared,1,0,Done
ALT0002887,TXN00027031,2025-08-04 04:42:40,Wallet,Surat,Fashion,M1061,C77290,4623.42,0.531,night_burst,Low,Blocked,1,1,Done
ALT0002888,TXN00024537,2025-08-04 04:44:16,UPI,Jaipur,Fuel,M1347,C40247,9512.84,0.597,velocity,Medium,Cleared,1,0,Done
ALT0002889,TXN00044142,2025-08-04 04:48:50,Card,Kolkata,Fashion,M1430,C41747,7008.86,0.767,new_payee,High,Investigating,0,0,Queue
ALT0002890,TXN00005694,2025-08-04 04:53:11,UPI,Lucknow,Education,M1481,C47517,4371.61,0.816,geo_mismatch,High,Cleared,0,0,Done
ALT0002891,TXN00023081,2025-08-04 04:53:37,UPI,Nagpur,Electronics,M1618,C50938,6238.92,0.491,night_burst,Low,Investigating,0,0,Queue
ALT0002892,TXN00008719,2025-08-04 05:31:22,UPI,Delhi,Fuel,M1182,C87643,1711.25,0.601,geo_mismatch,Medium,Blocked,1,1,Done
ALT0002893,TXN00025312,2025-08-04 05:54:33,UPI,Mumbai,Travel,M1290,C26594,3892.73,0.495,velocity,Low,Blocked,0,1,Done
ALT0002894,TXN00011522,2025-08-04 05:56:55,UPI,Delhi,Utilities,M1527,C57498,2849.17,0.548,geo_mismatch,Low,Open,0,0,Queue
ALT0002895,TXN00014737,2025-08-04 06:08:59,Card,Delhi,Grocery,M1138,C45099,2348.91,0.622,device,Medium,Investigating,0,0,Queue
ALT0002896,TXN00013286,2025-08-04 06:23:49,UPI,Chandigarh,Electronics,M1048,C25271,2914.43,0.519,velocity,Low,Cleared,1,0,Done
ALT0002897,TXN00010834,2025-08-04 07:09:10,Wallet,Indore,Fuel,M1519,C32593,2322.09,0.578,new_payee,Medium,Open,0,0,Queue
ALT0002898,TXN00008468,2025-08-04 08:10:07,UPI,Mumbai,Grocery,M1446,C75048,31226.02,0.491,amount_spike,Low,Cleared,1,0,Done
ALT0002899,TXN00035140,2025-08-04 08:12:35,Wallet,Indore,Utilities,M1587,C36604,2420.87,0.563,new_payee,Medium,Blocked,0,1,Done
ALT0002900,TXN00029242,2025-08-04 08:25:28,Card,Mumbai,Electronics,M1756,C50348,41042.76,0.488,amount_spike,Low,Investigating,0,0,Queue
ALT0002901,TXN00010201,2025-08-04 09:56:22,UPI,Jaipur,Education,M1425,C58928,4267.69,0.81,velocity,High,Blocked,0,1,Done
ALT0002902,TXN00046979,2025-08-04 10:14:20,Card,Ahmedabad,Grocery,M1143,C11953,7681.2,0.481,velocity,Low,Blocked,1,1,Done
ALT0002903,TXN00013995,2025-08-04 10:19:29,UPI,Mumbai,Fuel,M1704,C42780,6131.63,0.608,velocity,Medium,Blocked,0,1,Done
ALT0002904,TXN00002226,2025-08-04 10:20:51,Wallet,Hyderabad,Food Delivery,M1427,C63694,23509.31,0.593,amount_spike,Medium,Escalated,0,0,Queue
ALT0002905,TXN00014483,2025-08-04 10:40:11,Card,Chandigarh,Fashion,M1366,C40340,9567.02,0.559,new_payee,Medium,Cleared,1,0,Done
ALT0002906,TXN00023782,2025-08-04 11:18:12,UPI,Mumbai,Fashion,M1539,C36222,3060.07,0.516,new_payee,Low,Blocked,0,1,Done
ALT0002907,TXN00011176,2025-08-04 11:28:28,UPI,Chennai,Travel,M1708,C69751,33623.56,0.63,velocity,Medium,Blocked,1,1,Done
ALT0002908,TXN00022957,2025-08-04 12:25:19,UPI,Kochi,Food Delivery,M1508,C27589,2162.29,0.503,velocity,Low,Cleared,1,0,Done
ALT0002909,TXN00033261,2025-08-04 13:19:58,UPI,Chennai,Grocery,M1578,C81020,1552.43,0.527,new_payee,Low,Investigating,0,0,Queue
ALT0002910,TXN00002304,2025-08-04 13:25:31,UPI,Bengaluru,Utilities,M1727,C51967,4406.92,0.609,new_payee,Medium,Investigating,0,0,Queue
ALT0002911,TXN00046940,2025-08-04 13:25:32,UPI,Ahmedabad,Fuel,M1519,C71023,518.53,0.565,velocity,Medium,Escalated,0,0,Queue
ALT0002912,TXN00004102,2025-08-04 14:30:45,Card,Chennai,Healthcare,M1368,C40953,2734.48,0.642,device,Medium,Investigating,0,0,Queue
ALT0002913,TXN00032960,2025-08-04 14:49:56,UPI,Chennai,Food Delivery,M1186,C80008,37581.28,0.5,velocity,Low,Blocked,0,1,Done
ALT0002914,TXN00002904,2025-08-04 14:51:44,UPI,Chandigarh,Grocery,M1033,C12826,1053.03,0.808,velocity,High,Blocked,1,1,Done
ALT0002915,TXN00045305,2025-08-04 15:12:59,Card,Surat,Fashion,M1896,C87426,1807.59,0.524,velocity,Low,Cleared,1,0,Done
ALT0002916,TXN00034119,2025-08-04 16:18:37,UPI,Mumbai,Grocery,M1471,C48022,1291.42,0.641,geo_mismatch,Medium,Investigating,0,0,Queue
ALT0002917,TXN00031666,2025-08-04 17:40:55,UPI,Kolkata,Food Delivery,M1062,C38576,169.35,0.519,new_payee,Low,Open,0,0,Queue
ALT0002918,TXN00016971,2025-08-04 18:12:31,UPI,Mumbai,Grocery,M1335,C24241,14193.45,0.844,device,Critical,Escalated,0,0,Queue
ALT0002919,TXN00027736,2025-08-04 18:20:13,Wallet,Bengaluru,Food Delivery,M1371,C40169,2263.21,0.592,velocity,Medium,Blocked,0,1,Done
ALT0002920,TXN00045990,2025-08-04 18:24:22,Wallet,Pune,Fuel,M1005,C52702,19762.07,0.653,amount_spike,Medium,Open,0,0,Queue
ALT0002921,TXN00047127,2025-08-04 18:43:15,Card,Nagpur,Fashion,M1375,C25519,193431.83,0.58,velocity,Medium,Open,0,0,Queue
ALT0002922,TXN00037567,2025-08-04 19:00:56,Card,Lucknow,Grocery,M1602,C63061,59746.82,0.498,new_payee,Low,Investigating,0,0,Queue
ALT0002923,TXN00042831,2025-08-04 19:21:26,Card,Hyderabad,Food Delivery,M1890,C68283,7106.63,0.531,new_payee,Low,Investigating,0,0,Queue
ALT0002924,TXN00019214,2025-08-04 19:41:22,Card,Kolkata,Food Delivery,M1727,C20598,53987.46,0.504,velocity,Low,Open,0,0,Queue
ALT0002925,TXN00016378,2025-08-04 19:57:52,Wallet,Lucknow,Utilities,M1099,C47783,4832.63,0.563,device,Medium,Cleared,1,0,Done
ALT0002926,TXN00014682,2025-08-04 20:54:06,UPI,Delhi,Grocery,M1719,C18910,46915.91,0.577,amount_spike,Medium,Cleared,1,0,Done
ALT0002927,TXN00039807,2025-08-04 21:22:12,Card,Lucknow,Fashion,M1540,C61421,67747.37,0.62,amount_spike,Medium,Open,0,0,Queue
ALT0002928,TXN00029002,2025-08-04 21:27:48,UPI,Kolkata,Food Delivery,M1407,C49386,16310.22,0.549,device,Low,Cleared,1,0,Done
ALT0002929,TXN00033148,2025-08-04 22:16:01,Wallet,Indore,Grocery,M1315,C19597,1762.65,0.591,device,Medium,Investigating,0,0,Queue
ALT0002930,TXN00013077,2025-08-04 22:18:57,Card,Lucknow,Grocery,M1118,C75705,10210.05,0.515,device,Low,Cleared,1,0,Done
ALT0002931,TXN00003274,2025-08-04 22:23:50,Card,Delhi,Fuel,M1558,C57879,21816.13,0.555,device,Medium,Investigating,0,0,Queue
ALT0002932,TXN00032791,2025-08-04 22:27:44,UPI,Lucknow,Gaming,M1410,C78524,2805.8,0.616,device,Medium,Cleared,1,0,Done
ALT0002933,TXN00033846,2025-08-04 23:04:21,UPI,Nagpur,Grocery,M1805,C69869,834.48,0.48,new_payee,Low,Cleared,1,0,Done
ALT0002934,TXN00028470,2025-08-04 23:04:49,UPI,Ahmedabad,Healthcare,M1785,C80346,27832.22,0.532,amount_spike,Low,Open,0,0,Queue
ALT0002935,TXN00025796,2025-08-04 23:09:16,UPI,Chandigarh,Food Delivery,M1874,C15001,556.08,0.617,new_payee,Medium,Investigating,0,0,Queue
ALT0002936,TXN00036689,2025-08-04 23:11:33,UPI,Surat,Utilities,M1597,C83251,2184.42,0.732,velocity,High,Blocked,0,1,Done
ALT0002937,TXN00001961,2025-08-04 23:11:35,UPI,Delhi,Education,M1596,C18930,4393.43,0.519,night_burst,Low,Cleared,1,0,Done
ALT0002938,TXN00000068,2025-08-04 23:15:11,UPI,Kochi,Grocery,M1227,C83906,3360.36,0.611,night_burst,Medium,Blocked,0,1,Done
ALT0002939,TXN00041330,2025-08-04 23:20:08,Card,Ahmedabad,Electronics,M1140,C33830,7378.03,0.501,velocity,Low,Open,0,0,Queue
ALT0002940,TXN00005563,2025-08-04 23:20:33,UPI,Indore,Fashion,M1888,C11311,6409.27,0.574,velocity,Medium,Cleared,1,0,Done
ALT0002941,TXN00023976,2025-08-04 23:22:55,UPI,Nagpur,Gaming,M1571,C71493,2512.15,0.586,night_burst,Medium,Investigating,0,0,Queue
ALT0002942,TXN00001398,2025-08-04 23:28:13,Card,Chandigarh,Fashion,M1866,C26232,5737.95,0.539,velocity,Low,Blocked,0,1,Done
ALT0002943,TXN00033677,2025-08-04 23:32:43,UPI,Chandigarh,Gaming,M1010,C58793,462.44,0.613,new_payee,Medium,Escalated,0,0,Queue
ALT0002944,TXN00002638,2025-08-04 23:37:13,UPI,Jaipur,Grocery,M1742,C18720,2077.1,0.763,velocity,High,Investigating,0,0,Queue
ALT0002945,TXN00041042,2025-08-04 23:46:23,UPI,Delhi,Healthcare,M1842,C69901,7278.01,0.505,night_burst,Low,Cleared,1,0,Done
ALT0002946,TXN00005159,2025-08-04 23:47:38,UPI,Pune,Grocery,M1511,C54004,1885.83,0.586,velocity,Medium,Blocked,0,1,Done
ALT0002947,TXN00024489,2025-08-04 23:48:37,UPI,Indore,Grocery,M1879,C30372,65963.18,0.549,night_burst,Low,Cleared,1,0,Done
ALT0002948,TXN00041720,2025-08-04 23:53:10,UPI,Indore,Fashion,M1471,C26527,8126.0,0.562,velocity,Medium,Blocked,1,1,Done
ALT0002949,TXN00022964,2025-08-04 23:59:19,Card,Surat,Travel,M1225,C86393,12973.36,0.6,new_payee,Medium,Cleared,1,0,Done
ALT0002950,TXN00031967,2025-08-05 00:00:43,Wallet,Chennai,Healthcare,M1850,C58969,221.71,0.528,velocity,Low,Investigating,0,0,Queue
ALT0002951,TXN00001823,2025-08-05 00:03:33,UPI,Ahmedabad,Education,M1716,C36720,2456.69,0.597,new_payee,Medium,Cleared,1,0,Done
ALT0002952,TXN00019385,2025-08-05 00:06:11,UPI,Chennai,Grocery,M1167,C46730,1873.59,0.579,night_burst,Medium,Blocked,1,1,Done
ALT0002953,TXN00022238,2025-08-05 00:08:03,Card,Bengaluru,Food Delivery,M1141,C72101,19131.54,0.616,velocity,Medium,Investigating,0,0,Queue
ALT0002954,TXN00031589,2025-08-05 00:08:03,UPI,Chandigarh,Fashion,M1500,C51569,14815.75,0.531,night_burst,Low,Cleared,1,0,Done
ALT0002955,TXN00003967,2025-08-05 00:13:18,UPI,Surat,Healthcare,M1163,C27375,1894.9,0.647,new_payee,Medium,Investigating,0,0,Queue
ALT0002956,TXN00002810,2025-08-05 00:16:06,Card,Lucknow,Grocery,M1752,C13006,6684.41,0.565,velocity,Medium,Investigating,0,0,Queue
ALT0002957,TXN00001675,2025-08-05 00:23:56,Card,Lucknow,Education,M1347,C53230,1173.13,0.561,night_burst,Medium,Investigating,0,0,Queue
ALT0002958,TXN00017071,2025-08-05 00:28:03,UPI,Chandigarh,Grocery,M1056,C25691,95379.08,0.488,night_burst,Low,Investigating,0,0,Queue
ALT0002959,TXN00003802,2025-08-05 00:28:08,UPI,Hyderabad,Healthcare,M1536,C78162,3192.8,0.534,velocity,Low,Cleared,1,0,Done
ALT0002960,TXN00027608,2025-08-05 00:32:23,UPI,Lucknow,Travel,M1813,C18224,5502.0,0.624,new_payee,Medium,Blocked,1,1,Done
ALT0002961,TXN00000942,2025-08-05 00:39:34,Card,Surat,Education,M1081,C30920,13236.81,0.55,new_payee,Low,Cleared,1,0,Done
ALT0002962,TXN00021658,2025-08-05 00:43:29,UPI,Surat,Fuel,M1681,C68450,6159.06,0.505,velocity,Low,Open,0,0,Queue
ALT0002963,TXN00041382,2025-08-05 00:43:42,UPI,Jaipur,Electronics,M1614,C56851,29146.63,0.506,night_burst,Low,Open,0,0,Queue
ALT0002964,TXN00010630,2025-08-05 00:48:12,UPI,Kochi,Food Delivery,M1766,C74064,8252.37,0.526,new_payee,Low,Cleared,1,0,Done
ALT0002965,TXN00026714,2025-08-05 00:48:29,UPI,Jaipur,Gaming,M1484,C30086,9905.05,0.508,velocity,Low,Investigating,0,0,Queue
ALT0002966,TXN00037741,2025-08-05 00:48:57,Wallet,Nagpur,Grocery,M1120,C27912,1790.1,0.613,night_burst,Medium,Investigating,0,0,Queue
ALT0002967,TXN00040287,2025-08-05 00:52:11,Wallet,Kolkata,Grocery,M1198,C10903,449.24,0.482,velocity,Low,Cleared,1,0,Done
ALT0002968,TXN00019849,2025-08-05 00:57:52,Card,Bengaluru,Utilities,M1719,C28463,18969.4,0.554,night_burst,Medium,Open,0,0,Queue
ALT0002969,TXN00004744,2025-08-05 01:01:06,Wallet,Nagpur,Travel,M1160,C20756,6474.51,0.833,new_payee,Critical,Escalated,0,0,Queue
ALT0002970,TXN00040956,2025-08-05 01:02:32,UPI,Surat,Healthcare,M1361,C81620,3099.44,0.552,velocity,Medium,Investigating,0,0,Queue
ALT0002971,TXN00007577,2025-08-05 01:05:21,Wallet,Jaipur,Fashion,M1337,C67968,458.54,0.619,velocity,Medium,Investigating,0,0,Queue
ALT0002972,TXN00026677,2025-08-05 01:07:52,Card,Bengaluru,Electronics,M1851,C38298,22489.88,0.493,amount_spike,Low,Cleared,1,0,Done
ALT0002973,TXN00044936,2025-08-05 01:08:41,UPI,Lucknow,Electronics,M1101,C49214,138992.09,0.605,velocity,Medium,Escalated,0,0,Queue
ALT0002974,TXN00006588,2025-08-05 01:11:03,UPI,Hyderabad,Food Delivery,M1838,C73948,5558.52,0.588,night_burst,Medium,Investigating,0,0,Queue
ALT0002975,TXN00025256,2025-08-05 01:13:10,UPI,Jaipur,Gaming,M1092,C41821,281.74,0.586,new_payee,Medium,Blocked,0,1,Done
ALT0002976,TXN00030303,2025-08-05 01:15:22,Card,Indore,Fashion,M1088,C69276,3611.04,0.6,velocity,Medium,Cleared,1,0,Done
ALT0002977,TXN00044338,2025-08-05 01:15:30,UPI,Surat,Education,M1664,C39808,11179.57,0.513,velocity,Low,Investigating,0,0,Queue
ALT0002978,TXN00038931,2025-08-05 01:16:07,UPI,Indore,Fashion,M1174,C86655,17351.14,0.578,amount_spike,Medium,Investigating,0,0,Queue
ALT0002979,TXN00029414,2025-08-05 01:16:48,UPI,Bengaluru,Grocery,M1532,C28613,1262.45,0.613,night_burst,Medium,Investigating,0,0,Queue
ALT0002980,TXN00007505,2025-08-05 01:18:05,Card,Chandigarh,Fuel,M1464,C73672,3224.34,0.549,new_payee,Low,Cleared,1,0,Done
ALT0002981,TXN00014871,2025-08-05 01:19:04,UPI,Mumbai,Gaming,M1772,C81445,2173.89,0.764,velocity,High,Investigating,0,0,Queue
ALT0002982,TXN00029871,2025-08-05 01:20:17,UPI,Pune,Food Delivery,M1156,C63393,1338.22,0.77,velocity,High,Open,0,0,Queue
ALT0002983,TXN00031160,2025-08-05 01:20:45,UPI,Chandigarh,Fuel,M1344,C79028,190325.72,0.689,velocity,High,Investigating,0,0,Queue
ALT0002984,TXN00041023,2025-08-05 01:22:59,Card,Nagpur,Gaming,M1032,C60679,115073.03,0.516,geo_mismatch,Low,Open,0,0,Queue
ALT0002985,TXN00021561,2025-08-05 01:23:26,Card,Jaipur,Fashion,M1567,C25465,1801.06,0.483,new_payee,Low,Blocked,0,1,Done
ALT0002986,TXN00046909,2025-08-05 01:23:45,UPI,Bengaluru,Grocery,M1242,C87904,3119.91,0.561,velocity,Medium,Open,0,0,Queue
ALT0002987,TXN00009613,2025-08-05 01:24:24,Card,Lucknow,Travel,M1118,C13181,29537.79,0.607,amount_spike,Medium,Open,0,0,Queue
ALT0002988,TXN00045648,2025-08-05 01:29:38,UPI,Indore,Fashion,M1041,C72016,9911.94,0.48,velocity,Low,Cleared,1,0,Done
ALT0002989,TXN00008577,2025-08-05 01:30:54,Wallet,Pune,Food Delivery,M1630,C13156,2653.05,0.588,velocity,Medium,Investigating,0,0,Queue
ALT0002990,TXN00004256,2025-08-05 01:31:27,UPI,Indore,Education,M1363,C42711,1752.16,0.781,night_burst,High,Cleared,0,0,Done
ALT0002991,TXN00042144,2025-08-05 01:35:12,Card,Indore,Grocery,M1875,C36176,8339.45,0.519,night_burst,Low,Blocked,1,1,Done
ALT0002992,TXN00031527,2025-08-05 01:37:16,Card,Kochi,Electronics,M1437,C61844,13027.31,0.591,velocity,Medium,Investigating,0,0,Queue
ALT0002993,TXN00020555,2025-08-05 01:49:12,Wallet,Bengaluru,Grocery,M1512,C84030,17167.08,0.499,device,Low,Investigating,0,0,Queue
ALT0002994,TXN00029105,2025-08-05 01:50:45,UPI,Delhi,Healthcare,M1667,C19306,874.21,0.595,night_burst,Medium,Investigating,0,0,Queue
ALT0002995,TXN00041521,2025-08-05 01:50:57,UPI,Nagpur,Grocery,M1718,C85444,4099.06,0.513,velocity,Low,Cleared,1,0,Done
ALT0002996,TXN00018771,2025-08-05 01:53:07,UPI,Jaipur,Education,M1646,C61648,8759.63,0.794,night_burst,High,Investigating,0,0,Queue
ALT0002997,TXN00034808,2025-08-05 01:55:58,Wallet,Indore,Grocery,M1168,C64709,8409.68,0.791,new_payee,High,Investigating,0,0,Queue
ALT0002998,TXN00034510,2025-08-05 01:58:08,Card,Chennai,Gaming,M1188,C70440,81551.49,0.6,new_payee,Medium,Open,0,0,Queue
ALT0002999,TXN00006821,2025-08-05 02:02:02,UPI,Delhi,Travel,M1086,C71115,3829.27,0.557,night_burst,Medium,Blocked,0,1,Done
ALT0003000,TXN00045192,2025-08-05 02:02:38,UPI,Kochi,Fuel,M1085,C82987,17997.42,0.543,device,Low,Investigating,0,0,Queue
ALT0003001,TXN00025911,2025-08-05 02:05:50,UPI,Nagpur,Fashion,M1465,C63622,5908.4,0.53,velocity,Low,Cleared,1,0,Done
ALT0003002,TXN00007145,2025-08-05 02:09:33,Card,Nagpur,Food Delivery,M1745,C68692,1006.65,0.637,new_payee,Medium,Investigating,0,0,Queue
ALT0003003,TXN00018556,2025-08-05 02:10:56,UPI,Nagpur,Gaming,M1663,C15703,11915.67,0.503,new_payee,Low,Cleared,1,0,Done
ALT0003004,TXN00024851,2025-08-05 02:13:02,Card,Hyderabad,Fuel,M1891,C41450,73880.58,0.549,amount_spike,Low,Cleared,1,0,Done
ALT0003005,TXN00022884,2025-08-05 02:13:31,Wallet,Indore,Gaming,M1104,C44155,9229.77,0.512,velocity,Low,Cleared,1,0,Done
ALT0003006,TXN00039361,2025-08-05 02:26:05,UPI,Ahmedabad,Electronics,M1075,C71274,5511.75,0.62,new_payee,Medium,Open,0,0,Queue
ALT0003007,TXN00009750,2025-08-05 02:29:03,UPI,Kochi,Fashion,M1470,C14784,433.93,0.575,new_payee,Medium,Open,0,0,Queue
ALT0003008,TXN00045573,2025-08-05 02:29:30,Card,Ahmedabad,Fashion,M1717,C18099,5956.34,0.61,new_payee,Medium,Cleared,1,0,Done
ALT0003009,TXN00022061,2025-08-05 02:31:05,Wallet,Jaipur,Fashion,M1580,C86610,35133.3,0.701,night_burst,High,Cleared,0,0,Done
ALT0003010,TXN00041493,2025-08-05 02:32:54,UPI,Chennai,Electronics,M1866,C25609,1774.09,0.613,velocity,Medium,Cleared,1,0,Done
ALT0003011,TXN00032052,2025-08-05 02:37:04,UPI,Bengaluru,Electronics,M1105,C33242,1467.47,0.483,new_payee,Low,Cleared,1,0,Done
ALT0003012,TXN00044857,2025-08-05 02:38:53,UPI,Ahmedabad,Electronics,M1398,C68956,12502.74,0.688,velocity,High,Investigating,0,0,Queue
ALT0003013,TXN00020206,2025-08-05 02:38:58,UPI,Jaipur,Electronics,M1477,C66734,30854.91,0.566,new_payee,Medium,Blocked,0,1,Done
ALT0003014,TXN00004973,2025-08-05 02:39:15,Wallet,Kolkata,Gaming,M1365,C29426,722.38,0.815,geo_mismatch,High,Cleared,0,0,Done
ALT0003015,TXN00005323,2025-08-05 02:47:18,UPI,Hyderabad,Electronics,M1820,C67465,7861.34,0.53,night_burst,Low,Cleared,1,0,Done
ALT0003016,TXN00014368,2025-08-05 02:48:24,UPI,Surat,Education,M1643,C47643,1551.85,0.485,night_burst,Low,Cleared,1,0,Done
ALT0003017,TXN00037642,2025-08-05 02:52:44,Card,Bengaluru,Food Delivery,M1490,C62674,3859.28,0.578,velocity,Medium,Blocked,1,1,Done
ALT0003018,TXN00010295,2025-08-05 02:57:14,Card,Bengaluru,Grocery,M1218,C81305,2126.57,0.601,velocity,Medium,Escalated,0,0,Queue
ALT0003019,TXN00032299,2025-08-05 02:58:56,Card,Mumbai,Fashion,M1560,C89758,35607.51,0.75,velocity,High,Investigating,0,0,Queue
ALT0003020,TXN00017194,2025-08-05 03:05:35,Wallet,Chennai,Gaming,M1853,C79880,37778.93,0.581,velocity,Medium,Open,0,0,Queue
ALT0003021,TXN00040006,2025-08-05 03:17:06,Card,Chennai,Grocery,M1774,C73255,3075.67,0.594,velocity,Medium,Investigating,0,0,Queue
ALT0003022,TXN00018160,2025-08-05 03:21:08,Card,Indore,Grocery,M1349,C42228,53768.78,0.611,amount_spike,Medium,Blocked,0,1,Done
ALT0003023,TXN00041857,2025-08-05 03:21:26,UPI,Mumbai,Fuel,M1020,C23799,1193.33,0.532,device,Low,Cleared,1,0,Done
ALT0003024,TXN00013735,2025-08-05 03:27:13,Card,Bengaluru,Healthcare,M1014,C14870,10318.53,0.635,velocity,Medium,Blocked,1,1,Done
ALT0003025,TXN00006892,2025-08-05 03:27:49,UPI,Chennai,Electronics,M1892,C36881,4335.76,0.614,night_burst,Medium,Blocked,0,1,Done
ALT0003026,TXN00015535,2025-08-05 03:30:02,UPI,Bengaluru,Food Delivery,M1037,C19554,3769.85,0.509,velocity,Low,Open,0,0,Queue
ALT0003027,TXN00025052,2025-08-05 03:42:00,Wallet,Ahmedabad,Electronics,M1143,C46400,1954.28,0.592,night_burst,Medium,Blocked,1,1,Done
ALT0003028,TXN00018843,2025-08-05 03:46:04,UPI,Bengaluru,Food Delivery,M1230,C77602,2169.88,0.808,velocity,High,Investigating,0,0,Queue
ALT0003029,TXN00006863,2025-08-05 03:48:21,UPI,Chandigarh,Fashion,M1716,C71904,3507.8,0.599,velocity,Medium,Investigating,0,0,Queue
ALT0003030,TXN00013546,2025-08-05 03:49:07,UPI,Surat,Utilities,M1200,C23561,1007.18,0.736,velocity,High,Blocked,0,1,Done
ALT0003031,TXN00003221,2025-08-05 03:50:04,Card,Lucknow,Grocery,M1498,C29725,689.47,0.563,velocity,Medium,Investigating,0,0,Queue
ALT0003032,TXN00015552,2025-08-05 03:50:55,Wallet,Mumbai,Food Delivery,M1832,C66710,2137.75,0.571,velocity,Medium,Cleared,1,0,Done
ALT0003033,TXN00015789,2025-08-05 04:01:04,UPI,Kochi,Electronics,M1047,C60207,16862.65,0.501,velocity,Low,Cleared,1,0,Done
ALT0003034,TXN00027865,2025-08-05 04:01:20,UPI,Jaipur,Gaming,M1468,C26916,35122.66,0.616,velocity,Medium,Cleared,1,0,Done
ALT0003035,TXN00035865,2025-08-05 04:04:34,Wallet,Lucknow,Grocery,M1780,C23790,9807.09,0.588,velocity,Medium,Blocked,1,1,Done
ALT0003036,TXN00037988,2025-08-05 04:06:19,UPI,Mumbai,Grocery,M1416,C43163,8530.96,0.504,velocity,Low,Cleared,1,0,Done
ALT0003037,TXN00010607,2025-08-05 04:14:20,Card,Ahmedabad,Gaming,M1728,C66792,8002.45,0.596,night_burst,Medium,Cleared,1,0,Done
ALT0003038,TXN00009099,2025-08-05 04:15:38,Card,Kochi,Travel,M1268,C34872,4159.76,0.502,velocity,Low,Blocked,0,1,Done
ALT0003039,TXN00009216,2025-08-05 04:30:06,UPI,Kolkata,Food Delivery,M1567,C44095,12330.68,0.718,velocity,High,Blocked,1,1,Done
ALT0003040,TXN00038963,2025-08-05 04:32:25,Wallet,Indore,Utilities,M1393,C38966,1452.91,0.573,velocity,Medium,Cleared,1,0,Done
ALT0003041,TXN00021956,2025-08-05 04:33:27,UPI,Surat,Fashion,M1529,C40616,18778.52,0.584,velocity,Medium,Blocked,0,1,Done
ALT0003042,TXN00025786,2025-08-05 04:38:31,Card,Chandigarh,Grocery,M1603,C74873,55398.51,0.509,velocity,Low,Open,0,0,Queue
ALT0003043,TXN00017594,2025-08-05 04:39:26,UPI,Jaipur,Fashion,M1447,C63745,14118.88,0.576,velocity,Medium,Investigating,0,0,Queue
ALT0003044,TXN00007812,2025-08-05 04:40:38,UPI,Kochi,Education,M1330,C40381,1666.04,0.798,device,High,Blocked,0,1,Done
ALT0003045,TXN00046591,2025-08-05 04:47:15,Card,Nagpur,Grocery,M1423,C49406,3742.44,0.656,velocity,Medium,Cleared,1,0,Done
ALT0003046,TXN00019587,2025-08-05 04:49:48,UPI,Jaipur,Fashion,M1551,C25814,337.62,0.557,night_burst,Medium,Open,0,0,Queue
ALT0003047,TXN00001963,2025-08-05 04:53:56,Card,Hyderabad,Fashion,M1852,C54609,125028.54,0.589,amount_spike,Medium,Investigating,0,0,Queue
ALT0003048,TXN00010480,2025-08-05 04:56:13,UPI,Pune,Fashion,M1356,C37293,4559.15,0.647,new_payee,Medium,Open,0,0,Queue
ALT0003049,TXN00036419,2025-08-05 04:59:02,UPI,Bengaluru,Education,M1028,C80933,694.98,0.821,velocity,Critical,Investigating,0,0,Queue
ALT0003050,TXN00030358,2025-08-05 05:01:03,UPI,Kochi,Utilities,M1474,C30973,916.15,0.604,new_payee,Medium,Investigating,0,0,Queue
ALT0003051,TXN00027628,2025-08-05 05:15:45,UPI,Ahmedabad,Gaming,M1081,C69669,1354.87,0.516,velocity,Low,Cleared,1,0,Done
ALT0003052,TXN00005162,2025-08-05 06:14:13,UPI,Chennai,Fashion,M1656,C44979,3438.94,0.6,velocity,Medium,Blocked,1,1,Done
ALT0003053,TXN00043056,2025-08-05 06:56:14,UPI,Pune,Electronics,M1739,C15318,1674.38,0.614,velocity,Medium,Blocked,1,1,Done
ALT0003054,TXN00025428,2025-08-05 06:59:53,Wallet,Hyderabad,Grocery,M1475,C80488,1442.31,0.624,velocity,Medium,Investigating,0,0,Queue
ALT0003055,TXN00009293,2025-08-05 07:59:15,UPI,Delhi,Utilities,M1190,C32373,379.61,0.547,device,Low,Open,0,0,Queue
ALT0003056,TXN00005428,2025-08-05 08:31:02,UPI,Chandigarh,Grocery,M1195,C89479,2563.02,0.582,velocity,Medium,Blocked,0,1,Done
ALT0003057,TXN00024466,2025-08-05 10:17:56,UPI,Kochi,Education,M1430,C75784,15083.78,0.483,velocity,Low,Cleared,1,0,Done
ALT0003058,TXN00027657,2025-08-05 10:21:05,Wallet,Indore,Education,M1781,C18100,33887.39,0.592,velocity,Medium,Open,0,0,Queue
ALT0003059,TXN00024296,2025-08-05 10:41:14,Card,Surat,Gaming,M1210,C79542,60765.08,0.599,velocity,Medium,Investigating,0,0,Queue
ALT0003060,TXN00011422,2025-08-05 10:43:47,UPI,Lucknow,Fuel,M1882,C14142,2261.26,0.655,device,Medium,Cleared,1,0,Done
ALT0003061,TXN00041489,2025-08-05 10:45:05,UPI,Delhi,Gaming,M1137,C77233,2144.92,0.483,new_payee,Low,Escalated,0,0,Queue
ALT0003062,TXN00028304,2025-08-05 11:04:58,Wallet,Kochi,Fuel,M1413,C39309,2224.63,0.625,geo_mismatch,Medium,Investigating,0,0,Queue
ALT0003063,TXN00021256,2025-08-05 11:18:30,Card,Lucknow,Grocery,M1499,C39405,15483.78,0.532,amount_spike,Low,Cleared,1,0,Done
ALT0003064,TXN00021508,2025-08-05 11:48:26,UPI,Chennai,Food Delivery,M1593,C17449,43016.84,0.527,device,Low,Cleared,1,0,Done
ALT0003065,TXN00004914,2025-08-05 11:51:19,UPI,Lucknow,Food Delivery,M1337,C22459,1518.74,0.617,velocity,Medium,Open,0,0,Queue
ALT0003066,TXN00033906,2025-08-05 12:09:17,Card,Mumbai,Food Delivery,M1764,C54135,35884.97,0.998,geo_mismatch,Critical,Escalated,0,0,Queue
ALT0003067,TXN00004494,2025-08-05 12:15:12,UPI,Nagpur,Electronics,M1434,C11354,2723.88,0.578,velocity,Medium,Open,0,0,Queue
ALT0003068,TXN00014783,2025-08-05 12:55:48,UPI,Jaipur,Electronics,M1138,C14913,2690.36,0.524,geo_mismatch,Low,Cleared,1,0,Done
ALT0003069,TXN00016303,2025-08-05 13:10:18,UPI,Mumbai,Food Delivery,M1495,C56560,899.22,0.652,new_payee,Medium,Blocked,1,1,Done
ALT0003070,TXN00043241,2025-08-05 13:18:09,Card,Pune,Utilities,M1501,C47334,37256.93,0.494,amount_spike,Low,Investigating,0,0,Queue
ALT0003071,TXN00044993,2025-08-05 13:38:44,UPI,Delhi,Food Delivery,M1542,C13853,2418.05,0.577,velocity,Medium,Cleared,1,0,Done
ALT0003072,TXN00042211,2025-08-05 13:40:07,UPI,Indore,Food Delivery,M1392,C16967,9402.37,0.531,device,Low,Open,0,0,Queue
ALT0003073,TXN00000256,2025-08-05 15:19:39,Card,Pune,Fuel,M1217,C75543,197702.39,0.609,amount_spike,Medium,Cleared,1,0,Done
ALT0003074,TXN00030608,2025-08-05 16:28:36,UPI,Indore,Fuel,M1723,C67199,1029.62,0.517,device,Low,Open,0,0,Queue
ALT0003075,TXN00039844,2025-08-05 16:39:35,UPI,Bengaluru,Fashion,M1010,C14826,9532.83,0.518,device,Low,Open,0,0,Queue
ALT0003076,TXN00025189,2025-08-05 16:48:01,Wallet,Surat,Electronics,M1503,C62282,1232.95,0.554,device,Medium,Cleared,1,0,Done
ALT0003077,TXN00016507,2025-08-05 16:49:06,Card,Chandigarh,Utilities,M1496,C85939,7676.57,0.531,device,Low,Blocked,0,1,Done
ALT0003078,TXN00041077,2025-08-05 17:01:17,UPI,Mumbai,Fuel,M1366,C75735,4479.57,0.521,new_payee,Low,Cleared,1,0,Done
ALT0003079,TXN00045519,2025-08-05 17:06:28,Card,Kochi,Grocery,M1110,C49073,47629.07,0.813,new_payee,High,Open,0,0,Queue
ALT0003080,TXN00033370,2025-08-05 17:07:51,Card,Lucknow,Food Delivery,M1638,C71295,5321.6,0.554,velocity,Medium,Investigating,0,0,Queue
ALT0003081,TXN00033610,2025-08-05 17:55:39,Card,Lucknow,Fashion,M1498,C86858,14450.51,0.605,velocity,Medium,Cleared,1,0,Done
ALT0003082,TXN00004165,2025-08-05 18:01:43,UPI,Chennai,Electronics,M1613,C41051,23916.74,0.587,geo_mismatch,Medium,Investigating,0,0,Queue
ALT0003083,TXN00021199,2025-08-05 18:13:50,Wallet,Delhi,Electronics,M1218,C41965,663.33,0.567,geo_mismatch,Medium,Blocked,0,1,Done
ALT0003084,TXN00030735,2025-08-05 19:10:52,Card,Kochi,Electronics,M1163,C84099,272083.32,0.526,velocity,Low,Cleared,1,0,Done
ALT0003085,TXN00024518,2025-08-05 20:15:55,Card,Kolkata,Grocery,M1708,C52363,16230.92,0.506,velocity,Low,Investigating,0,0,Queue
ALT0003086,TXN00016649,2025-08-05 20:22:52,UPI,Indore,Grocery,M1891,C68792,3215.92,0.715,velocity,High,Blocked,0,1,Done
ALT0003087,TXN00018055,2025-08-05 20:31:29,Card,Delhi,Grocery,M1295,C55579,43693.23,0.551,velocity,Medium,Investigating,0,0,Queue
ALT0003088,TXN00039837,2025-08-05 20:39:09,Card,Chandigarh,Food Delivery,M1624,C40483,4770.82,0.558,velocity,Medium,Investigating,0,0,Queue
ALT0003089,TXN00041872,2025-08-05 21:23:27,Wallet,Kolkata,Food Delivery,M1436,C50037,9371.47,0.564,velocity,Medium,Cleared,1,0,Done
ALT0003090,TXN00034202,2025-08-05 21:50:52,UPI,Chandigarh,Grocery,M1089,C46415,2379.19,0.511,device,Low,Open,0,0,Queue
ALT0003091,TXN00034048,2025-08-05 22:00:47,UPI,Chandigarh,Utilities,M1367,C77744,2627.1,0.518,velocity,Low,Investigating,0,0,Queue
ALT0003092,TXN00010655,2025-08-05 22:09:02,UPI,Jaipur,Food Delivery,M1166,C71986,3041.95,0.62,device,Medium,Investigating,0,0,Queue
ALT0003093,TXN00007243,2025-08-05 22:24:43,UPI,Bengaluru,Food Delivery,M1526,C77177,6576.75,0.582,new_payee,Medium,Blocked,1,1,Done
ALT0003094,TXN00005188,2025-08-05 22:28:08,UPI,Indore,Utilities,M1637,C27334,6433.63,0.581,new_payee,Medium,Cleared,1,0,Done
ALT0003095,TXN00017132,2025-08-05 22:46:45,UPI,Hyderabad,Travel,M1667,C22713,10942.41,0.816,device,High,Cleared,0,0,Done
ALT0003096,TXN00004864,2025-08-05 22:59:02,Wallet,Nagpur,Travel,M1489,C25002,5673.3,0.538,velocity,Low,Investigating,0,0,Queue
ALT0003097,TXN00034606,2025-08-05 23:01:20,Card,Pune,Grocery,M1727,C62470,12142.28,0.829,device,Critical,Blocked,1,1,Done
ALT0003098,TXN00033769,2025-08-05 23:01:32,Card,Hyderabad,Utilities,M1420,C44156,33420.52,0.545,new_payee,Low,Cleared,1,0,Done
ALT0003099,TXN00036940,2025-08-05 23:01:43,Card,Bengaluru,Travel,M1605,C34918,5109.65,0.66,geo_mismatch,Medium,Blocked,1,1,Done
ALT0003100,TXN00036094,2025-08-05 23:04:16,Card,Lucknow,Travel,M1820,C27107,12194.14,0.555,night_burst,Medium,Cleared,1,0,Done
ALT0003101,TXN00033252,2025-08-05 23:05:02,UPI,Bengaluru,Fuel,M1247,C89619,1135.06,0.578,velocity,Medium,Cleared,1,0,Done
ALT0003102,TXN00028213,2025-08-05 23:07:31,UPI,Hyderabad,Utilities,M1878,C56427,2846.67,0.569,device,Medium,Investigating,0,0,Queue
ALT0003103,TXN00043966,2025-08-05 23:09:55,UPI,Indore,Electronics,M1711,C29478,1250.51,0.523,velocity,Low,Investigating,0,0,Queue
ALT0003104,TXN00016473,2025-08-05 23:11:42,Wallet,Chandigarh,Gaming,M1131,C20212,578.24,0.489,night_burst,Low,Cleared,1,0,Done
ALT0003105,TXN00036185,2025-08-05 23:13:11,UPI,Jaipur,Fuel,M1768,C82869,33644.08,0.604,night_burst,Medium,Investigating,0,0,Queue
ALT0003106,TXN00036688,2025-08-05 23:13:18,Wallet,Chennai,Electronics,M1400,C48455,5511.02,0.545,velocity,Low,Cleared,1,0,Done
ALT0003107,TXN00015028,2025-08-05 23:22:34,UPI,Nagpur,Grocery,M1267,C65595,4948.06,0.611,new_payee,Medium,Blocked,1,1,Done
ALT0003108,TXN00033096,2025-08-05 23:23:10,Wallet,Nagpur,Education,M1879,C87948,1991.28,0.59,velocity,Medium,Investigating,0,0,Queue
ALT0003109,TXN00034678,2025-08-05 23:43:24,UPI,Ahmedabad,Grocery,M1081,C23756,13674.1,0.495,new_payee,Low,Cleared,1,0,Done
ALT0003110,TXN00028124,2025-08-05 23:46:01,UPI,Chandigarh,Utilities,M1860,C70945,50354.13,0.576,amount_spike,Medium,Blocked,1,1,Done
ALT0003111,TXN00043738,2025-08-05 23:51:23,Wallet,Mumbai,Fuel,M1307,C82991,4828.4,0.577,velocity,Medium,Investigating,0,0,Queue
ALT0003112,TXN00012184,2025-08-05 23:52:57,UPI,Surat,Gaming,M1775,C47302,24996.74,0.567,night_burst,Medium,Investigating,0,0,Queue
ALT0003113,TXN00014362,2025-08-05 23:54:27,UPI,Ahmedabad,Grocery,M1107,C20091,5427.1,0.54,velocity,Low,Cleared,1,0,Done
ALT0003114,TXN00012367,2025-08-06 00:09:54,UPI,Surat,Grocery,M1086,C40390,2461.03,0.487,velocity,Low,Open,0,0,Queue
ALT0003115,TXN00012362,2025-08-06 00:13:18,UPI,Bengaluru,Food Delivery,M1639,C82848,3271.46,0.602,new_payee,Medium,Investigating,0,0,Queue
ALT0003116,TXN00009254,2025-08-06 00:17:12,UPI,Bengaluru,Travel,M1872,C30696,24943.37,0.481,velocity,Low,Cleared,1,0,Done
ALT0003117,TXN00041556,2025-08-06 00:17:54,UPI,Chennai,Electronics,M1104,C49442,1404.06,0.591,night_burst,Medium,Cleared,1,0,Done
ALT0003118,TXN00037390,2025-08-06 00:27:47,UPI,Chandigarh,Healthcare,M1268,C85592,1111.77,0.606,velocity,Medium,Escalated,0,0,Queue
ALT0003119,TXN00004403,2025-08-06 00:35:34,UPI,Mumbai,Grocery,M1642,C41825,27136.88,0.488,new_payee,Low,Investigating,0,0,Queue
ALT0003120,TXN00035537,2025-08-06 00:36:30,Card,Pune,Grocery,M1581,C18813,32132.3,0.603,velocity,Medium,Open,0,0,Queue
ALT0003121,TXN00040721,2025-08-06 00:36:34,UPI,Hyderabad,Fashion,M1042,C53948,1497.24,0.604,velocity,Medium,Cleared,1,0,Done
ALT0003122,TXN00043259,2025-08-06 00:38:53,Card,Kochi,Electronics,M1863,C75452,1748.58,0.545,night_burst,Low,Investigating,0,0,Queue
ALT0003123,TXN00043708,2025-08-06 00:41:51,UPI,Chandigarh,Fuel,M1270,C57470,5494.92,0.736,night_burst,High,Investigating,0,0,Queue
ALT0003124,TXN00039892,2025-08-06 00:42:00,UPI,Indore,Gaming,M1245,C60136,2277.64,0.512,velocity,Low,Investigating,0,0,Queue
ALT0003125,TXN00035084,2025-08-06 00:45:52,Card,Kolkata,Gaming,M1295,C48525,60300.59,0.664,amount_spike,Medium,Investigating,0,0,Queue
ALT0003126,TXN00007351,2025-08-06 00:46:08,Card,Jaipur,Fashion,M1116,C84854,1709.61,0.548,new_payee,Low,Blocked,1,1,Done
ALT0003127,TXN00043698,2025-08-06 00:56:11,Wallet,Lucknow,Fashion,M1035,C36568,19246.15,0.564,night_burst,Medium,Blocked,0,1,Done
ALT0003128,TXN00009609,2025-08-06 01:00:26,Card,Surat,Fashion,M1696,C78866,7419.15,0.544,velocity,Low,Cleared,1,0,Done
ALT0003129,TXN00034384,2025-08-06 01:13:47,UPI,Lucknow,Food Delivery,M1549,C21180,595.69,0.508,velocity,Low,Blocked,1,1,Done
ALT0003130,TXN00041046,2025-08-06 01:15:34,Wallet,Surat,Gaming,M1817,C11212,1078.65,0.786,new_payee,High,Escalated,0,0,Queue
ALT0003131,TXN00039073,2025-08-06 01:17:40,Wallet,Bengaluru,Grocery,M1857,C46192,1228.31,0.488,new_payee,Low,Cleared,1,0,Done
ALT0003132,TXN00024254,2025-08-06 01:17:57,Card,Delhi,Gaming,M1427,C39863,1227.26,0.5,velocity,Low,Open,0,0,Queue
ALT0003133,TXN00027224,2025-08-06 01:18:33,UPI,Bengaluru,Electronics,M1310,C43602,8775.15,0.499,velocity,Low,Cleared,1,0,Done
ALT0003134,TXN00003392,2025-08-06 01:27:35,UPI,Bengaluru,Food Delivery,M1601,C65899,6080.95,0.666,night_burst,Medium,Open,0,0,Queue
ALT0003135,TXN00013476,2025-08-06 01:35:47,UPI,Kolkata,Food Delivery,M1627,C68666,6333.06,0.56,night_burst,Medium,Investigating,0,0,Queue
ALT0003136,TXN00042512,2025-08-06 01:45:07,Wallet,Delhi,Food Delivery,M1825,C43080,1512.52,0.606,velocity,Medium,Cleared,1,0,Done
ALT0003137,TXN00032165,2025-08-06 01:45:31,UPI,Jaipur,Fashion,M1556,C15434,4240.95,0.609,velocity,Medium,Cleared,1,0,Done
ALT0003138,TXN00022735,2025-08-06 01:46:01,Card,Hyderabad,Education,M1704,C51154,12547.1,0.593,velocity,Medium,Blocked,0,1,Done
ALT0003139,TXN00007026,2025-08-06 01:50:00,Wallet,Indore,Electronics,M1407,C70424,860.58,0.55,velocity,Low,Cleared,1,0,Done
ALT0003140,TXN00018446,2025-08-06 01:50:22,Card,Chandigarh,Fuel,M1343,C53321,19906.42,0.482,velocity,Low,Cleared,1,0,Done
ALT0003141,TXN00016062,2025-08-06 01:51:02,Card,Indore,Food Delivery,M1282,C23648,3312.4,0.57,velocity,Medium,Escalated,0,0,Queue
ALT0003142,TXN00028561,2025-08-06 01:56:48,UPI,Surat,Gaming,M1863,C19337,3676.73,0.565,new_payee,Medium,Cleared,1,0,Done
ALT0003143,TXN00001256,2025-08-06 02:00:15,UPI,Bengaluru,Travel,M1182,C19166,1573.16,0.572,velocity,Medium,Blocked,1,1,Done
ALT0003144,TXN00008548,2025-08-06 02:04:09,UPI,Surat,Electronics,M1896,C68873,317801.28,0.734,new_payee,High,Investigating,0,0,Queue
ALT0003145,TXN00045392,2025-08-06 02:05:24,UPI,Chennai,Food Delivery,M1112,C33397,23778.29,0.586,night_burst,Medium,Investigating,0,0,Queue
ALT0003146,TXN00028153,2025-08-06 02:06:51,Wallet,Indore,Food Delivery,M1876,C11922,928.13,0.695,device,High,Cleared,1,0,Done
ALT0003147,TXN00043760,2025-08-06 02:09:54,UPI,Pune,Food Delivery,M1194,C50192,1836.63,0.61,velocity,Medium,Blocked,1,1,Done
ALT0003148,TXN00027701,2025-08-06 02:17:49,UPI,Indore,Electronics,M1603,C47806,5855.27,0.496,velocity,Low,Cleared,1,0,Done
ALT0003149,TXN00015770,2025-08-06 02:21:34,Card,Lucknow,Utilities,M1206,C69565,86975.2,0.611,velocity,Medium,Cleared,1,0,Done
ALT0003150,TXN00019574,2025-08-06 02:31:07,UPI,Chennai,Healthcare,M1895,C34542,8478.19,0.578,new_payee,Medium,Escalated,0,0,Queue
ALT0003151,TXN00013858,2025-08-06 02:31:33,Card,Nagpur,Travel,M1166,C21142,6268.55,0.609,new_payee,Medium,Cleared,1,0,Done
ALT0003152,TXN00035619,2025-08-06 02:37:36,UPI,Ahmedabad,Grocery,M1005,C27073,36814.15,0.685,velocity,High,Investigating,0,0,Queue
ALT0003153,TXN00013672,2025-08-06 02:39:35,Card,Hyderabad,Utilities,M1263,C34171,13169.39,0.58,velocity,Medium,Blocked,1,1,Done
ALT0003154,TXN00015507,2025-08-06 02:40:42,UPI,Chandigarh,Food Delivery,M1336,C26746,2362.92,0.61,night_burst,Medium,Investigating,0,0,Queue
ALT0003155,TXN00029381,2025-08-06 02:41:47,UPI,Jaipur,Grocery,M1323,C86136,8583.18,0.617,new_payee,Medium,Cleared,1,0,Done
ALT0003156,TXN00026695,2025-08-06 02:46:00,Card,Mumbai,Fashion,M1774,C24693,31851.32,0.623,night_burst,Medium,Cleared,1,0,Done
ALT0003157,TXN00044642,2025-08-06 02:47:37,Card,Delhi,Food Delivery,M1746,C76211,11500.16,0.553,new_payee,Medium,Investigating,0,0,Queue
ALT0003158,TXN00006641,2025-08-06 02:48:15,UPI,Chandigarh,Food Delivery,M1222,C44299,6862.3,0.523,new_payee,Low,Cleared,1,0,Done
ALT0003159,TXN00014756,2025-08-06 02:51:45,UPI,Jaipur,Grocery,M1266,C63960,1350.08,0.661,new_payee,Medium,Cleared,1,0,Done
ALT0003160,TXN00031540,2025-08-06 02:54:25,UPI,Chandigarh,Food Delivery,M1896,C48708,1921.29,0.484,velocity,Low,Cleared,1,0,Done
ALT0003161,TXN00028070,2025-08-06 02:55:02,Card,Nagpur,Education,M1567,C54362,14949.01,0.546,night_burst,Low,Investigating,0,0,Queue
ALT0003162,TXN00039662,2025-08-06 02:56:34,UPI,Pune,Utilities,M1826,C64400,200.78,0.792,velocity,High,Investigating,0,0,Queue
ALT0003163,TXN00011072,2025-08-06 03:02:00,Card,Mumbai,Fuel,M1261,C80889,19203.38,0.603,amount_spike,Medium,Blocked,0,1,Done
ALT0003164,TXN00047824,2025-08-06 03:04:57,UPI,Kolkata,Grocery,M1000,C46809,3613.88,0.58,velocity,Medium,Cleared,1,0,Done
ALT0003165,TXN00033270,2025-08-06 03:06:57,Wallet,Delhi,Utilities,M1017,C66358,1225.84,0.6,velocity,Medium,Open,0,0,Queue
ALT0003166,TXN00032411,2025-08-06 03:13:03,UPI,Chennai,Travel,M1848,C46849,11494.73,0.503,night_burst,Low,Investigating,0,0,Queue
ALT0003167,TXN00005757,2025-08-06 03:30:49,UPI,Pune,Fashion,M1737,C12348,3882.35,0.593,night_burst,Medium,Investigating,0,0,Queue
ALT0003168,TXN00025414,2025-08-06 03:40:20,UPI,Surat,Healthcare,M1696,C50195,29908.26,0.495,new_payee,Low,Cleared,1,0,Done
ALT0003169,TXN00001869,2025-08-06 03:46:18,Card,Chandigarh,Gaming,M1180,C23038,5760.1,0.57,night_burst,Medium,Blocked,0,1,Done
ALT0003170,TXN00030917,2025-08-06 03:47:13,Card,Kolkata,Grocery,M1633,C38513,28925.24,0.751,night_burst,High,Blocked,0,1,Done
ALT0003171,TXN00006124,2025-08-06 03:55:03,Card,Mumbai,Fashion,M1409,C33922,7790.84,0.696,device,High,Blocked,0,1,Done
ALT0003172,TXN00010015,2025-08-06 03:55:43,UPI,Mumbai,Fuel,M1700,C73018,500.98,0.574,night_burst,Medium,Escalated,0,0,Queue
ALT0003173,TXN00028749,2025-08-06 04:04:38,Card,Bengaluru,Utilities,M1155,C85539,43636.97,0.519,velocity,Low,Cleared,1,0,Done
ALT0003174,TXN00041438,2025-08-06 04:07:01,Wallet,Delhi,Fashion,M1481,C84203,20072.29,0.538,new_payee,Low,Open,0,0,Queue
ALT0003175,TXN00006120,2025-08-06 04:09:04,UPI,Chennai,Electronics,M1299,C63417,6307.32,0.671,new_payee,Medium,Investigating,0,0,Queue
ALT0003176,TXN00002275,2025-08-06 04:09:41,UPI,Lucknow,Travel,M1410,C67236,3442.47,0.495,velocity,Low,Cleared,1,0,Done
ALT0003177,TXN00031671,2025-08-06 04:13:44,UPI,Indore,Electronics,M1517,C28489,5360.46,0.554,new_payee,Medium,Escalated,0,0,Queue
ALT0003178,TXN00044827,2025-08-06 04:15:01,Card,Bengaluru,Grocery,M1512,C76520,4367.01,0.544,device,Low,Investigating,0,0,Queue
ALT0003179,TXN00042748,2025-08-06 04:16:57,Card,Pune,Grocery,M1565,C39723,4907.82,0.59,velocity,Medium,Blocked,1,1,Done
ALT0003180,TXN00046141,2025-08-06 04:17:45,UPI,Kochi,Grocery,M1499,C36658,29388.31,0.623,amount_spike,Medium,Cleared,1,0,Done
ALT0003181,TXN00035374,2025-08-06 04:23:15,UPI,Ahmedabad,Electronics,M1479,C80799,1832.86,0.568,night_burst,Medium,Cleared,1,0,Done
ALT0003182,TXN00026078,2025-08-06 04:27:35,Card,Surat,Food Delivery,M1729,C10677,15843.1,0.502,velocity,Low,Open,0,0,Queue
ALT0003183,TXN00024029,2025-08-06 04:31:05,Wallet,Chandigarh,Fashion,M1236,C80590,780.67,0.608,new_payee,Medium,Blocked,0,1,Done
ALT0003184,TXN00031059,2025-08-06 04:34:17,UPI,Lucknow,Grocery,M1577,C36793,1868.54,0.688,device,High,Escalated,0,0,Queue
ALT0003185,TXN00031979,2025-08-06 04:34:35,Card,Kochi,Travel,M1103,C29858,23160.97,0.482,amount_spike,Low,Investigating,0,0,Queue
ALT0003186,TXN00017856,2025-08-06 04:36:27,Wallet,Lucknow,Fashion,M1287,C30096,302.99,0.592,velocity,Medium,Cleared,1,0,Done
ALT0003187,TXN00045739,2025-08-06 04:45:09,UPI,Indore,Food Delivery,M1634,C81785,44987.34,0.611,new_payee,Medium,Cleared,1,0,Done
ALT0003188,TXN00010797,2025-08-06 04:56:58,Card,Bengaluru,Food Delivery,M1413,C72496,82561.61,0.609,new_payee,Medium,Blocked,1,1,Done
ALT0003189,TXN00038553,2025-08-06 06:59:06,UPI,Kolkata,Travel,M1429,C57101,37144.5,0.541,amount_spike,Low,Cleared,1,0,Done
ALT0003190,TXN00042572,2025-08-06 07:00:06,UPI,Surat,Utilities,M1806,C22754,43498.08,0.821,velocity,Critical,Blocked,0,1,Done
ALT0003191,TXN00002402,2025-08-06 07:00:23,Card,Mumbai,Education,M1633,C26784,13711.68,0.59,velocity,Medium,Escalated,0,0,Queue
ALT0003192,TXN00044489,2025-08-06 08:06:20,Wallet,Kolkata,Fuel,M1764,C14453,1011.92,0.64,device,Medium,Blocked,1,1,Done
ALT0003193,TXN00013521,2025-08-06 08:09:36,Card,Lucknow,Utilities,M1687,C56840,148992.13,0.547,velocity,Low,Cleared,1,0,Done
ALT0003194,TXN00009144,2025-08-06 08:20:40,UPI,Pune,Food Delivery,M1625,C47777,601.95,0.646,new_payee,Medium,Investigating,0,0,Queue
ALT0003195,TXN00018016,2025-08-06 08:25:05,UPI,Nagpur,Fashion,M1020,C45900,4362.67,0.501,velocity,Low,Open,0,0,Queue
ALT0003196,TXN00021068,2025-08-06 08:49:52,Card,Bengaluru,Utilities,M1365,C46698,4263.37,0.588,velocity,Medium,Cleared,1,0,Done
ALT0003197,TXN00000774,2025-08-06 09:20:27,Card,Lucknow,Food Delivery,M1190,C42710,4839.68,0.638,device,Medium,Open,0,0,Queue
ALT0003198,TXN00031474,2025-08-06 10:55:46,UPI,Delhi,Fuel,M1498,C52987,6152.4,0.57,velocity,Medium,Blocked,1,1,Done
ALT0003199,TXN00046378,2025-08-06 11:31:13,UPI,Jaipur,Fashion,M1095,C50866,1567.13,0.602,velocity,Medium,Investigating,0,0,Queue
ALT0003200,TXN00020190,2025-08-06 11:55:43,UPI,Kochi,Education,M1424,C65872,474.2,0.616,new_payee,Medium,Investigating,0,0,Queue
ALT0003201,TXN00006010,2025-08-06 13:16:45,UPI,Kolkata,Food Delivery,M1475,C39040,2275.76,0.482,velocity,Low,Investigating,0,0,Queue
ALT0003202,TXN00033639,2025-08-06 13:23:36,Card,Jaipur,Electronics,M1389,C57904,25440.36,0.529,new_payee,Low,Investigating,0,0,Queue
ALT0003203,TXN00025659,2025-08-06 13:38:36,UPI,Chennai,Fashion,M1010,C62140,1300.85,0.605,velocity,Medium,Cleared,1,0,Done
ALT0003204,TXN00016076,2025-08-06 14:18:14,UPI,Mumbai,Fashion,M1547,C68668,17426.36,0.54,velocity,Low,Open,0,0,Queue
ALT0003205,TXN00019761,2025-08-06 14:55:14,UPI,Bengaluru,Electronics,M1463,C67799,12451.76,0.539,geo_mismatch,Low,Cleared,1,0,Done
ALT0003206,TXN00018555,2025-08-06 15:29:08,UPI,Bengaluru,Food Delivery,M1647,C15179,3149.26,0.684,geo_mismatch,High,Open,0,0,Queue
ALT0003207,TXN00024008,2025-08-06 16:03:17,UPI,Indore,Fashion,M1520,C57468,153345.53,0.519,velocity,Low,Cleared,1,0,Done
ALT0003208,TXN00020961,2025-08-06 16:45:18,Wallet,Ahmedabad,Grocery,M1376,C42588,16843.12,0.568,geo_mismatch,Medium,Cleared,1,0,Done
ALT0003209,TXN00016915,2025-08-06 17:08:15,UPI,Mumbai,Grocery,M1326,C72940,2028.2,0.58,device,Medium,Blocked,1,1,Done
ALT0003210,TXN00012012,2025-08-06 17:08:46,UPI,Pune,Food Delivery,M1413,C48764,3793.33,0.481,device,Low,Open,0,0,Queue
ALT0003211,TXN00034986,2025-08-06 17:58:23,Wallet,Chandigarh,Electronics,M1018,C27372,428.43,0.746,velocity,High,Blocked,0,1,Done
ALT0003212,TXN00021340,2025-08-06 18:08:33,Card,Bengaluru,Fuel,M1757,C33515,43520.52,0.55,velocity,Low,Open,0,0,Queue
ALT0003213,TXN00009171,2025-08-06 18:12:18,Wallet,Chandigarh,Healthcare,M1667,C28685,285.15,0.502,device,Low,Cleared,1,0,Done
ALT0003214,TXN00030384,2025-08-06 18:15:31,UPI,Chandigarh,Electronics,M1622,C31308,1144.83,0.56,geo_mismatch,Medium,Escalated,0,0,Queue
ALT0003215,TXN00001766,2025-08-06 18:38:11,Card,Chennai,Healthcare,M1179,C54283,2137.61,0.546,device,Low,Blocked,1,1,Done
ALT0003216,TXN00001446,2025-08-06 20:03:36,Wallet,Chandigarh,Travel,M1816,C76312,2821.01,0.655,velocity,Medium,Cleared,1,0,Done
ALT0003217,TXN00038196,2025-08-06 20:45:07,UPI,Chennai,Fuel,M1230,C57389,1065.04,0.494,device,Low,Cleared,1,0,Done
ALT0003218,TXN00005455,2025-08-06 21:01:14,UPI,Chennai,Healthcare,M1761,C88525,7282.47,0.651,device,Medium,Investigating,0,0,Queue
ALT0003219,TXN00033556,2025-08-06 21:33:55,UPI,Jaipur,Fashion,M1204,C18210,5175.27,0.645,device,Medium,Cleared,1,0,Done
ALT0003220,TXN00027913,2025-08-06 21:46:04,UPI,Ahmedabad,Grocery,M1804,C41832,1984.97,0.49,velocity,Low,Investigating,0,0,Queue
ALT0003221,TXN00021064,2025-08-06 22:21:06,UPI,Hyderabad,Fashion,M1641,C46987,1157.32,0.573,device,Medium,Cleared,1,0,Done
ALT0003222,TXN00031545,2025-08-06 22:55:26,Card,Bengaluru,Fashion,M1758,C43183,7986.76,0.593,new_payee,Medium,Cleared,1,0,Done
ALT0003223,TXN00022348,2025-08-06 23:02:01,Card,Bengaluru,Education,M1762,C87381,25284.93,1.0,night_burst,Critical,Blocked,0,1,Done
ALT0003224,TXN00011171,2025-08-06 23:06:04,UPI,Chandigarh,Electronics,M1200,C62780,508.03,0.631,device,Medium,Blocked,0,1,Done
ALT0003225,TXN00024462,2025-08-06 23:07:44,Card,Hyderabad,Fuel,M1528,C20966,3026.25,0.586,new_payee,Medium,Blocked,0,1,Done
ALT0003226,TXN00034156,2025-08-06 23:08:00,UPI,Jaipur,Food Delivery,M1674,C24527,594.01,0.546,velocity,Low,Cleared,1,0,Done
ALT0003227,TXN00020776,2025-08-06 23:08:33,UPI,Indore,Utilities,M1465,C19113,1125.15,0.497,velocity,Low,Cleared,1,0,Done
ALT0003228,TXN00046983,2025-08-06 23:10:13,UPI,Mumbai,Grocery,M1644,C31407,2915.78,0.511,night_burst,Low,Investigating,0,0,Queue
ALT0003229,TXN00045659,2025-08-06 23:12:10,UPI,Hyderabad,Travel,M1807,C23295,1035.57,0.622,velocity,Medium,Investigating,0,0,Queue
ALT0003230,TXN00034953,2025-08-06 23:28:01,UPI,Bengaluru,Gaming,M1419,C84554,15368.15,0.595,velocity,Medium,Cleared,1,0,Done
ALT0003231,TXN00036529,2025-08-06 23:29:18,Card,Delhi,Food Delivery,M1078,C24478,3109.17,0.579,velocity,Medium,Blocked,1,1,Done
ALT0003232,TXN00044854,2025-08-06 23:38:11,UPI,Nagpur,Healthcare,M1868,C25141,23351.5,0.525,new_payee,Low,Cleared,1,0,Done
ALT0003233,TXN00046713,2025-08-06 23:38:50,Card,Indore,Electronics,M1066,C75102,6252.92,0.732,velocity,High,Blocked,0,1,Done
ALT0003234,TXN00045481,2025-08-06 23:41:55,UPI,Chennai,Grocery,M1208,C22403,1046.45,0.482,device,Low,Blocked,0,1,Done
ALT0003235,TXN00031559,2025-08-06 23:45:27,Wallet,Kolkata,Grocery,M1139,C84743,233.25,0.522,night_burst,Low,Investigating,0,0,Queue
ALT0003236,TXN00023529,2025-08-06 23:48:30,UPI,Jaipur,Fuel,M1772,C10469,8265.61,0.491,night_burst,Low,Open,0,0,Queue
ALT0003237,TXN00029560,2025-08-06 23:52:34,Card,Surat,Grocery,M1395,C43421,1954.4,0.606,night_burst,Medium,Blocked,0,1,Done
ALT0003238,TXN00015471,2025-08-06 23:53:18,UPI,Mumbai,Grocery,M1331,C63114,3257.52,0.593,velocity,Medium,Investigating,0,0,Queue
ALT0003239,TXN00040752,2025-08-06 23:54:01,UPI,Bengaluru,Grocery,M1888,C31955,683.3,0.586,night_burst,Medium,Investigating,0,0,Queue
ALT0003240,TXN00033322,2025-08-06 23:57:46,UPI,Hyderabad,Travel,M1521,C66608,660.73,0.642,velocity,Medium,Cleared,1,0,Done
ALT0003241,TXN00023253,2025-08-07 00:05:19,Wallet,Chandigarh,Grocery,M1710,C73156,569.75,0.52,velocity,Low,Cleared,1,0,Done
ALT0003242,TXN00001769,2025-08-07 00:13:37,UPI,Chandigarh,Grocery,M1140,C52895,106070.56,0.481,amount_spike,Low,Open,0,0,Queue
ALT0003243,TXN00014404,2025-08-07 00:17:26,Card,Delhi,Fashion,M1241,C22124,5908.67,0.571,night_burst,Medium,Cleared,1,0,Done
ALT0003244,TXN00030231,2025-08-07 00:18:03,UPI,Mumbai,Fuel,M1767,C84639,5225.86,0.547,velocity,Low,Open,0,0,Queue
ALT0003245,TXN00021455,2025-08-07 00:21:58,Card,Lucknow,Gaming,M1784,C36290,19156.51,0.553,night_burst,Medium,Investigating,0,0,Queue
ALT0003246,TXN00019538,2025-08-07 00:22:38,UPI,Ahmedabad,Grocery,M1372,C84820,11446.15,0.531,night_burst,Low,Open,0,0,Queue
ALT0003247,TXN00018340,2025-08-07 00:22:46,UPI,Kochi,Food Delivery,M1816,C50667,22022.28,0.573,night_burst,Medium,Cleared,1,0,Done
ALT0003248,TXN00005106,2025-08-07 00:23:10,UPI,Jaipur,Electronics,M1527,C66983,10424.75,0.577,velocity,Medium,Cleared,1,0,Done
ALT0003249,TXN00041894,2025-08-07 00:30:18,Card,Mumbai,Fashion,M1059,C36126,57923.18,0.604,amount_spike,Medium,Investigating,0,0,Queue
ALT0003250,TXN00022601,2025-08-07 00:33:19,Wallet,Surat,Healthcare,M1001,C77589,530.43,0.561,velocity,Medium,Cleared,1,0,Done
ALT0003251,TXN00006458,2025-08-07 00:48:15,UPI,Ahmedabad,Gaming,M1087,C48371,318934.32,0.494,amount_spike,Low,Cleared,1,0,Done
ALT0003252,TXN00005182,2025-08-07 00:50:11,Card,Delhi,Fashion,M1523,C15777,61110.16,0.544,geo_mismatch,Low,Investigating,0,0,Queue
ALT0003253,TXN00004985,2025-08-07 00:53:53,Wallet,Kochi,Gaming,M1801,C64493,918.37,0.617,night_burst,Medium,Blocked,1,1,Done
ALT0003254,TXN00035074,2025-08-07 00:56:17,UPI,Lucknow,Utilities,M1874,C44193,1155.38,0.577,night_burst,Medium,Escalated,0,0,Queue
ALT0003255,TXN00038146,2025-08-07 01:01:45,Card,Nagpur,Fuel,M1823,C27667,12459.57,0.582,new_payee,Medium,Blocked,1,1,Done
ALT0003256,TXN00027770,2025-08-07 01:09:19,Card,Pune,Fashion,M1514,C41904,8294.3,0.52,night_burst,Low,Open,0,0,Queue
ALT0003257,TXN00042686,2025-08-07 01:15:00,Wallet,Indore,Fashion,M1578,C82915,1091.16,0.644,geo_mismatch,Medium,Cleared,1,0,Done
ALT0003258,TXN00012663,2025-08-07 01:15:14,Card,Ahmedabad,Fashion,M1639,C24249,10679.6,0.571,velocity,Medium,Open,0,0,Queue
ALT0003259,TXN00022299,2025-08-07 01:15:49,UPI,Nagpur,Healthcare,M1570,C38925,5393.99,0.482,night_burst,Low,Cleared,1,0,Done
ALT0003260,TXN00036153,2025-08-07 01:15:59,UPI,Chennai,Electronics,M1237,C61074,35003.64,0.573,new_payee,Medium,Cleared,1,0,Done
ALT0003261,TXN00009649,2025-08-07 01:18:18,Card,Nagpur,Grocery,M1186,C26349,2736.69,0.672,device,Medium,Investigating,0,0,Queue
ALT0003262,TXN00026776,2025-08-07 01:22:55,UPI,Indore,Healthcare,M1502,C16079,7879.45,0.501,velocity,Low,Blocked,0,1,Done
ALT0003263,TXN00011934,2025-08-07 01:24:24,Card,Pune,Food Delivery,M1310,C42575,15218.73,0.55,velocity,Low,Blocked,1,1,Done
ALT0003264,TXN00047414,2025-08-07 01:27:47,Card,Hyderabad,Food Delivery,M1679,C74549,12805.46,0.616,velocity,Medium,Blocked,0,1,Done
ALT0003265,TXN00041468,2025-08-07 01:29:21,UPI,Chandigarh,Gaming,M1067,C46522,32473.63,0.584,amount_spike,Medium,Open,0,0,Queue
ALT0003266,TXN00009721,2025-08-07 01:31:29,Wallet,Indore,Grocery,M1543,C47795,11267.9,0.592,device,Medium,Open,0,0,Queue
ALT0003267,TXN00007741,2025-08-07 01:31:47,UPI,Mumbai,Healthcare,M1618,C43433,1333.78,0.533,velocity,Low,Open,0,0,Queue
ALT0003268,TXN00021473,2025-08-07 01:41:25,UPI,Surat,Utilities,M1298,C33991,662.0,0.656,night_burst,Medium,Blocked,0,1,Done
ALT0003269,TXN00040317,2025-08-07 01:43:49,Wallet,Chennai,Fuel,M1274,C40931,9244.11,0.696,device,High,Open,0,0,Queue
ALT0003270,TXN00034767,2025-08-07 01:47:33,Wallet,Kochi,Grocery,M1678,C54656,17974.62,0.493,amount_spike,Low,Cleared,1,0,Done
ALT0003271,TXN00026041,2025-08-07 01:53:56,UPI,Delhi,Grocery,M1314,C44054,585.12,0.487,velocity,Low,Blocked,1,1,Done
ALT0003272,TXN00030965,2025-08-07 02:02:07,UPI,Hyderabad,Fuel,M1336,C73042,7457.97,0.597,velocity,Medium,Open,0,0,Queue
ALT0003273,TXN00021790,2025-08-07 02:02:56,Card,Kolkata,Utilities,M1463,C62880,1006.79,0.485,velocity,Low,Cleared,1,0,Done
ALT0003274,TXN00013064,2025-08-07 02:10:15,UPI,Lucknow,Utilities,M1122,C66657,5393.72,0.586,velocity,Medium,Investigating,0,0,Queue
ALT0003275,TXN00032226,2025-08-07 02:11:54,Card,Chandigarh,Gaming,M1570,C27429,2213.86,0.594,night_burst,Medium,Blocked,0,1,Done
ALT0003276,TXN00036402,2025-08-07 02:14:34,UPI,Chennai,Fashion,M1156,C39107,644.5,0.517,new_payee,Low,Open,0,0,Queue
ALT0003277,TXN00006998,2025-08-07 02:17:05,Card,Jaipur,Fashion,M1279,C29186,5626.98,0.801,velocity,High,Open,0,0,Queue
ALT0003278,TXN00029394,2025-08-07 02:20:26,UPI,Hyderabad,Food Delivery,M1559,C61955,1243.46,0.483,velocity,Low,Cleared,1,0,Done
ALT0003279,TXN00029013,2025-08-07 02:32:07,Card,Bengaluru,Gaming,M1202,C61221,2711.26,0.7,velocity,High,Escalated,0,0,Queue
ALT0003280,TXN00009191,2025-08-07 02:43:28,UPI,Mumbai,Education,M1641,C43153,11639.02,0.574,new_payee,Medium,Cleared,1,0,Done
ALT0003281,TXN00026943,2025-08-07 02:44:50,Card,Pune,Healthcare,M1771,C82301,110278.86,0.781,velocity,High,Blocked,0,1,Done
ALT0003282,TXN00019279,2025-08-07 02:51:23,UPI,Bengaluru,Fashion,M1224,C87048,6691.1,0.485,velocity,Low,Open,0,0,Queue
ALT0003283,TXN00028220,2025-08-07 02:51:57,Wallet,Kolkata,Healthcare,M1721,C14124,644.31,0.48,velocity,Low,Cleared,1,0,Done
ALT0003284,TXN00031017,2025-08-07 02:52:45,UPI,Mumbai,Healthcare,M1885,C33334,3987.98,0.578,velocity,Medium,Open,0,0,Queue
ALT0003285,TXN00024035,2025-08-07 03:03:39,Card,Pune,Education,M1564,C88927,113164.35,0.546,amount_spike,Low,Cleared,1,0,Done
ALT0003286,TXN00043042,2025-08-07 03:04:03,Card,Chennai,Utilities,M1500,C53720,6407.03,0.757,night_burst,High,Investigating,0,0,Queue
ALT0003287,TXN00016776,2025-08-07 03:05:27,Card,Kochi,Utilities,M1104,C13621,20028.1,0.586,amount_spike,Medium,Blocked,0,1,Done
ALT0003288,TXN00003966,2025-08-07 03:08:20,UPI,Chennai,Food Delivery,M1116,C25522,1430.8,0.652,device,Medium,Escalated,0,0,Queue
ALT0003289,TXN00044222,2025-08-07 03:22:02,UPI,Indore,Fashion,M1488,C32461,1330.17,0.485,velocity,Low,Open,0,0,Queue
ALT0003290,TXN00025916,2025-08-07 03:29:29,UPI,Chennai,Food Delivery,M1574,C48224,8429.53,0.531,velocity,Low,Cleared,1,0,Done
ALT0003291,TXN00006116,2025-08-07 03:29:30,Card,Bengaluru,Grocery,M1378,C82821,2259.84,0.559,new_payee,Medium,Open,0,0,Queue
ALT0003292,TXN00015000,2025-08-07 03:32:08,UPI,Kolkata,Electronics,M1171,C50771,3142.07,0.623,device,Medium,Blocked,0,1,Done
ALT0003293,TXN00042525,2025-08-07 03:36:30,UPI,Indore,Fashion,M1133,C10784,1516.89,0.601,device,Medium,Blocked,0,1,Done
ALT0003294,TXN00021945,2025-08-07 03:40:49,UPI,Kolkata,Fashion,M1416,C33348,4791.85,0.628,device,Medium,Blocked,0,1,Done
ALT0003295,TXN00013231,2025-08-07 03:41:01,Card,Ahmedabad,Fuel,M1738,C20433,4335.77,0.589,velocity,Medium,Investigating,0,0,Queue
ALT0003296,TXN00015702,2025-08-07 03:47:47,Card,Pune,Food Delivery,M1446,C59408,3701.62,0.633,night_burst,Medium,Cleared,1,0,Done
ALT0003297,TXN00025112,2025-08-07 03:52:44,Wallet,Jaipur,Travel,M1353,C27753,4259.74,0.597,velocity,Medium,Blocked,0,1,Done
ALT0003298,TXN00040388,2025-08-07 03:54:00,UPI,Delhi,Grocery,M1808,C88871,3930.7,0.561,night_burst,Medium,Cleared,1,0,Done
ALT0003299,TXN00021224,2025-08-07 03:55:13,Wallet,Kolkata,Grocery,M1681,C17082,11111.73,0.576,velocity,Medium,Investigating,0,0,Queue
ALT0003300,TXN00023292,2025-08-07 03:55:35,UPI,Mumbai,Grocery,M1730,C23636,3249.46,0.568,velocity,Medium,Blocked,0,1,Done
ALT0003301,TXN00021845,2025-08-07 03:56:46,Card,Hyderabad,Gaming,M1718,C54684,3293.02,0.623,device,Medium,Blocked,1,1,Done
ALT0003302,TXN00035217,2025-08-07 04:00:03,Card,Bengaluru,Grocery,M1353,C74559,48791.01,0.528,new_payee,Low,Cleared,1,0,Done
ALT0003303,TXN00008418,2025-08-07 04:01:28,Card,Indore,Electronics,M1050,C55821,529.72,0.602,new_payee,Medium,Cleared,1,0,Done
ALT0003304,TXN00043625,2025-08-07 04:06:51,UPI,Nagpur,Food Delivery,M1564,C70891,357.01,0.49,velocity,Low,Cleared,1,0,Done
ALT0003305,TXN00008314,2025-08-07 04:07:41,Card,Indore,Grocery,M1427,C54551,3498.4,0.48,velocity,Low,Cleared,1,0,Done
ALT0003306,TXN00030523,2025-08-07 04:15:51,UPI,Hyderabad,Healthcare,M1063,C23453,12689.51,0.603,new_payee,Medium,Investigating,0,0,Queue
ALT0003307,TXN00037554,2025-08-07 04:17:08,Card,Bengaluru,Fashion,M1356,C40147,18352.86,0.587,night_burst,Medium,Blocked,1,1,Done
ALT0003308,TXN00022634,2025-08-07 04:22:31,UPI,Bengaluru,Fuel,M1446,C23378,4276.84,0.675,night_burst,Medium,Blocked,1,1,Done
ALT0003309,TXN00044264,2025-08-07 04:24:14,Wallet,Chandigarh,Electronics,M1563,C68164,12271.99,0.606,night_burst,Medium,Cleared,1,0,Done
ALT0003310,TXN00037686,2025-08-07 04:33:09,Card,Delhi,Electronics,M1567,C46806,30455.0,0.583,new_payee,Medium,Open,0,0,Queue
ALT0003311,TXN00021407,2025-08-07 04:35:03,UPI,Mumbai,Utilities,M1190,C20386,11198.82,0.56,velocity,Medium,Cleared,1,0,Done
ALT0003312,TXN00016745,2025-08-07 04:35:04,Card,Chennai,Grocery,M1862,C44931,6550.89,0.542,velocity,Low,Open,0,0,Queue
ALT0003313,TXN00003843,2025-08-07 04:37:38,UPI,Jaipur,Gaming,M1471,C42360,1843.89,0.617,new_payee,Medium,Investigating,0,0,Queue
ALT0003314,TXN00031606,2025-08-07 04:41:41,UPI,Kolkata,Travel,M1119,C30351,1658.23,0.614,velocity,Medium,Open,0,0,Queue
ALT0003315,TXN00042919,2025-08-07 04:41:47,UPI,Delhi,Healthcare,M1775,C25966,3867.92,0.606,velocity,Medium,Investigating,0,0,Queue
ALT0003316,TXN00014113,2025-08-07 04:42:29,Card,Chennai,Electronics,M1581,C37075,3988.53,0.54,new_payee,Low,Open,0,0,Queue
ALT0003317,TXN00026016,2025-08-07 04:46:57,UPI,Ahmedabad,Grocery,M1565,C19713,12544.97,0.59,night_burst,Medium,Cleared,1,0,Done
ALT0003318,TXN00025085,2025-08-07 04:50:02,UPI,Chennai,Utilities,M1051,C13033,862.07,0.555,velocity,Medium,Cleared,1,0,Done
ALT0003319,TXN00037121,2025-08-07 04:55:57,UPI,Jaipur,Utilities,M1388,C72335,9895.47,0.533,night_burst,Low,Open,0,0,Queue
ALT0003320,TXN00007189,2025-08-07 04:58:30,UPI,Jaipur,Travel,M1736,C23863,3031.25,0.614,new_payee,Medium,Investigating,0,0,Queue
ALT0003321,TXN00040720,2025-08-07 04:59:17,Card,Lucknow,Healthcare,M1054,C34961,4007.67,0.608,night_burst,Medium,Cleared,1,0,Done
ALT0003322,TXN00010108,2025-08-07 05:10:40,UPI,Ahmedabad,Food Delivery,M1702,C85150,6727.72,0.841,geo_mismatch,Critical,Blocked,0,1,Done
ALT0003323,TXN00038840,2025-08-07 05:13:11,Card,Kolkata,Food Delivery,M1286,C28000,7967.19,0.504,velocity,Low,Cleared,1,0,Done
ALT0003324,TXN00012204,2025-08-07 05:14:09,UPI,Pune,Food Delivery,M1470,C56568,1722.93,0.603,velocity,Medium,Investigating,0,0,Queue
ALT0003325,TXN00023524,2025-08-07 05:31:15,Card,Jaipur,Utilities,M1431,C59199,16775.25,0.532,device,Low,Open,0,0,Queue
ALT0003326,TXN00038236,2025-08-07 05:36:03,Card,Nagpur,Fuel,M1378,C78645,2086.4,0.614,device,Medium,Open,0,0,Queue
ALT0003327,TXN00015164,2025-08-07 05:51:48,UPI,Pune,Travel,M1096,C21663,2586.74,0.633,geo_mismatch,Medium,Blocked,0,1,Done
ALT0003328,TXN00019223,2025-08-07 06:08:58,UPI,Mumbai,Gaming,M1513,C28029,4836.2,0.643,device,Medium,Cleared,1,0,Done
ALT0003329,TXN00036535,2025-08-07 06:26:28,UPI,Lucknow,Electronics,M1414,C26063,2822.11,0.517,velocity,Low,Open,0,0,Queue
ALT0003330,TXN00017542,2025-08-07 06:27:08,Wallet,Kochi,Education,M1604,C56640,69449.47,0.628,amount_spike,Medium,Cleared,1,0,Done
ALT0003331,TXN00013536,2025-08-07 06:43:29,Card,Indore,Food Delivery,M1254,C31932,23051.96,0.497,new_payee,Low,Cleared,1,0,Done
ALT0003332,TXN00006677,2025-08-07 06:44:44,UPI,Hyderabad,Fuel,M1368,C61488,3921.69,0.564,geo_mismatch,Medium,Cleared,1,0,Done
ALT0003333,TXN00047698,2025-08-07 06:45:35,Wallet,Mumbai,Travel,M1348,C61674,301.23,0.617,new_payee,Medium,Investigating,0,0,Queue
ALT0003334,TXN00015312,2025-08-07 07:14:01,Card,Kolkata,Education,M1063,C56920,4638.96,0.706,geo_mismatch,High,Investigating,0,0,Queue
ALT0003335,TXN00044536,2025-08-07 07:38:35,Wallet,Nagpur,Education,M1725,C86185,1833.63,0.55,velocity,Low,Cleared,1,0,Done
ALT0003336,TXN00035971,2025-08-07 08:08:18,UPI,Surat,Grocery,M1369,C39592,1667.41,0.834,velocity,Critical,Blocked,0,1,Done
ALT0003337,TXN00018557,2025-08-07 08:54:26,Card,Jaipur,Utilities,M1423,C25863,25720.92,0.578,amount_spike,Medium,Blocked,1,1,Done
ALT0003338,TXN00011554,2025-08-07 09:11:43,UPI,Kochi,Grocery,M1077,C40966,10733.74,0.799,device,High,Open,0,0,Queue
ALT0003339,TXN00004222,2025-08-07 09:30:19,UPI,Hyderabad,Fuel,M1644,C84350,7433.45,0.603,velocity,Medium,Investigating,0,0,Queue
ALT0003340,TXN00017060,2025-08-07 10:17:47,UPI,Kochi,Fashion,M1305,C11752,19663.81,0.636,velocity,Medium,Blocked,0,1,Done
ALT0003341,TXN00015152,2025-08-07 10:21:11,Wallet,Indore,Grocery,M1228,C41176,7665.72,0.5,velocity,Low,Investigating,0,0,Queue
ALT0003342,TXN00023244,2025-08-07 10:49:55,UPI,Ahmedabad,Utilities,M1602,C18885,4388.98,0.639,geo_mismatch,Medium,Investigating,0,0,Queue
ALT0003343,TXN00008008,2025-08-07 11:09:03,UPI,Ahmedabad,Grocery,M1031,C76608,2341.09,0.636,geo_mismatch,Medium,Cleared,1,0,Done
ALT0003344,TXN00000763,2025-08-07 11:34:40,UPI,Bengaluru,Electronics,M1627,C60309,7175.1,0.549,velocity,Low,Cleared,1,0,Done
ALT0003345,TXN00012794,2025-08-07 11:56:47,Card,Chennai,Gaming,M1433,C80257,7320.34,0.647,new_payee,Medium,Cleared,1,0,Done
ALT0003346,TXN00037977,2025-08-07 12:01:19,UPI,Kochi,Grocery,M1653,C26822,6098.33,0.518,velocity,Low,Cleared,1,0,Done
ALT0003347,TXN00042533,2025-08-07 12:03:37,UPI,Kochi,Grocery,M1235,C82807,932.94,0.49,velocity,Low,Open,0,0,Queue
ALT0003348,TXN00015280,2025-08-07 12:04:20,Wallet,Bengaluru,Utilities,M1217,C26540,463.1,0.512,velocity,Low,Blocked,1,1,Done
ALT0003349,TXN00041500,2025-08-07 12:23:29,Card,Pune,Electronics,M1239,C87205,4642.52,0.539,geo_mismatch,Low,Open,0,0,Queue
ALT0003350,TXN00033720,2025-08-07 13:00:13,UPI,Indore,Grocery,M1378,C28317,2556.41,0.568,geo_mismatch,Medium,Open,0,0,Queue
ALT0003351,TXN00043343,2025-08-07 13:13:06,UPI,Ahmedabad,Fashion,M1592,C29126,4165.25,0.549,velocity,Low,Cleared,1,0,Done
ALT0003352,TXN00014790,2025-08-07 13:18:03,Card,Chandigarh,Fashion,M1377,C15363,7000.7,0.534,velocity,Low,Investigating,0,0,Queue
ALT0003353,TXN00042591,2025-08-07 13:25:54,Card,Surat,Education,M1466,C53829,5909.43,0.595,device,Medium,Cleared,1,0,Done
ALT0003354,TXN00024037,2025-08-07 14:23:51,Card,Kolkata,Grocery,M1160,C28549,6066.94,0.554,velocity,Medium,Investigating,0,0,Queue
ALT0003355,TXN00044982,2025-08-07 15:16:57,Card,Bengaluru,Travel,M1440,C56070,52459.43,0.578,new_payee,Medium,Cleared,1,0,Done
ALT0003356,TXN00004725,2025-08-07 15:45:00,UPI,Ahmedabad,Fuel,M1528,C49374,2868.42,0.53,device,Low,Investigating,0,0,Queue
ALT0003357,TXN00047050,2025-08-07 16:00:09,UPI,Chandigarh,Education,M1282,C13624,1039.67,0.48,velocity,Low,Cleared,1,0,Done
ALT0003358,TXN00032972,2025-08-07 16:02:22,UPI,Pune,Grocery,M1232,C61535,2115.57,0.603,velocity,Medium,Escalated,0,0,Queue
ALT0003359,TXN00013025,2025-08-07 17:55:35,Card,Delhi,Education,M1084,C18506,14811.55,0.658,device,Medium,Cleared,1,0,Done
ALT0003360,TXN00038169,2025-08-07 18:07:28,UPI,Bengaluru,Electronics,M1333,C59861,1515.65,0.49,device,Low,Cleared,1,0,Done
ALT0003361,TXN00033024,2025-08-07 19:14:11,UPI,Nagpur,Fashion,M1616,C23989,20236.06,0.624,device,Medium,Cleared,1,0,Done
ALT0003362,TXN00040885,2025-08-07 19:18:59,Card,Bengaluru,Gaming,M1870,C39947,72953.21,0.549,amount_spike,Low,Blocked,0,1,Done
ALT0003363,TXN00043065,2025-08-07 19:44:09,Card,Chennai,Electronics,M1584,C48509,28989.87,0.639,new_payee,Medium,Cleared,1,0,Done
ALT0003364,TXN00007068,2025-08-07 20:38:10,Card,Delhi,Electronics,M1739,C18106,26040.44,0.601,velocity,Medium,Cleared,1,0,Done
ALT0003365,TXN00044414,2025-08-07 20:45:08,Card,Chennai,Grocery,M1822,C64777,14997.93,0.483,device,Low,Investigating,0,0,Queue
ALT0003366,TXN00045372,2025-08-07 20:49:12,Wallet,Chandigarh,Food Delivery,M1312,C78631,120250.08,0.614,amount_spike,Medium,Escalated,0,0,Queue
ALT0003367,TXN00018167,2025-08-07 21:07:54,Card,Surat,Fuel,M1057,C88452,25311.91,0.593,new_payee,Medium,Open,0,0,Queue
ALT0003368,TXN00026949,2025-08-07 21:49:49,Card,Surat,Grocery,M1178,C23748,121977.77,0.573,new_payee,Medium,Cleared,1,0,Done
ALT0003369,TXN00041715,2025-08-07 22:42:24,Wallet,Kochi,Fashion,M1027,C59175,1458.78,0.48,device,Low,Cleared,1,0,Done
ALT0003370,TXN00043084,2025-08-07 22:49:59,Card,Pune,Utilities,M1594,C69304,8435.24,0.617,velocity,Medium,Investigating,0,0,Queue
ALT0003371,TXN00034887,2025-08-07 23:02:07,Card,Ahmedabad,Fuel,M1089,C78957,5782.74,0.562,night_burst,Medium,Cleared,1,0,Done
ALT0003372,TXN00040157,2025-08-07 23:07:44,Wallet,Jaipur,Healthcare,M1865,C83970,22783.59,0.48,amount_spike,Low,Cleared,1,0,Done
ALT0003373,TXN00028662,2025-08-07 23:07:59,UPI,Chandigarh,Grocery,M1249,C50505,15210.48,0.507,new_payee,Low,Cleared,1,0,Done
ALT0003374,TXN00013491,2025-08-07 23:11:42,UPI,Kolkata,Fashion,M1216,C64941,6494.73,0.608,device,Medium,Blocked,0,1,Done
ALT0003375,TXN00016955,2025-08-07 23:13:18,UPI,Mumbai,Electronics,M1651,C14637,12574.35,0.578,new_payee,Medium,Blocked,1,1,Done
ALT0003376,TXN00025419,2025-08-07 23:15:16,UPI,Jaipur,Electronics,M1231,C31736,19386.95,0.528,velocity,Low,Cleared,1,0,Done
ALT0003377,TXN00008326,2025-08-07 23:15:57,UPI,Mumbai,Electronics,M1444,C51173,8443.52,0.585,geo_mismatch,Medium,Cleared,1,0,Done
ALT0003378,TXN00033719,2025-08-07 23:24:23,UPI,Kolkata,Fuel,M1592,C25068,1578.97,0.617,night_burst,Medium,Blocked,1,1,Done
ALT0003379,TXN00002372,2025-08-07 23:28:04,UPI,Hyderabad,Fuel,M1676,C54826,322.31,0.613,night_burst,Medium,Blocked,1,1,Done
ALT0003380,TXN00004549,2025-08-07 23:29:57,Wallet,Chennai,Fuel,M1242,C60094,519.54,0.598,new_payee,Medium,Open,0,0,Queue
ALT0003381,TXN00009676,2025-08-07 23:33:50,Card,Chennai,Fashion,M1387,C42946,397.51,0.512,night_burst,Low,Cleared,1,0,Done
ALT0003382,TXN00007274,2025-08-07 23:40:48,Card,Lucknow,Fuel,M1233,C45454,106175.89,0.94,geo_mismatch,Critical,Blocked,0,1,Done
ALT0003383,TXN00022910,2025-08-07 23:51:06,Card,Lucknow,Gaming,M1843,C36791,2731.97,0.558,night_burst,Medium,Investigating,0,0,Queue
ALT0003384,TXN00041953,2025-08-07 23:51:31,UPI,Delhi,Electronics,M1254,C30910,18942.91,0.681,night_burst,High,Blocked,1,1,Done
ALT0003385,TXN00042986,2025-08-07 23:59:08,Wallet,Surat,Fashion,M1157,C39325,40224.94,0.528,amount_spike,Low,Open,0,0,Queue
ALT0003386,TXN00034307,2025-08-07 23:59:20,UPI,Chennai,Fuel,M1808,C70640,2292.15,0.508,night_burst,Low,Blocked,1,1,Done
ALT0003387,TXN00012624,2025-08-08 00:04:27,UPI,Jaipur,Food Delivery,M1466,C25388,9400.38,0.578,night_burst,Medium,Cleared,1,0,Done
ALT0003388,TXN00000393,2025-08-08 00:05:12,UPI,Nagpur,Food Delivery,M1423,C23153,22480.2,0.533,amount_spike,Low,Blocked,1,1,Done
ALT0003389,TXN00025272,2025-08-08 00:06:27,Card,Jaipur,Utilities,M1633,C44925,22274.84,0.635,velocity,Medium,Cleared,1,0,Done
ALT0003390,TXN00033910,2025-08-08 00:08:35,UPI,Chennai,Travel,M1797,C18110,2149.11,0.586,night_burst,Medium,Investigating,0,0,Queue
ALT0003391,TXN00041132,2025-08-08 00:12:48,Card,Ahmedabad,Gaming,M1653,C39785,12084.91,0.641,velocity,Medium,Investigating,0,0,Queue
ALT0003392,TXN00044649,2025-08-08 00:13:42,Wallet,Chandigarh,Food Delivery,M1485,C80895,1982.88,0.631,device,Medium,Open,0,0,Queue
ALT0003393,TXN00035314,2025-08-08 00:15:16,Card,Kochi,Fuel,M1238,C84244,42276.51,0.494,amount_spike,Low,Investigating,0,0,Queue
ALT0003394,TXN00010102,2025-08-08 00:18:00,UPI,Surat,Fuel,M1334,C60667,1655.72,0.529,night_burst,Low,Open,0,0,Queue
ALT0003395,TXN00007769,2025-08-08 00:21:36,UPI,Lucknow,Travel,M1047,C50760,1855.83,0.523,new_payee,Low,Blocked,0,1,Done
ALT0003396,TXN00004425,2025-08-08 00:22:38,UPI,Surat,Gaming,M1850,C21028,5272.53,0.521,velocity,Low,Investigating,0,0,Queue
ALT0003397,TXN00040154,2025-08-08 00:25:42,UPI,Lucknow,Electronics,M1775,C23681,9171.87,0.625,device,Medium,Blocked,0,1,Done
ALT0003398,TXN00044022,2025-08-08 00:29:14,Card,Indore,Gaming,M1101,C87954,188723.6,0.541,night_burst,Low,Investigating,0,0,Queue
ALT0003399,TXN00016086,2025-08-08 00:36:23,Card,Kolkata,Gaming,M1434,C54076,8524.0,0.541,velocity,Low,Open,0,0,Queue
ALT0003400,TXN00033716,2025-08-08 00:46:54,Card,Pune,Education,M1535,C89169,13992.73,0.567,night_burst,Medium,Blocked,0,1,Done
ALT0003401,TXN00030705,2025-08-08 00:51:42,UPI,Nagpur,Electronics,M1561,C78076,6536.85,0.594,night_burst,Medium,Cleared,1,0,Done
ALT0003402,TXN00026156,2025-08-08 00:55:38,UPI,Hyderabad,Healthcare,M1346,C30305,3688.16,0.553,new_payee,Medium,Blocked,1,1,Done
ALT0003403,TXN00023511,2025-08-08 00:58:06,Wallet,Surat,Food Delivery,M1264,C38330,1066.01,0.51,velocity,Low,Open,0,0,Queue
ALT0003404,TXN00045072,2025-08-08 01:01:34,UPI,Surat,Grocery,M1654,C66282,294.73,0.527,night_burst,Low,Cleared,1,0,Done
ALT0003405,TXN00015772,2025-08-08 01:01:48,UPI,Chandigarh,Fuel,M1097,C62401,12554.72,0.492,night_burst,Low,Open,0,0,Queue
ALT0003406,TXN00008282,2025-08-08 01:04:27,UPI,Nagpur,Fashion,M1601,C26536,1046.27,0.706,device,High,Investigating,0,0,Queue
ALT0003407,TXN00032622,2025-08-08 01:08:16,UPI,Chandigarh,Grocery,M1166,C22370,7561.63,0.6,velocity,Medium,Blocked,1,1,Done
ALT0003408,TXN00008448,2025-08-08 01:09:46,Card,Delhi,Education,M1397,C16993,160444.58,0.527,night_burst,Low,Open,0,0,Queue
ALT0003409,TXN00001253,2025-08-08 01:10:22,UPI,Nagpur,Food Delivery,M1603,C54609,7341.24,0.609,velocity,Medium,Cleared,1,0,Done
ALT0003410,TXN00001268,2025-08-08 01:14:15,UPI,Jaipur,Fuel,M1626,C34353,2567.28,0.605,velocity,Medium,Open,0,0,Queue
ALT0003411,TXN00018828,2025-08-08 01:15:18,Card,Kochi,Food Delivery,M1110,C78072,1855.68,0.523,velocity,Low,Blocked,1,1,Done
ALT0003412,TXN00001340,2025-08-08 01:17:47,UPI,Hyderabad,Healthcare,M1704,C47295,7288.22,0.577,velocity,Medium,Open,0,0,Queue
ALT0003413,TXN00000455,2025-08-08 01:20:35,UPI,Mumbai,Travel,M1735,C75496,2440.93,0.529,new_payee,Low,Cleared,1,0,Done
ALT0003414,TXN00007933,2025-08-08 01:20:39,Card,Pune,Grocery,M1647,C56567,5470.12,0.838,device,Critical,Blocked,0,1,Done
ALT0003415,TXN00026107,2025-08-08 01:22:29,UPI,Mumbai,Food Delivery,M1154,C26586,322.2,0.508,night_burst,Low,Cleared,1,0,Done
ALT0003416,TXN00006790,2025-08-08 01:22:39,Card,Mumbai,Healthcare,M1264,C11189,27450.51,0.579,velocity,Medium,Open,0,0,Queue
ALT0003417,TXN00044615,2025-08-08 01:23:14,Wallet,Mumbai,Utilities,M1762,C36929,3688.6,0.508,velocity,Low,Cleared,1,0,Done
ALT0003418,TXN00032100,2025-08-08 01:26:21,Wallet,Jaipur,Food Delivery,M1778,C32271,372.93,0.513,velocity,Low,Open,0,0,Queue
ALT0003419,TXN00035382,2025-08-08 01:36:40,UPI,Jaipur,Utilities,M1891,C10082,1765.62,0.498,new_payee,Low,Blocked,0,1,Done
ALT0003420,TXN00014403,2025-08-08 01:37:23,Wallet,Hyderabad,Grocery,M1179,C81599,2246.21,0.585,device,Medium,Investigating,0,0,Queue
ALT0003421,TXN00037494,2025-08-08 01:38:16,Wallet,Hyderabad,Healthcare,M1586,C56863,4031.39,0.558,new_payee,Medium,Cleared,1,0,Done
ALT0003422,TXN00010042,2025-08-08 01:38:26,UPI,Kochi,Electronics,M1416,C48905,2908.94,0.481,geo_mismatch,Low,Blocked,1,1,Done
ALT0003423,TXN00009362,2025-08-08 01:44:16,Wallet,Surat,Electronics,M1580,C33444,10240.15,0.578,night_burst,Medium,Cleared,1,0,Done
ALT0003424,TXN00023197,2025-08-08 01:49:30,UPI,Kolkata,Healthcare,M1596,C54587,1174.06,0.561,night_burst,Medium,Cleared,1,0,Done
ALT0003425,TXN00008195,2025-08-08 01:55:14,UPI,Indore,Fashion,M1632,C19636,3310.98,0.489,velocity,Low,Cleared,1,0,Done
ALT0003426,TXN00043231,2025-08-08 01:56:15,UPI,Ahmedabad,Utilities,M1252,C48205,2017.72,0.544,night_burst,Low,Investigating,0,0,Queue
ALT0003427,TXN00025631,2025-08-08 01:57:10,UPI,Bengaluru,Utilities,M1094,C69137,18535.47,0.594,amount_spike,Medium,Escalated,0,0,Queue
ALT0003428,TXN00021552,2025-08-08 02:03:27,UPI,Surat,Food Delivery,M1526,C79965,7008.64,0.49,velocity,Low,Investigating,0,0,Queue
ALT0003429,TXN00018441,2025-08-08 02:04:17,UPI,Ahmedabad,Fuel,M1758,C32529,1868.46,0.593,new_payee,Medium,Cleared,1,0,Done
ALT0003430,TXN00044348,2025-08-08 02:05:17,UPI,Nagpur,Electronics,M1592,C14880,1242.13,0.528,night_burst,Low,Blocked,1,1,Done
ALT0003431,TXN00013391,2025-08-08 02:14:05,Card,Kolkata,Travel,M1554,C36004,83054.86,0.73,device,High,Investigating,0,0,Queue
ALT0003432,TXN00029529,2025-08-08 02:30:29,UPI,Chennai,Utilities,M1308,C80410,2988.44,0.592,new_payee,Medium,Investigating,0,0,Queue
ALT0003433,TXN00042516,2025-08-08 02:34:22,Card,Kochi,Travel,M1188,C44450,604.76,0.589,velocity,Medium,Open,0,0,Queue
ALT0003434,TXN00027142,2025-08-08 02:35:10,Card,Lucknow,Food Delivery,M1070,C54755,5390.73,0.551,night_burst,Medium,Investigating,0,0,Queue
ALT0003435,TXN00044255,2025-08-08 02:39:43,Card,Mumbai,Food Delivery,M1411,C32282,27729.92,0.586,velocity,Medium,Investigating,0,0,Queue
ALT0003436,TXN00017482,2025-08-08 02:47:30,UPI,Hyderabad,Grocery,M1142,C28062,44326.7,0.522,velocity,Low,Cleared,1,0,Done
ALT0003437,TXN00007167,2025-08-08 02:54:45,UPI,Jaipur,Utilities,M1345,C37039,9000.46,0.517,device,Low,Cleared,1,0,Done
ALT0003438,TXN00010338,2025-08-08 03:02:23,Card,Bengaluru,Grocery,M1186,C36520,64398.72,0.548,amount_spike,Low,Open,0,0,Queue
ALT0003439,TXN00009928,2025-08-08 03:13:26,UPI,Chandigarh,Travel,M1753,C64003,4248.52,0.628,night_burst,Medium,Investigating,0,0,Queue
ALT0003440,TXN00004475,2025-08-08 03:26:55,Card,Nagpur,Grocery,M1647,C42073,5438.67,0.555,velocity,Medium,Open,0,0,Queue
ALT0003441,TXN00003041,2025-08-08 03:27:25,UPI,Chandigarh,Grocery,M1427,C56637,24207.03,0.616,amount_spike,Medium,Cleared,1,0,Done
ALT0003442,TXN00033814,2025-08-08 03:33:04,Wallet,Indore,Fuel,M1633,C42043,3920.15,0.571,velocity,Medium,Cleared,1,0,Done
ALT0003443,TXN00023575,2025-08-08 03:34:15,UPI,Pune,Healthcare,M1597,C11918,783.34,0.76,device,High,Cleared,0,0,Done
ALT0003444,TXN00018314,2025-08-08 03:34:18,UPI,Indore,Gaming,M1178,C18590,4994.74,0.607,velocity,Medium,Cleared,1,0,Done
ALT0003445,TXN00020591,2025-08-08 03:35:11,UPI,Kochi,Healthcare,M1543,C50359,1617.54,0.599,night_burst,Medium,Blocked,0,1,Done
ALT0003446,TXN00033036,2025-08-08 03:35:37,UPI,Bengaluru,Electronics,M1601,C57968,10587.01,0.683,velocity,High,Blocked,1,1,Done
ALT0003447,TXN00016252,2025-08-08 03:38:28,UPI,Jaipur,Fuel,M1884,C31163,3878.17,0.74,new_payee,High,Blocked,0,1,Done
ALT0003448,TXN00014917,2025-08-08 03:38:42,UPI,Bengaluru,Grocery,M1817,C56422,13827.47,0.582,velocity,Medium,Cleared,1,0,Done
ALT0003449,TXN00045403,2025-08-08 03:43:46,Card,Nagpur,Healthcare,M1500,C29339,244563.78,0.765,velocity,High,Blocked,0,1,Done
ALT0003450,TXN00032976,2025-08-08 03:46:00,UPI,Nagpur,Fashion,M1591,C21118,6650.22,0.487,velocity,Low,Cleared,1,0,Done
ALT0003451,TXN00041785,2025-08-08 03:51:07,UPI,Kolkata,Food Delivery,M1655,C64994,14384.17,0.599,velocity,Medium,Open,0,0,Queue
ALT0003452,TXN00045346,2025-08-08 03:51:52,UPI,Delhi,Grocery,M1117,C88858,656.65,0.543,velocity,Low,Cleared,1,0,Done
ALT0003453,TXN00008629,2025-08-08 03:51:59,Card,Nagpur,Grocery,M1592,C74739,18900.5,0.481,amount_spike,Low,Open,0,0,Queue
ALT0003454,TXN00038921,2025-08-08 03:54:59,UPI,Lucknow,Travel,M1515,C12502,1573.43,0.509,velocity,Low,Investigating,0,0,Queue
ALT0003455,TXN00005514,2025-08-08 03:56:24,Card,Bengaluru,Fuel,M1825,C57641,81601.82,0.784,night_burst,High,Blocked,0,1,Done
ALT0003456,TXN00041442,2025-08-08 04:09:21,Card,Bengaluru,Fuel,M1194,C30599,7488.88,0.763,velocity,High,Investigating,0,0,Queue
ALT0003457,TXN00002738,2025-08-08 04:10:43,UPI,Chennai,Healthcare,M1016,C24006,62928.39,0.498,amount_spike,Low,Blocked,0,1,Done
ALT0003458,TXN00046471,2025-08-08 04:13:39,Card,Jaipur,Fashion,M1831,C30906,2476.26,0.504,night_burst,Low,Blocked,0,1,Done
ALT0003459,TXN00001062,2025-08-08 04:18:59,Card,Chennai,Food Delivery,M1381,C79738,10990.92,0.539,new_payee,Low,Cleared,1,0,Done
ALT0003460,TXN00042266,2025-08-08 04:19:51,UPI,Chandigarh,Healthcare,M1338,C83422,5378.09,0.575,device,Medium,Investigating,0,0,Queue
ALT0003461,TXN00041006,2025-08-08 04:37:44,UPI,Hyderabad,Utilities,M1619,C15514,2000.63,0.595,night_burst,Medium,Escalated,0,0,Queue
ALT0003462,TXN00011384,2025-08-08 04:40:45,UPI,Hyderabad,Grocery,M1105,C53816,1828.2,0.694,velocity,High,Blocked,0,1,Done
ALT0003463,TXN00026374,2025-08-08 04:41:18,UPI,Jaipur,Grocery,M1747,C33817,6422.21,0.513,velocity,Low,Cleared,1,0,Done
ALT0003464,TXN00003193,2025-08-08 04:43:14,Card,Chennai,Grocery,M1210,C71979,30863.2,0.737,device,High,Open,0,0,Queue
ALT0003465,TXN00011954,2025-08-08 04:43:25,UPI,Lucknow,Fuel,M1081,C13730,2123.66,0.491,new_payee,Low,Open,0,0,Queue
ALT0003466,TXN00019111,2025-08-08 04:44:58,Card,Lucknow,Electronics,M1725,C26509,25052.82,0.618,amount_spike,Medium,Investigating,0,0,Queue
ALT0003467,TXN00026973,2025-08-08 04:45:13,Card,Kochi,Electronics,M1261,C88313,12581.67,0.53,velocity,Low,Open,0,0,Queue
ALT0003468,TXN00047828,2025-08-08 04:51:27,Wallet,Surat,Electronics,M1365,C68847,1214.4,0.659,night_burst,Medium,Cleared,1,0,Done
ALT0003469,TXN00025827,2025-08-08 04:59:36,Card,Mumbai,Food Delivery,M1106,C21436,74093.59,0.571,night_burst,Medium,Cleared,1,0,Done
ALT0003470,TXN00034504,2025-08-08 05:34:19,Card,Chennai,Fuel,M1280,C80394,3984.32,0.503,device,Low,Investigating,0,0,Queue
ALT0003471,TXN00008439,2025-08-08 05:58:39,UPI,Chennai,Grocery,M1716,C23574,2290.25,0.576,velocity,Medium,Cleared,1,0,Done
ALT0003472,TXN00010090,2025-08-08 06:01:40,UPI,Ahmedabad,Food Delivery,M1081,C35226,2070.57,0.486,device,Low,Open,0,0,Queue
ALT0003473,TXN00007555,2025-08-08 06:17:38,Card,Ahmedabad,Grocery,M1377,C74814,35307.09,0.619,amount_spike,Medium,Investigating,0,0,Queue
ALT0003474,TXN00008301,2025-08-08 07:02:25,UPI,Surat,Grocery,M1428,C39221,2526.41,0.566,velocity,Medium,Cleared,1,0,Done
ALT0003475,TXN00030349,2025-08-08 07:04:40,UPI,Chennai,Fuel,M1313,C23629,4936.6,0.577,device,Medium,Investigating,0,0,Queue
ALT0003476,TXN00041358,2025-08-08 07:20:24,UPI,Surat,Food Delivery,M1836,C37883,90575.97,0.613,velocity,Medium,Blocked,1,1,Done
ALT0003477,TXN00032652,2025-08-08 07:59:05,Card,Delhi,Fashion,M1352,C45385,25515.09,0.542,velocity,Low,Investigating,0,0,Queue
ALT0003478,TXN00018684,2025-08-08 08:10:00,UPI,Kolkata,Education,M1019,C26777,14520.82,0.524,velocity,Low,Cleared,1,0,Done
ALT0003479,TXN00038185,2025-08-08 08:38:13,Card,Mumbai,Utilities,M1439,C65640,39571.42,0.615,velocity,Medium,Investigating,0,0,Queue
ALT0003480,TXN00003431,2025-08-08 08:41:05,UPI,Pune,Travel,M1219,C80007,451.7,0.551,velocity,Medium,Cleared,1,0,Done
ALT0003481,TXN00043148,2025-08-08 10:41:27,Card,Nagpur,Grocery,M1319,C55706,7564.21,0.5,device,Low,Blocked,1,1,Done
ALT0003482,TXN00002144,2025-08-08 10:56:08,Card,Lucknow,Fuel,M1595,C48240,3674.19,0.614,new_payee,Medium,Blocked,0,1,Done
ALT0003483,TXN00030613,2025-08-08 11:30:19,Card,Pune,Electronics,M1487,C32797,121375.33,0.813,amount_spike,High,Escalated,0,0,Queue
ALT0003484,TXN00009527,2025-08-08 12:02:26,Card,Chandigarh,Travel,M1238,C16674,15785.87,0.546,geo_mismatch,Low,Open,0,0,Queue
ALT0003485,TXN00046119,2025-08-08 13:02:17,Card,Pune,Food Delivery,M1151,C52831,2704.69,0.651,new_payee,Medium,Open,0,0,Queue
ALT0003486,TXN00016006,2025-08-08 13:13:27,Card,Mumbai,Fashion,M1009,C26973,42219.78,0.576,velocity,Medium,Investigating,0,0,Queue
ALT0003487,TXN00004056,2025-08-08 13:15:29,UPI,Bengaluru,Utilities,M1845,C58702,25912.41,0.674,velocity,Medium,Investigating,0,0,Queue
ALT0003488,TXN00018278,2025-08-08 13:20:25,Card,Kolkata,Travel,M1548,C84707,26057.44,0.568,velocity,Medium,Blocked,0,1,Done
ALT0003489,TXN00016553,2025-08-08 13:29:28,Card,Lucknow,Healthcare,M1599,C12462,12717.56,0.603,velocity,Medium,Cleared,1,0,Done
ALT0003490,TXN00000569,2025-08-08 13:39:49,Card,Lucknow,Travel,M1059,C58517,263319.25,0.528,new_payee,Low,Cleared,1,0,Done
ALT0003491,TXN00007251,2025-08-08 13:47:14,Wallet,Kochi,Electronics,M1881,C60301,36812.76,0.537,velocity,Low,Cleared,1,0,Done
ALT0003492,TXN00004528,2025-08-08 13:48:25,UPI,Kolkata,Utilities,M1302,C36412,3443.24,0.617,velocity,Medium,Escalated,0,0,Queue
ALT0003493,TXN00026606,2025-08-08 13:54:02,UPI,Lucknow,Travel,M1571,C21628,3378.95,0.484,new_payee,Low,Open,0,0,Queue
ALT0003494,TXN00040682,2025-08-08 14:22:27,Card,Jaipur,Gaming,M1130,C68265,5981.26,0.655,new_payee,Medium,Investigating,0,0,Queue
ALT0003495,TXN00012145,2025-08-08 14:36:36,UPI,Jaipur,Utilities,M1472,C27269,5023.24,0.684,new_payee,High,Blocked,1,1,Done
ALT0003496,TXN00010460,2025-08-08 14:51:05,UPI,Hyderabad,Gaming,M1501,C63134,2001.38,0.624,new_payee,Medium,Investigating,0,0,Queue
ALT0003497,TXN00046347,2025-08-08 15:06:40,UPI,Ahmedabad,Electronics,M1491,C37444,20751.03,0.531,velocity,Low,Investigating,0,0,Queue
ALT0003498,TXN00031046,2025-08-08 15:42:24,UPI,Jaipur,Food Delivery,M1535,C35773,15948.23,0.525,geo_mismatch,Low,Open,0,0,Queue
ALT0003499,TXN00046792,2025-08-08 15:47:56,Card,Ahmedabad,Grocery,M1177,C25582,2200.09,0.511,geo_mismatch,Low,Cleared,1,0,Done
ALT0003500,TXN00011987,2025-08-08 15:56:59,Card,Chandigarh,Electronics,M1659,C22067,56349.27,0.617,new_payee,Medium,Open,0,0,Queue
ALT0003501,TXN00043053,2025-08-08 16:09:40,UPI,Mumbai,Fuel,M1245,C45776,9458.96,0.553,velocity,Medium,Investigating,0,0,Queue
ALT0003502,TXN00033869,2025-08-08 17:07:47,Card,Mumbai,Fashion,M1312,C39728,986.8,0.728,device,High,Open,0,0,Queue
ALT0003503,TXN00018933,2025-08-08 17:24:25,UPI,Indore,Healthcare,M1186,C76734,25927.01,0.585,new_payee,Medium,Cleared,1,0,Done
ALT0003504,TXN00024413,2025-08-08 17:32:45,UPI,Kochi,Electronics,M1308,C78873,868.04,0.495,device,Low,Blocked,1,1,Done
ALT0003505,TXN00042169,2025-08-08 17:36:24,UPI,Chandigarh,Healthcare,M1715,C78368,3673.43,0.811,device,High,Blocked,0,1,Done
ALT0003506,TXN00047125,2025-08-08 17:45:14,UPI,Indore,Fashion,M1177,C10538,1351.81,0.491,velocity,Low,Investigating,0,0,Queue
ALT0003507,TXN00005036,2025-08-08 18:54:11,Card,Delhi,Travel,M1294,C77897,25200.29,0.684,amount_spike,High,Escalated,0,0,Queue
ALT0003508,TXN00029481,2025-08-08 18:54:44,UPI,Bengaluru,Grocery,M1879,C19962,1350.86,0.613,device,Medium,Blocked,0,1,Done
ALT0003509,TXN00047619,2025-08-08 20:18:58,Card,Kolkata,Healthcare,M1344,C43342,185321.51,0.501,amount_spike,Low,Investigating,0,0,Queue
ALT0003510,TXN00005300,2025-08-08 20:42:59,UPI,Jaipur,Travel,M1367,C17520,103450.69,0.557,geo_mismatch,Medium,Cleared,1,0,Done
ALT0003511,TXN00008212,2025-08-08 20:57:14,UPI,Mumbai,Grocery,M1472,C80522,3060.75,0.631,velocity,Medium,Blocked,1,1,Done
ALT0003512,TXN00037101,2025-08-08 21:08:56,Card,Kolkata,Fuel,M1585,C28392,773.07,0.596,device,Medium,Cleared,1,0,Done
ALT0003513,TXN00032957,2025-08-08 21:42:14,Card,Indore,Education,M1485,C44903,275958.19,0.532,amount_spike,Low,Blocked,1,1,Done
ALT0003514,TXN00012355,2025-08-08 21:45:27,Card,Nagpur,Food Delivery,M1502,C38141,111056.56,0.51,device,Low,Investigating,0,0,Queue
ALT0003515,TXN00011211,2025-08-08 22:14:53,UPI,Surat,Gaming,M1627,C17066,700.78,0.593,device,Medium,Blocked,0,1,Done
ALT0003516,TXN00031229,2025-08-08 22:25:48,Card,Bengaluru,Utilities,M1434,C81312,26525.21,0.538,amount_spike,Low,Cleared,1,0,Done
ALT0003517,TXN00042667,2025-08-08 22:54:26,UPI,Nagpur,Grocery,M1823,C17061,2498.66,0.608,geo_mismatch,Medium,Investigating,0,0,Queue
ALT0003518,TXN00015914,2025-08-08 22:57:07,UPI,Bengaluru,Food Delivery,M1754,C32022,3463.68,0.583,geo_mismatch,Medium,Open,0,0,Queue
ALT0003519,TXN00022709,2025-08-08 23:01:33,UPI,Jaipur,Food Delivery,M1808,C45222,113082.82,0.655,night_burst,Medium,Investigating,0,0,Queue
ALT0003520,TXN00014634,2025-08-08 23:03:24,UPI,Kochi,Fuel,M1279,C81834,341.19,0.509,velocity,Low,Open,0,0,Queue
ALT0003521,TXN00017933,2025-08-08 23:03:39,Card,Nagpur,Gaming,M1378,C35417,8595.83,0.518,velocity,Low,Blocked,0,1,Done
ALT0003522,TXN00034146,2025-08-08 23:07:35,UPI,Indore,Fuel,M1732,C69656,4221.68,0.563,velocity,Medium,Blocked,1,1,Done
ALT0003523,TXN00026672,2025-08-08 23:08:18,Wallet,Mumbai,Fashion,M1484,C70223,4660.94,0.515,new_payee,Low,Cleared,1,0,Done
ALT0003524,TXN00034372,2025-08-08 23:09:15,Card,Bengaluru,Electronics,M1317,C51332,20425.67,0.496,amount_spike,Low,Open,0,0,Queue
ALT0003525,TXN00039943,2025-08-08 23:20:00,UPI,Surat,Healthcare,M1759,C53385,1375.2,0.734,velocity,High,Blocked,0,1,Done
ALT0003526,TXN00001564,2025-08-08 23:20:09,UPI,Ahmedabad,Grocery,M1210,C20493,1372.21,0.505,night_burst,Low,Open,0,0,Queue
ALT0003527,TXN00010162,2025-08-08 23:20:58,UPI,Mumbai,Gaming,M1512,C58430,1884.6,0.557,new_payee,Medium,Open,0,0,Queue
ALT0003528,TXN00007259,2025-08-08 23:27:21,UPI,Chandigarh,Healthcare,M1174,C68476,2535.04,0.492,night_burst,Low,Cleared,1,0,Done
ALT0003529,TXN00009385,2025-08-08 23:32:50,UPI,Jaipur,Grocery,M1664,C27349,1932.22,0.535,velocity,Low,Open,0,0,Queue
ALT0003530,TXN00004279,2025-08-08 23:35:00,UPI,Ahmedabad,Healthcare,M1080,C58618,1515.28,0.819,new_payee,High,Blocked,0,1,Done
ALT0003531,TXN00038119,2025-08-08 23:35:56,UPI,Kolkata,Gaming,M1018,C60534,2117.52,0.526,night_burst,Low,Investigating,0,0,Queue
ALT0003532,TXN00011619,2025-08-08 23:35:59,UPI,Surat,Electronics,M1689,C54333,822.47,0.527,geo_mismatch,Low,Cleared,1,0,Done
ALT0003533,TXN00012282,2025-08-08 23:40:40,UPI,Kolkata,Food Delivery,M1287,C11203,3934.05,0.572,velocity,Medium,Cleared,1,0,Done
ALT0003534,TXN00029525,2025-08-08 23:49:04,Wallet,Ahmedabad,Healthcare,M1559,C30692,9487.47,0.567,velocity,Medium,Blocked,1,1,Done
ALT0003535,TXN00036691,2025-08-08 23:53:00,Card,Chandigarh,Healthcare,M1072,C88741,293077.44,0.669,velocity,Medium,Cleared,1,0,Done
ALT0003536,TXN00043036,2025-08-09 00:00:12,Wallet,Delhi,Fashion,M1450,C77958,3736.91,0.528,velocity,Low,Investigating,0,0,Queue
ALT0003537,TXN00021820,2025-08-09 00:13:55,UPI,Jaipur,Electronics,M1279,C50071,9504.19,0.559,night_burst,Medium,Open,0,0,Queue
ALT0003538,TXN00022942,2025-08-09 00:14:04,Card,Chennai,Fashion,M1816,C73572,18601.09,0.586,velocity,Medium,Investigating,0,0,Queue
ALT0003539,TXN00036905,2025-08-09 00:19:04,Wallet,Pune,Utilities,M1783,C26345,1025.76,0.566,device,Medium,Blocked,1,1,Done
ALT0003540,TXN00046144,2025-08-09 00:20:24,Card,Indore,Grocery,M1256,C69471,47596.94,0.782,geo_mismatch,High,Cleared,0,0,Done
ALT0003541,TXN00032528,2025-08-09 00:24:52,Wallet,Indore,Healthcare,M1605,C58273,4941.43,0.527,night_burst,Low,Investigating,0,0,Queue
ALT0003542,TXN00019702,2025-08-09 00:24:58,UPI,Kolkata,Gaming,M1548,C19803,3928.44,0.599,device,Medium,Investigating,0,0,Queue
ALT0003543,TXN00004054,2025-08-09 00:30:17,Card,Chennai,Fuel,M1689,C32169,49371.99,0.532,night_burst,Low,Cleared,1,0,Done
ALT0003544,TXN00008497,2025-08-09 00:31:20,UPI,Chandigarh,Fashion,M1544,C23207,3103.73,0.798,device,High,Blocked,0,1,Done
ALT0003545,TXN00001034,2025-08-09 00:33:30,UPI,Nagpur,Food Delivery,M1704,C36180,9364.74,0.506,velocity,Low,Open,0,0,Queue
ALT0003546,TXN00040641,2025-08-09 00:36:22,Card,Pune,Electronics,M1786,C59180,20699.57,0.525,amount_spike,Low,Open,0,0,Queue
ALT0003547,TXN00032147,2025-08-09 00:45:36,UPI,Chandigarh,Travel,M1306,C13013,716.13,0.622,night_burst,Medium,Investigating,0,0,Queue
ALT0003548,TXN00002553,2025-08-09 00:55:41,Card,Kolkata,Fuel,M1648,C20454,3454.27,0.541,night_burst,Low,Open,0,0,Queue
ALT0003549,TXN00045139,2025-08-09 01:03:00,UPI,Mumbai,Food Delivery,M1896,C10630,3872.08,0.617,velocity,Medium,Escalated,0,0,Queue
ALT0003550,TXN00046793,2025-08-09 01:03:46,UPI,Delhi,Grocery,M1625,C29589,8759.78,0.553,velocity,Medium,Investigating,0,0,Queue
ALT0003551,TXN00045766,2025-08-09 01:09:46,Card,Nagpur,Travel,M1283,C70509,47318.36,0.484,amount_spike,Low,Cleared,1,0,Done
ALT0003552,TXN00041742,2025-08-09 01:11:28,UPI,Chandigarh,Food Delivery,M1560,C11105,18775.54,0.533,amount_spike,Low,Blocked,0,1,Done
ALT0003553,TXN00040425,2025-08-09 01:14:34,Card,Chandigarh,Travel,M1733,C55020,23933.76,0.576,velocity,Medium,Blocked,1,1,Done
ALT0003554,TXN00000745,2025-08-09 01:15:34,UPI,Hyderabad,Utilities,M1291,C32150,950.84,0.681,velocity,High,Investigating,0,0,Queue
ALT0003555,TXN00006002,2025-08-09 01:33:19,Wallet,Bengaluru,Food Delivery,M1110,C39383,432.87,0.814,velocity,High,Escalated,0,0,Queue
ALT0003556,TXN00023566,2025-08-09 01:36:38,UPI,Nagpur,Grocery,M1746,C56220,1856.01,0.582,new_payee,Medium,Investigating,0,0,Queue
ALT0003557,TXN00038548,2025-08-09 01:39:56,Card,Kolkata,Grocery,M1876,C22451,12758.16,0.516,geo_mismatch,Low,Cleared,1,0,Done
ALT0003558,TXN00033892,2025-08-09 01:40:20,Card,Chennai,Food Delivery,M1844,C69888,4243.91,0.482,velocity,Low,Investigating,0,0,Queue
ALT0003559,TXN00009639,2025-08-09 01:43:17,UPI,Kolkata,Electronics,M1131,C84855,2020.27,0.681,night_burst,High,Investigating,0,0,Queue
ALT0003560,TXN00011852,2025-08-09 01:48:27,Card,Kolkata,Fashion,M1215,C28083,2882.04,0.517,night_burst,Low,Open,0,0,Queue
ALT0003561,TXN00007142,2025-08-09 01:55:20,Card,Pune,Grocery,M1686,C47399,6924.0,0.574,night_burst,Medium,Investigating,0,0,Queue
ALT0003562,TXN00026877,2025-08-09 01:55:29,UPI,Lucknow,Fashion,M1306,C37174,13206.56,0.719,night_burst,High,Blocked,0,1,Done
ALT0003563,TXN00019602,2025-08-09 01:58:49,UPI,Bengaluru,Travel,M1453,C53233,700.53,0.505,device,Low,Cleared,1,0,Done
ALT0003564,TXN00020466,2025-08-09 02:00:17,UPI,Pune,Utilities,M1104,C51970,1275.26,0.699,velocity,High,Investigating,0,0,Queue
ALT0003565,TXN00047252,2025-08-09 02:02:22,UPI,Chennai,Fashion,M1581,C37410,1742.82,0.549,device,Low,Open,0,0,Queue
ALT0003566,TXN00010634,2025-08-09 02:07:48,Wallet,Ahmedabad,Food Delivery,M1644,C52664,1639.13,0.689,velocity,High,Blocked,0,1,Done
ALT0003567,TXN00045420,2025-08-09 02:08:11,Card,Chandigarh,Electronics,M1240,C38434,19231.29,0.525,velocity,Low,Open,0,0,Queue
ALT0003568,TXN00019275,2025-08-09 02:10:58,Wallet,Kolkata,Food Delivery,M1510,C28868,3985.44,0.601,night_burst,Medium,Cleared,1,0,Done
ALT0003569,TXN00041588,2025-08-09 02:12:56,Card,Kolkata,Utilities,M1179,C56795,10776.17,0.652,velocity,Medium,Investigating,0,0,Queue
ALT0003570,TXN00044313,2025-08-09 02:24:08,Wallet,Chennai,Travel,M1529,C30744,3535.99,0.599,geo_mismatch,Medium,Cleared,1,0,Done
ALT0003571,TXN00024322,2025-08-09 02:25:12,Card,Delhi,Fuel,M1382,C70543,9081.24,0.643,geo_mismatch,Medium,Cleared,1,0,Done
ALT0003572,TXN00029305,2025-08-09 02:29:05,UPI,Hyderabad,Gaming,M1580,C14974,5280.81,0.574,velocity,Medium,Cleared,1,0,Done
ALT0003573,TXN00004048,2025-08-09 02:41:40,Card,Hyderabad,Gaming,M1134,C51349,15438.72,0.826,new_payee,Critical,Blocked,0,1,Done
ALT0003574,TXN00024575,2025-08-09 02:46:58,UPI,Indore,Fuel,M1888,C74397,1575.39,0.514,device,Low,Investigating,0,0,Queue
ALT0003575,TXN00012758,2025-08-09 02:50:40,UPI,Kolkata,Grocery,M1877,C31346,1803.29,0.506,new_payee,Low,Cleared,1,0,Done
ALT0003576,TXN00019854,2025-08-09 02:51:45,UPI,Kolkata,Grocery,M1678,C33585,39583.26,0.728,amount_spike,High,Cleared,0,0,Done
ALT0003577,TXN00043729,2025-08-09 02:52:19,Card,Kolkata,Utilities,M1637,C35004,15662.1,0.495,velocity,Low,Cleared,1,0,Done
ALT0003578,TXN00013203,2025-08-09 02:58:08,Card,Hyderabad,Food Delivery,M1679,C81249,21193.41,0.496,night_burst,Low,Blocked,0,1,Done
ALT0003579,TXN00008403,2025-08-09 03:00:17,Card,Delhi,Fashion,M1619,C70829,5514.68,0.579,velocity,Medium,Cleared,1,0,Done
ALT0003580,TXN00039636,2025-08-09 03:01:12,Card,Chandigarh,Grocery,M1199,C60590,9098.49,0.68,velocity,Medium,Blocked,1,1,Done
ALT0003581,TXN00006743,2025-08-09 03:04:11,Card,Jaipur,Gaming,M1102,C20499,10728.09,0.527,velocity,Low,Cleared,1,0,Done
ALT0003582,TXN00020334,2025-08-09 03:04:15,UPI,Ahmedabad,Healthcare,M1193,C37250,898.29,0.584,new_payee,Medium,Investigating,0,0,Queue
ALT0003583,TXN00042600,2025-08-09 03:09:21,Card,Kolkata,Electronics,M1049,C80316,36759.01,0.938,night_burst,Critical,Open,0,0,Queue
ALT0003584,TXN00038676,2025-08-09 03:10:30,Card,Chennai,Grocery,M1830,C69356,43228.83,0.585,new_payee,Medium,Investigating,0,0,Queue
ALT0003585,TXN00016168,2025-08-09 03:14:46,Card,Lucknow,Grocery,M1290,C53641,3234.52,0.533,night_burst,Low,Investigating,0,0,Queue
ALT0003586,TXN00034403,2025-08-09 03:16:10,Card,Chandigarh,Travel,M1310,C70742,27991.08,0.601,velocity,Medium,Cleared,1,0,Done
ALT0003587,TXN00007855,2025-08-09 03:16:40,Wallet,Pune,Food Delivery,M1608,C69506,222149.34,0.637,night_burst,Medium,Blocked,0,1,Done
ALT0003588,TXN00022056,2025-08-09 03:18:12,UPI,Delhi,Healthcare,M1042,C52942,335.41,0.496,night_burst,Low,Open,0,0,Queue
ALT0003589,TXN00007369,2025-08-09 03:22:14,Card,Chandigarh,Education,M1292,C12955,6945.39,0.542,velocity,Low,Cleared,1,0,Done
ALT0003590,TXN00007334,2025-08-09 03:26:46,UPI,Jaipur,Grocery,M1415,C64752,42161.66,0.589,amount_spike,Medium,Cleared,1,0,Done
ALT0003591,TXN00012937,2025-08-09 03:30:16,UPI,Pune,Fashion,M1755,C88538,19600.84,0.83,device,Critical,Blocked,0,1,Done
ALT0003592,TXN00044696,2025-08-09 03:30:43,UPI,Bengaluru,Grocery,M1504,C79507,2825.05,0.5,new_payee,Low,Investigating,0,0,Queue
ALT0003593,TXN00016514,2025-08-09 03:30:48,UPI,Ahmedabad,Utilities,M1822,C57555,651.5,0.554,velocity,Medium,Open,0,0,Queue
ALT0003594,TXN00028149,2025-08-09 03:37:38,Card,Hyderabad,Utilities,M1822,C31545,2740.85,0.612,velocity,Medium,Cleared,1,0,Done
ALT0003595,TXN00006191,2025-08-09 03:41:26,Wallet,Lucknow,Food Delivery,M1773,C21978,3638.65,0.585,new_payee,Medium,Open,0,0,Queue
ALT0003596,TXN00027827,2025-08-09 03:52:03,UPI,Chandigarh,Healthcare,M1301,C47561,27840.17,0.564,night_burst,Medium,Escalated,0,0,Queue
ALT0003597,TXN00009037,2025-08-09 03:53:40,UPI,Delhi,Grocery,M1645,C77335,2908.68,0.605,device,Medium,Cleared,1,0,Done
ALT0003598,TXN00003987,2025-08-09 03:55:10,Card,Hyderabad,Food Delivery,M1505,C66494,31601.17,0.78,amount_spike,High,Blocked,0,1,Done
ALT0003599,TXN00043576,2025-08-09 03:55:29,UPI,Delhi,Food Delivery,M1208,C38802,1858.41,0.821,night_burst,Critical,Blocked,0,1,Done
ALT0003600,TXN00015737,2025-08-09 03:59:18,Card,Surat,Grocery,M1193,C33768,4559.44,0.492,velocity,Low,Cleared,1,0,Done
ALT0003601,TXN00003379,2025-08-09 04:12:45,UPI,Jaipur,Electronics,M1655,C16601,8297.19,0.589,night_burst,Medium,Investigating,0,0,Queue
ALT0003602,TXN00029914,2025-08-09 04:16:56,Wallet,Ahmedabad,Grocery,M1169,C84876,630.98,0.605,velocity,Medium,Cleared,1,0,Done
ALT0003603,TXN00032186,2025-08-09 04:23:16,Card,Nagpur,Healthcare,M1519,C31785,2703.98,0.506,velocity,Low,Open,0,0,Queue
ALT0003604,TXN00017749,2025-08-09 04:24:43,UPI,Lucknow,Utilities,M1474,C46340,42097.02,0.676,new_payee,Medium,Cleared,1,0,Done
ALT0003605,TXN00003625,2025-08-09 04:26:08,Card,Ahmedabad,Grocery,M1520,C62166,13159.49,0.51,velocity,Low,Cleared,1,0,Done
ALT0003606,TXN00032509,2025-08-09 04:29:45,Card,Hyderabad,Grocery,M1050,C22950,25858.73,0.527,amount_spike,Low,Blocked,0,1,Done
ALT0003607,TXN00008607,2025-08-09 04:30:33,UPI,Delhi,Food Delivery,M1793,C85330,740.44,0.516,night_burst,Low,Cleared,1,0,Done
ALT0003608,TXN00012618,2025-08-09 04:30:47,Card,Ahmedabad,Utilities,M1234,C30369,5251.64,0.532,night_burst,Low,Cleared,1,0,Done
ALT0003609,TXN00001864,2025-08-09 04:32:04,UPI,Hyderabad,Travel,M1238,C55172,12335.78,0.506,velocity,Low,Cleared,1,0,Done
ALT0003610,TXN00024089,2025-08-09 04:32:48,UPI,Ahmedabad,Food Delivery,M1255,C17662,26000.41,0.739,device,High,Cleared,0,0,Done
ALT0003611,TXN00042265,2025-08-09 04:46:20,Card,Bengaluru,Travel,M1642,C80676,150658.1,0.542,night_burst,Low,Investigating,0,0,Queue
ALT0003612,TXN00018504,2025-08-09 04:49:11,Card,Hyderabad,Travel,M1247,C71428,27052.17,0.523,night_burst,Low,Blocked,0,1,Done
ALT0003613,TXN00007087,2025-08-09 04:50:48,Card,Jaipur,Fashion,M1301,C54507,7647.21,0.608,velocity,Medium,Cleared,1,0,Done
ALT0003614,TXN00020344,2025-08-09 04:58:34,UPI,Jaipur,Fashion,M1437,C26249,2379.14,0.498,velocity,Low,Open,0,0,Queue
ALT0003615,TXN00008286,2025-08-09 04:59:45,Card,Pune,Food Delivery,M1787,C51048,46466.71,0.503,new_payee,Low,Open,0,0,Queue
ALT0003616,TXN00024979,2025-08-09 05:27:25,UPI,Kolkata,Travel,M1555,C54969,704.65,0.509,velocity,Low,Cleared,1,0,Done
ALT0003617,TXN00019732,2025-08-09 05:33:58,Wallet,Ahmedabad,Fashion,M1316,C66205,5166.46,0.484,velocity,Low,Open,0,0,Queue
ALT0003618,TXN00001086,2025-08-09 06:23:29,UPI,Pune,Fuel,M1517,C73697,4727.8,0.602,velocity,Medium,Open,0,0,Queue
ALT0003619,TXN00031698,2025-08-09 06:59:01,UPI,Jaipur,Gaming,M1165,C86912,1323.77,0.515,velocity,Low,Investigating,0,0,Queue
ALT0003620,TXN00007862,2025-08-09 07:00:38,UPI,Jaipur,Gaming,M1445,C45435,3252.68,0.565,geo_mismatch,Medium,Open,0,0,Queue
ALT0003621,TXN00005606,2025-08-09 07:35:22,UPI,Ahmedabad,Utilities,M1523,C81749,21266.54,0.52,velocity,Low,Escalated,0,0,Queue
ALT0003622,TXN00002215,2025-08-09 08:04:08,Wallet,Delhi,Education,M1278,C89289,17834.81,0.556,device,Medium,Escalated,0,0,Queue
ALT0003623,TXN00025319,2025-08-09 08:28:04,UPI,Nagpur,Electronics,M1543,C76295,2895.07,0.644,new_payee,Medium,Blocked,1,1,Done
ALT0003624,TXN00018228,2025-08-09 08:29:47,UPI,Indore,Travel,M1578,C12021,2415.03,0.488,velocity,Low,Blocked,0,1,Done
ALT0003625,TXN00046157,2025-08-09 08:35:24,UPI,Kolkata,Electronics,M1853,C21131,2307.07,0.55,device,Low,Cleared,1,0,Done
ALT0003626,TXN00002661,2025-08-09 08:52:39,UPI,Chandigarh,Electronics,M1190,C67597,412.79,0.583,device,Medium,Investigating,0,0,Queue
ALT0003627,TXN00040183,2025-08-09 10:05:39,UPI,Jaipur,Fashion,M1326,C66462,32531.61,0.623,new_payee,Medium,Blocked,1,1,Done
ALT0003628,TXN00012236,2025-08-09 10:33:34,Wallet,Chandigarh,Utilities,M1359,C54510,8700.19,0.537,geo_mismatch,Low,Cleared,1,0,Done
ALT0003629,TXN00035279,2025-08-09 10:41:23,Card,Hyderabad,Gaming,M1626,C17526,1801.57,0.488,velocity,Low,Investigating,0,0,Queue
ALT0003630,TXN00040774,2025-08-09 11:37:13,Wallet,Ahmedabad,Gaming,M1604,C60253,5705.87,0.6,velocity,Medium,Blocked,0,1,Done
ALT0003631,TXN00040125,2025-08-09 11:44:03,Wallet,Bengaluru,Grocery,M1570,C88881,618.23,0.515,velocity,Low,Open,0,0,Queue
ALT0003632,TXN00002916,2025-08-09 12:22:52,UPI,Lucknow,Fuel,M1706,C58837,1179.78,0.613,velocity,Medium,Investigating,0,0,Queue
ALT0003633,TXN00031583,2025-08-09 12:41:19,Card,Kochi,Healthcare,M1365,C62647,453.39,0.589,velocity,Medium,Blocked,1,1,Done
ALT0003634,TXN00013409,2025-08-09 13:36:47,UPI,Indore,Grocery,M1760,C26888,138964.02,0.511,device,Low,Cleared,1,0,Done
ALT0003635,TXN00008485,2025-08-09 14:17:55,Card,Chennai,Grocery,M1588,C68591,1144.81,0.485,velocity,Low,Cleared,1,0,Done
ALT0003636,TXN00022605,2025-08-09 15:01:51,UPI,Kolkata,Fuel,M1591,C62701,5063.77,0.49,velocity,Low,Cleared,1,0,Done
ALT0003637,TXN00039212,2025-08-09 15:27:57,Wallet,Kochi,Food Delivery,M1518,C28407,5301.39,0.577,velocity,Medium,Cleared,1,0,Done
ALT0003638,TXN00030610,2025-08-09 15:31:46,Card,Jaipur,Travel,M1364,C17052,12178.87,0.571,velocity,Medium,Investigating,0,0,Queue
ALT0003639,TXN00047492,2025-08-09 15:41:59,UPI,Jaipur,Fashion,M1402,C71751,26746.03,0.603,device,Medium,Cleared,1,0,Done
ALT0003640,TXN00042078,2025-08-09 15:46:36,Card,Pune,Education,M1391,C18622,15053.99,0.605,velocity,Medium,Blocked,1,1,Done
ALT0003641,TXN00041088,2025-08-09 15:58:55,UPI,Hyderabad,Electronics,M1388,C19867,20966.88,0.529,geo_mismatch,Low,Open,0,0,Queue
ALT0003642,TXN00043027,2025-08-09 16:04:23,UPI,Kochi,Healthcare,M1166,C76432,6752.05,0.58,velocity,Medium,Investigating,0,0,Queue
ALT0003643,TXN00041633,2025-08-09 16:18:09,UPI,Kochi,Healthcare,M1165,C52027,25475.27,0.521,amount_spike,Low,Blocked,1,1,Done
ALT0003644,TXN00026792,2025-08-09 17:00:21,UPI,Kochi,Fashion,M1509,C49127,652.4,0.51,device,Low,Investigating,0,0,Queue
ALT0003645,TXN00036952,2025-08-09 17:21:02,Card,Chandigarh,Food Delivery,M1103,C84154,2452.78,0.62,velocity,Medium,Escalated,0,0,Queue
ALT0003646,TXN00032119,2025-08-09 17:26:30,UPI,Hyderabad,Education,M1859,C48106,2862.88,0.586,velocity,Medium,Investigating,0,0,Queue
ALT0003647,TXN00017760,2025-08-09 18:17:34,Card,Pune,Food Delivery,M1597,C46538,16611.22,0.589,geo_mismatch,Medium,Investigating,0,0,Queue
ALT0003648,TXN00005069,2025-08-09 18:53:26,Card,Jaipur,Fashion,M1358,C50861,6774.98,0.57,velocity,Medium,Blocked,0,1,Done
ALT0003649,TXN00031227,2025-08-09 19:24:51,Wallet,Surat,Food Delivery,M1615,C84040,922.73,0.56,device,Medium,Blocked,0,1,Done
ALT0003650,TXN00030551,2025-08-09 19:52:17,UPI,Surat,Travel,M1638,C57194,26114.98,0.695,amount_spike,High,Blocked,0,1,Done
ALT0003651,TXN00020695,2025-08-09 20:03:55,Card,Nagpur,Food Delivery,M1432,C57035,30667.77,0.712,velocity,High,Blocked,0,1,Done
ALT0003652,TXN00002658,2025-08-09 20:36:53,Card,Hyderabad,Grocery,M1520,C19464,8191.88,0.516,velocity,Low,Cleared,1,0,Done
ALT0003653,TXN00041200,2025-08-09 21:02:28,Card,Pune,Fuel,M1798,C11386,35308.93,0.588,new_payee,Medium,Blocked,0,1,Done
ALT0003654,TXN00014585,2025-08-09 21:54:19,Card,Surat,Fashion,M1672,C76957,62111.85,0.591,amount_spike,Medium,Cleared,1,0,Done
ALT0003655,TXN00027912,2025-08-09 22:09:26,Wallet,Chandigarh,Fashion,M1535,C42377,2756.9,0.607,new_payee,Medium,Open,0,0,Queue
ALT0003656,TXN00002809,2025-08-09 22:18:37,Card,Chennai,Fuel,M1650,C41494,2549.1,0.656,device,Medium,Cleared,1,0,Done
ALT0003657,TXN00019917,2025-08-09 22:20:02,Wallet,Lucknow,Grocery,M1740,C60842,16897.05,0.586,velocity,Medium,Investigating,0,0,Queue
ALT0003658,TXN00014130,2025-08-09 22:48:53,Card,Jaipur,Grocery,M1240,C82779,22645.58,0.516,amount_spike,Low,Open,0,0,Queue
ALT0003659,TXN00041070,2025-08-09 22:54:14,UPI,Nagpur,Food Delivery,M1612,C38086,849.28,0.61,velocity,Medium,Cleared,1,0,Done
ALT0003660,TXN00004408,2025-08-09 22:58:32,UPI,Hyderabad,Fashion,M1237,C67386,8985.76,0.65,new_payee,Medium,Open,0,0,Queue
ALT0003661,TXN00009871,2025-08-09 23:02:55,Card,Surat,Food Delivery,M1071,C27065,1356.1,0.547,velocity,Low,Investigating,0,0,Queue
ALT0003662,TXN00004542,2025-08-09 23:03:57,Card,Bengaluru,Electronics,M1001,C46393,41185.72,0.531,night_burst,Low,Cleared,1,0,Done
ALT0003663,TXN00010531,2025-08-09 23:06:35,UPI,Kolkata,Food Delivery,M1137,C57490,9350.37,0.497,velocity,Low,Open,0,0,Queue
ALT0003664,TXN00040131,2025-08-09 23:06:51,UPI,Lucknow,Gaming,M1808,C12759,8953.74,0.598,velocity,Medium,Cleared,1,0,Done
ALT0003665,TXN00017917,2025-08-09 23:07:44,Card,Delhi,Fashion,M1075,C89799,18391.73,0.576,night_burst,Medium,Investigating,0,0,Queue
ALT0003666,TXN00007179,2025-08-09 23:09:57,UPI,Indore,Fashion,M1400,C72922,2622.43,0.965,night_burst,Critical,Escalated,0,0,Queue
ALT0003667,TXN00027615,2025-08-09 23:10:54,UPI,Ahmedabad,Food Delivery,M1415,C39349,4848.13,0.528,velocity,Low,Investigating,0,0,Queue
ALT0003668,TXN00007755,2025-08-09 23:20:20,UPI,Lucknow,Utilities,M1444,C18580,1746.87,0.743,device,High,Escalated,0,0,Queue
ALT0003669,TXN00019643,2025-08-09 23:22:38,Card,Delhi,Gaming,M1014,C62646,1602.43,0.601,night_burst,Medium,Investigating,0,0,Queue
ALT0003670,TXN00018995,2025-08-09 23:23:15,UPI,Pune,Grocery,M1559,C79300,3154.15,0.546,velocity,Low,Cleared,1,0,Done
ALT0003671,TXN00031309,2025-08-09 23:25:05,UPI,Delhi,Fuel,M1629,C47849,555.0,0.801,new_payee,High,Investigating,0,0,Queue
ALT0003672,TXN00004227,2025-08-09 23:26:42,UPI,Mumbai,Utilities,M1170,C68063,11889.79,0.791,velocity,High,Investigating,0,0,Queue
ALT0003673,TXN00026585,2025-08-09 23:33:15,Card,Chennai,Fashion,M1763,C16713,1916.58,0.516,velocity,Low,Open,0,0,Queue
ALT0003674,TXN00015767,2025-08-09 23:41:26,Card,Chennai,Fuel,M1459,C45202,4249.82,0.669,new_payee,Medium,Investigating,0,0,Queue
ALT0003675,TXN00000296,2025-08-09 23:45:36,Card,Pune,Healthcare,M1394,C42023,1795.67,0.485,new_payee,Low,Open,0,0,Queue
ALT0003676,TXN00044101,2025-08-09 23:47:43,Card,Nagpur,Fuel,M1803,C70335,7788.07,0.616,velocity,Medium,Investigating,0,0,Queue
ALT0003677,TXN00010223,2025-08-09 23:49:41,UPI,Kolkata,Fashion,M1536,C39396,320.18,0.578,night_burst,Medium,Investigating,0,0,Queue
ALT0003678,TXN00014851,2025-08-09 23:50:04,Card,Delhi,Food Delivery,M1747,C47163,9838.9,0.558,velocity,Medium,Investigating,0,0,Queue
ALT0003679,TXN00023667,2025-08-09 23:50:49,UPI,Delhi,Grocery,M1371,C47354,502.89,0.612,velocity,Medium,Blocked,0,1,Done
ALT0003680,TXN00012311,2025-08-09 23:59:03,UPI,Mumbai,Education,M1836,C64876,898.27,0.593,velocity,Medium,Open,0,0,Queue
ALT0003681,TXN00024844,2025-08-10 00:00:09,UPI,Nagpur,Travel,M1422,C79677,5832.41,0.546,velocity,Low,Investigating,0,0,Queue
ALT0003682,TXN00019799,2025-08-10 00:06:50,UPI,Delhi,Grocery,M1710,C22616,4499.74,0.534,new_payee,Low,Cleared,1,0,Done
ALT0003683,TXN00041582,2025-08-10 00:09:29,UPI,Chennai,Grocery,M1329,C25662,20553.94,0.763,device,High,Cleared,0,0,Done
ALT0003684,TXN00033887,2025-08-10 00:10:23,Card,Lucknow,Food Delivery,M1054,C22883,27837.41,0.585,new_payee,Medium,Cleared,1,0,Done
ALT0003685,TXN00015296,2025-08-10 00:20:55,Card,Kolkata,Food Delivery,M1819,C22694,6834.33,0.717,new_payee,High,Cleared,0,0,Done
ALT0003686,TXN00026344,2025-08-10 00:24:00,UPI,Mumbai,Grocery,M1588,C63493,5880.63,0.619,night_burst,Medium,Investigating,0,0,Queue
ALT0003687,TXN00007599,2025-08-10 00:30:21,Card,Bengaluru,Travel,M1265,C35360,164479.3,0.537,device,Low,Cleared,1,0,Done
ALT0003688,TXN00042758,2025-08-10 00:31:34,UPI,Mumbai,Grocery,M1139,C32193,3060.45,0.532,night_burst,Low,Cleared,1,0,Done
ALT0003689,TXN00025615,2025-08-10 00:59:19,UPI,Hyderabad,Gaming,M1044,C88343,41291.66,0.557,night_burst,Medium,Cleared,1,0,Done
ALT0003690,TXN00023055,2025-08-10 01:00:38,UPI,Surat,Travel,M1422,C14219,11089.33,0.512,velocity,Low,Cleared,1,0,Done
ALT0003691,TXN00002052,2025-08-10 01:09:25,UPI,Hyderabad,Gaming,M1898,C18366,5870.66,0.656,velocity,Medium,Blocked,1,1,Done
ALT0003692,TXN00004980,2025-08-10 01:11:54,Card,Delhi,Travel,M1740,C30021,1801.09,0.546,velocity,Low,Open,0,0,Queue
ALT0003693,TXN00012681,2025-08-10 01:16:58,UPI,Delhi,Fashion,M1073,C17950,4445.27,0.618,night_burst,Medium,Cleared,1,0,Done
ALT0003694,TXN00030110,2025-08-10 01:27:10,UPI,Surat,Gaming,M1675,C20144,3790.57,0.657,night_burst,Medium,Blocked,0,1,Done
ALT0003695,TXN00019667,2025-08-10 01:33:04,UPI,Ahmedabad,Grocery,M1239,C19769,344.32,0.605,velocity,Medium,Open,0,0,Queue
ALT0003696,TXN00029637,2025-08-10 01:42:58,Card,Chennai,Healthcare,M1230,C68231,7678.29,0.541,velocity,Low,Investigating,0,0,Queue
ALT0003697,TXN00017693,2025-08-10 01:43:15,Card,Lucknow,Fashion,M1210,C41274,5159.12,0.614,night_burst,Medium,Cleared,1,0,Done
ALT0003698,TXN00028378,2025-08-10 01:49:29,UPI,Kolkata,Travel,M1479,C86616,7925.53,0.493,new_payee,Low,Cleared,1,0,Done
ALT0003699,TXN00032708,2025-08-10 01:50:23,Card,Jaipur,Gaming,M1144,C16842,11440.04,0.496,velocity,Low,Cleared,1,0,Done
ALT0003700,TXN00041281,2025-08-10 01:53:31,Card,Mumbai,Grocery,M1009,C65581,313314.16,0.599,velocity,Medium,Cleared,1,0,Done
ALT0003701,TXN00039533,2025-08-10 01:55:52,Wallet,Kolkata,Utilities,M1622,C73018,950.01,0.617,geo_mismatch,Medium,Open,0,0,Queue
ALT0003702,TXN00035507,2025-08-10 01:58:45,Wallet,Indore,Gaming,M1237,C52603,3208.92,0.633,velocity,Medium,Open,0,0,Queue
ALT0003703,TXN00045880,2025-08-10 02:08:12,UPI,Pune,Food Delivery,M1842,C63531,9297.03,0.632,new_payee,Medium,Blocked,1,1,Done
ALT0003704,TXN00013775,2025-08-10 02:08:12,UPI,Nagpur,Electronics,M1272,C15314,1966.34,0.601,night_burst,Medium,Escalated,0,0,Queue
ALT0003705,TXN00026518,2025-08-10 02:09:12,Wallet,Nagpur,Education,M1382,C39491,3855.2,0.614,device,Medium,Cleared,1,0,Done
ALT0003706,TXN00044188,2025-08-10 02:11:01,Wallet,Kolkata,Grocery,M1162,C47027,468.05,0.545,new_payee,Low,Investigating,0,0,Queue
ALT0003707,TXN00039136,2025-08-10 02:37:52,Card,Chandigarh,Food Delivery,M1507,C15033,16011.87,0.618,velocity,Medium,Investigating,0,0,Queue
ALT0003708,TXN00022829,2025-08-10 02:41:51,Wallet,Kolkata,Education,M1667,C81492,4369.53,0.791,velocity,High,Open,0,0,Queue
ALT0003709,TXN00028816,2025-08-10 02:44:55,Wallet,Bengaluru,Gaming,M1283,C37044,1174.5,0.605,velocity,Medium,Cleared,1,0,Done
ALT0003710,TXN00036252,2025-08-10 02:49:52,Wallet,Surat,Gaming,M1553,C85032,250.13,0.534,velocity,Low,Investigating,0,0,Queue
ALT0003711,TXN00020966,2025-08-10 02:51:33,UPI,Surat,Gaming,M1356,C88759,24639.83,0.579,velocity,Medium,Open,0,0,Queue
ALT0003712,TXN00047173,2025-08-10 02:53:24,UPI,Lucknow,Grocery,M1235,C11018,58177.53,0.807,amount_spike,High,Blocked,0,1,Done
ALT0003713,TXN00032910,2025-08-10 03:01:02,UPI,Chennai,Fashion,M1225,C47897,7678.64,0.524,velocity,Low,Cleared,1,0,Done
ALT0003714,TXN00012998,2025-08-10 03:05:11,Card,Bengaluru,Food Delivery,M1841,C39443,1696.2,0.565,velocity,Medium,Investigating,0,0,Queue
ALT0003715,TXN00001309,2025-08-10 03:06:36,UPI,Mumbai,Fuel,M1057,C56738,4465.44,0.517,new_payee,Low,Cleared,1,0,Done
ALT0003716,TXN00017912,2025-08-10 03:07:20,UPI,Kolkata,Utilities,M1146,C20937,4231.86,0.579,velocity,Medium,Investigating,0,0,Queue
ALT0003717,TXN00030899,2025-08-10 03:17:04,Card,Lucknow,Fashion,M1693,C42230,2576.34,0.533,velocity,Low,Cleared,1,0,Done
ALT0003718,TXN00004642,2025-08-10 03:17:44,UPI,Mumbai,Utilities,M1572,C71432,3495.87,0.608,new_payee,Medium,Investigating,0,0,Queue
ALT0003719,TXN00016791,2025-08-10 03:20:17,UPI,Hyderabad,Food Delivery,M1242,C54728,420.03,0.548,new_payee,Low,Open,0,0,Queue
ALT0003720,TXN00034505,2025-08-10 03:29:56,Card,Indore,Gaming,M1050,C72257,3026.62,0.547,night_burst,Low,Blocked,1,1,Done
ALT0003721,TXN00006900,2025-08-10 03:40:25,UPI,Lucknow,Utilities,M1189,C84014,699.68,0.524,new_payee,Low,Investigating,0,0,Queue
ALT0003722,TXN00040518,2025-08-10 03:46:18,UPI,Bengaluru,Gaming,M1071,C40112,3990.89,0.487,velocity,Low,Blocked,1,1,Done
ALT0003723,TXN00023541,2025-08-10 03:56:06,UPI,Chandigarh,Grocery,M1893,C63999,624.42,0.49,night_burst,Low,Cleared,1,0,Done
ALT0003724,TXN00038240,2025-08-10 03:57:11,Card,Kolkata,Food Delivery,M1866,C61116,8237.88,0.495,velocity,Low,Investigating,0,0,Queue
ALT0003725,TXN00039644,2025-08-10 04:00:01,UPI,Mumbai,Gaming,M1535,C82874,1416.55,0.542,night_burst,Low,Cleared,1,0,Done
ALT0003726,TXN00020945,2025-08-10 04:01:39,UPI,Chennai,Utilities,M1393,C35963,27978.22,0.549,night_burst,Low,Investigating,0,0,Queue
ALT0003727,TXN00039512,2025-08-10 04:13:54,UPI,Bengaluru,Education,M1082,C51884,14186.25,0.533,new_payee,Low,Cleared,1,0,Done
ALT0003728,TXN00012081,2025-08-10 04:25:25,Wallet,Chennai,Grocery,M1574,C86114,2826.44,0.824,device,Critical,Escalated,0,0,Queue
ALT0003729,TXN00039157,2025-08-10 04:39:54,UPI,Delhi,Travel,M1709,C82057,961.57,0.614,night_burst,Medium,Cleared,1,0,Done
ALT0003730,TXN00000270,2025-08-10 04:43:01,UPI,Mumbai,Fashion,M1624,C39274,3594.52,0.639,geo_mismatch,Medium,Investigating,0,0,Queue
ALT0003731,TXN00003029,2025-08-10 04:44:35,Wallet,Jaipur,Healthcare,M1703,C31518,750.32,0.571,velocity,Medium,Blocked,0,1,Done
ALT0003732,TXN00030924,2025-08-10 04:47:17,UPI,Kochi,Grocery,M1682,C38838,1577.46,0.481,velocity,Low,Open,0,0,Queue
ALT0003733,TXN00036973,2025-08-10 04:47:48,UPI,Kochi,Electronics,M1612,C48622,1640.47,0.55,night_burst,Low,Blocked,1,1,Done
ALT0003734,TXN00036301,2025-08-10 04:49:15,Card,Kolkata,Travel,M1094,C50032,16376.36,0.574,night_burst,Medium,Blocked,0,1,Done
ALT0003735,TXN00022596,2025-08-10 04:52:29,Card,Kochi,Food Delivery,M1517,C52390,350000.0,0.601,amount_spike,Medium,Escalated,0,0,Queue
ALT0003736,TXN00039054,2025-08-10 04:53:59,UPI,Chandigarh,Utilities,M1528,C17900,1475.28,0.51,new_payee,Low,Open,0,0,Queue
ALT0003737,TXN00028735,2025-08-10 04:57:37,Wallet,Pune,Gaming,M1485,C22602,884.54,0.512,velocity,Low,Blocked,0,1,Done
ALT0003738,TXN00045873,2025-08-10 06:23:39,UPI,Bengaluru,Grocery,M1153,C44212,621.38,0.488,velocity,Low,Cleared,1,0,Done
ALT0003739,TXN00008458,2025-08-10 06:26:21,Card,Chandigarh,Utilities,M1517,C31355,12761.54,0.531,device,Low,Cleared,1,0,Done
ALT0003740,TXN00002804,2025-08-10 06:32:00,UPI,Indore,Food Delivery,M1138,C54666,8539.5,0.621,velocity,Medium,Cleared,1,0,Done
ALT0003741,TXN00035950,2025-08-10 07:21:09,UPI,Pune,Gaming,M1138,C37831,785.86,0.587,new_payee,Medium,Cleared,1,0,Done
ALT0003742,TXN00021753,2025-08-10 08:06:19,UPI,Hyderabad,Fashion,M1768,C23805,12641.97,0.533,velocity,Low,Cleared,1,0,Done
ALT0003743,TXN00039248,2025-08-10 08:07:26,Card,Nagpur,Education,M1558,C16331,25062.19,0.558,velocity,Medium,Blocked,1,1,Done
ALT0003744,TXN00025734,2025-08-10 08:38:50,Wallet,Lucknow,Grocery,M1804,C57544,605.94,0.516,device,Low,Cleared,1,0,Done
ALT0003745,TXN00032360,2025-08-10 09:18:08,UPI,Delhi,Food Delivery,M1080,C25806,11896.61,0.488,device,Low,Cleared,1,0,Done
ALT0003746,TXN00009823,2025-08-10 09:54:57,Card,Kolkata,Electronics,M1163,C61750,2822.41,0.659,velocity,Medium,Investigating,0,0,Queue
ALT0003747,TXN00021219,2025-08-10 10:03:34,UPI,Ahmedabad,Gaming,M1654,C79455,2873.56,0.484,velocity,Low,Open,0,0,Queue
ALT0003748,TXN00018070,2025-08-10 10:06:30,Wallet,Delhi,Fashion,M1248,C76055,2749.46,0.507,new_payee,Low,Investigating,0,0,Queue
ALT0003749,TXN00025789,2025-08-10 10:23:09,Card,Ahmedabad,Food Delivery,M1038,C81815,61254.66,0.563,amount_spike,Medium,Blocked,1,1,Done
ALT0003750,TXN00004323,2025-08-10 10:52:46,Card,Chandigarh,Electronics,M1643,C63436,26631.85,0.524,velocity,Low,Open,0,0,Queue
ALT0003751,TXN00037049,2025-08-10 11:08:41,Card,Hyderabad,Utilities,M1269,C52472,6320.73,0.561,new_payee,Medium,Cleared,1,0,Done
ALT0003752,TXN00022085,2025-08-10 11:21:45,Card,Kochi,Electronics,M1464,C55734,5555.07,0.612,velocity,Medium,Cleared,1,0,Done
ALT0003753,TXN00009624,2025-08-10 11:35:00,Wallet,Kochi,Gaming,M1191,C33881,937.82,0.559,new_payee,Medium,Cleared,1,0,Done
ALT0003754,TXN00016306,2025-08-10 12:19:13,Card,Surat,Utilities,M1110,C62078,40959.3,0.614,new_payee,Medium,Cleared,1,0,Done
ALT0003755,TXN00018162,2025-08-10 12:24:09,Card,Lucknow,Food Delivery,M1143,C53418,11987.95,0.634,velocity,Medium,Open,0,0,Queue
ALT0003756,TXN00016396,2025-08-10 13:13:56,Card,Ahmedabad,Travel,M1852,C85002,69081.73,0.541,amount_spike,Low,Open,0,0,Queue
ALT0003757,TXN00045922,2025-08-10 14:13:30,Card,Chennai,Food Delivery,M1801,C72611,19356.61,0.57,device,Medium,Blocked,0,1,Done
ALT0003758,TXN00005375,2025-08-10 14:29:12,Card,Bengaluru,Grocery,M1656,C32542,2186.29,0.585,new_payee,Medium,Cleared,1,0,Done
ALT0003759,TXN00017747,2025-08-10 15:09:06,Wallet,Jaipur,Utilities,M1841,C82521,11946.77,0.499,device,Low,Open,0,0,Queue
ALT0003760,TXN00014503,2025-08-10 15:09:51,Card,Jaipur,Fashion,M1309,C57116,3661.32,0.57,geo_mismatch,Medium,Investigating,0,0,Queue
ALT0003761,TXN00003884,2025-08-10 16:56:05,Card,Surat,Food Delivery,M1866,C49809,5249.81,0.64,device,Medium,Blocked,0,1,Done
ALT0003762,TXN00037693,2025-08-10 17:08:39,UPI,Nagpur,Fuel,M1862,C44750,2653.01,0.611,velocity,Medium,Investigating,0,0,Queue
ALT0003763,TXN00017477,2025-08-10 18:53:25,UPI,Nagpur,Healthcare,M1591,C59781,8114.97,0.517,new_payee,Low,Blocked,0,1,Done
ALT0003764,TXN00007829,2025-08-10 19:31:05,UPI,Mumbai,Grocery,M1080,C83383,19374.36,0.612,amount_spike,Medium,Cleared,1,0,Done
ALT0003765,TXN00005590,2025-08-10 20:05:40,UPI,Lucknow,Food Delivery,M1227,C44972,536.79,0.564,new_payee,Medium,Blocked,1,1,Done
ALT0003766,TXN00011418,2025-08-10 20:35:01,Wallet,Surat,Healthcare,M1639,C15794,3893.25,0.548,new_payee,Low,Investigating,0,0,Queue
ALT0003767,TXN00047348,2025-08-10 20:45:47,UPI,Indore,Healthcare,M1341,C48272,96.52,0.57,velocity,Medium,Cleared,1,0,Done
ALT0003768,TXN00030692,2025-08-10 21:08:17,Wallet,Kolkata,Gaming,M1653,C86438,5621.02,0.587,geo_mismatch,Medium,Investigating,0,0,Queue
ALT0003769,TXN00041174,2025-08-10 21:08:50,UPI,Bengaluru,Gaming,M1428,C79921,99907.77,0.646,velocity,Medium,Open,0,0,Queue
ALT0003770,TXN00002929,2025-08-10 21:20:41,Card,Kochi,Fuel,M1234,C17578,129494.18,0.599,amount_spike,Medium,Cleared,1,0,Done
ALT0003771,TXN00018802,2025-08-10 21:53:37,Card,Chandigarh,Grocery,M1329,C31980,3247.27,0.504,velocity,Low,Investigating,0,0,Queue
ALT0003772,TXN00003451,2025-08-10 23:00:44,UPI,Delhi,Fashion,M1630,C22779,3859.0,0.494,velocity,Low,Investigating,0,0,Queue
ALT0003773,TXN00036501,2025-08-10 23:03:49,Card,Kolkata,Food Delivery,M1477,C61260,48184.71,0.625,amount_spike,Medium,Cleared,1,0,Done
ALT0003774,TXN00028443,2025-08-10 23:13:19,Card,Nagpur,Travel,M1008,C24580,30752.91,0.485,velocity,Low,Cleared,1,0,Done
ALT0003775,TXN00044444,2025-08-10 23:14:42,UPI,Surat,Travel,M1640,C29187,145.46,0.606,geo_mismatch,Medium,Open,0,0,Queue
ALT0003776,TXN00025049,2025-08-10 23:20:28,Wallet,Delhi,Travel,M1123,C84295,1224.44,0.519,velocity,Low,Blocked,0,1,Done
ALT0003777,TXN00030728,2025-08-10 23:30:34,Card,Mumbai,Electronics,M1268,C78948,13992.37,0.521,night_burst,Low,Cleared,1,0,Done
ALT0003778,TXN00014033,2025-08-10 23:33:30,Wallet,Lucknow,Fuel,M1333,C10792,8547.15,0.561,velocity,Medium,Escalated,0,0,Queue
ALT0003779,TXN00021647,2025-08-10 23:34:06,UPI,Lucknow,Education,M1056,C59382,28631.09,0.561,velocity,Medium,Investigating,0,0,Queue
ALT0003780,TXN00008274,2025-08-10 23:37:20,Card,Mumbai,Food Delivery,M1759,C85519,8200.14,0.526,night_burst,Low,Cleared,1,0,Done
ALT0003781,TXN00032063,2025-08-10 23:48:14,Card,Hyderabad,Healthcare,M1586,C85119,9639.48,0.549,night_burst,Low,Blocked,1,1,Done
ALT0003782,TXN00020831,2025-08-10 23:50:21,UPI,Pune,Electronics,M1396,C36977,1119.81,0.612,velocity,Medium,Investigating,0,0,Queue
ALT0003783,TXN00041657,2025-08-10 23:51:08,UPI,Ahmedabad,Grocery,M1742,C38362,53859.18,0.607,device,Medium,Investigating,0,0,Queue
ALT0003784,TXN00025463,2025-08-10 23:51:23,UPI,Chennai,Food Delivery,M1825,C47237,981.8,0.5,night_burst,Low,Cleared,1,0,Done
ALT0003785,TXN00010823,2025-08-10 23:54:28,Card,Kolkata,Fuel,M1131,C16636,24999.64,0.608,night_burst,Medium,Blocked,0,1,Done
ALT0003786,TXN00024286,2025-08-10 23:58:32,UPI,Jaipur,Gaming,M1671,C66957,9682.46,0.895,geo_mismatch,Critical,Blocked,0,1,Done
ALT0003787,TXN00041256,2025-08-10 23:58:39,UPI,Lucknow,Fashion,M1184,C42653,15606.49,0.615,amount_spike,Medium,Investigating,0,0,Queue
ALT0003788,TXN00014167,2025-08-11 00:03:40,UPI,Nagpur,Fashion,M1585,C30691,2907.66,0.537,night_burst,Low,Cleared,1,0,Done
ALT0003789,TXN00030914,2025-08-11 00:04:11,UPI,Indore,Fashion,M1778,C63750,12892.48,0.514,velocity,Low,Blocked,0,1,Done
ALT0003790,TXN00031479,2025-08-11 00:12:50,UPI,Jaipur,Fuel,M1054,C45032,2062.91,0.646,night_burst,Medium,Blocked,1,1,Done
ALT0003791,TXN00015699,2025-08-11 00:19:03,UPI,Kolkata,Travel,M1585,C28505,2393.43,0.536,velocity,Low,Open,0,0,Queue
ALT0003792,TXN00044931,2025-08-11 00:28:03,Card,Surat,Healthcare,M1567,C49867,8433.16,0.736,device,High,Cleared,0,0,Done
ALT0003793,TXN00017729,2025-08-11 00:33:39,Wallet,Nagpur,Fashion,M1198,C62369,9056.17,0.667,new_payee,Medium,Blocked,1,1,Done
ALT0003794,TXN00020933,2025-08-11 00:34:29,UPI,Kolkata,Utilities,M1406,C57903,1429.31,0.597,velocity,Medium,Investigating,0,0,Queue
ALT0003795,TXN00012212,2025-08-11 00:47:36,UPI,Delhi,Fuel,M1171,C23296,11243.33,0.618,velocity,Medium,Escalated,0,0,Queue
ALT0003796,TXN00043517,2025-08-11 00:50:10,Wallet,Chandigarh,Electronics,M1216,C22439,1004.57,0.764,night_burst,High,Open,0,0,Queue
ALT0003797,TXN00040305,2025-08-11 00:57:22,UPI,Lucknow,Fuel,M1312,C70329,318.41,0.518,velocity,Low,Cleared,1,0,Done
ALT0003798,TXN00028014,2025-08-11 00:59:41,Wallet,Hyderabad,Electronics,M1084,C14420,1468.34,0.581,velocity,Medium,Cleared,1,0,Done
ALT0003799,TXN00017219,2025-08-11 01:07:55,UPI,Kochi,Gaming,M1500,C26941,343.58,0.488,velocity,Low,Investigating,0,0,Queue
ALT0003800,TXN00038193,2025-08-11 01:08:08,UPI,Ahmedabad,Grocery,M1075,C42924,8166.62,0.592,velocity,Medium,Open,0,0,Queue
ALT0003801,TXN00039552,2025-08-11 01:08:37,UPI,Bengaluru,Grocery,M1814,C79562,1671.15,0.602,velocity,Medium,Open,0,0,Queue
ALT0003802,TXN00041639,2025-08-11 01:10:55,UPI,Nagpur,Electronics,M1480,C47058,630.13,0.546,night_burst,Low,Cleared,1,0,Done
ALT0003803,TXN00045539,2025-08-11 01:10:59,UPI,Indore,Gaming,M1408,C52595,2682.1,0.574,velocity,Medium,Investigating,0,0,Queue
ALT0003804,TXN00010632,2025-08-11 01:11:01,UPI,Delhi,Travel,M1279,C52596,9601.26,0.596,new_payee,Medium,Investigating,0,0,Queue
ALT0003805,TXN00008346,2025-08-11 01:12:46,Card,Surat,Grocery,M1668,C30111,3331.02,0.579,velocity,Medium,Blocked,0,1,Done
ALT0003806,TXN00018700,2025-08-11 01:21:14,UPI,Lucknow,Grocery,M1337,C45011,2466.44,0.614,device,Medium,Blocked,0,1,Done
ALT0003807,TXN00035657,2025-08-11 01:21:43,Card,Pune,Utilities,M1733,C78369,43991.93,0.545,amount_spike,Low,Cleared,1,0,Done
ALT0003808,TXN00027131,2025-08-11 01:22:54,Card,Chandigarh,Fashion,M1089,C70017,1513.93,0.512,velocity,Low,Cleared,1,0,Done
ALT0003809,TXN00004940,2025-08-11 01:22:56,UPI,Kolkata,Grocery,M1255,C42553,4963.05,0.51,new_payee,Low,Investigating,0,0,Queue
ALT0003810,TXN00020571,2025-08-11 01:26:55,Card,Kochi,Education,M1326,C13469,8949.68,0.486,velocity,Low,Cleared,1,0,Done
ALT0003811,TXN00028390,2025-08-11 01:39:25,UPI,Kochi,Food Delivery,M1743,C48637,3695.52,0.55,velocity,Low,Cleared,1,0,Done
ALT0003812,TXN00028408,2025-08-11 01:46:54,UPI,Bengaluru,Education,M1149,C63805,6610.36,0.502,night_burst,Low,Open,0,0,Queue
ALT0003813,TXN00037878,2025-08-11 02:11:04,Card,Jaipur,Utilities,M1411,C17757,2587.63,0.59,velocity,Medium,Cleared,1,0,Done
ALT0003814,TXN00000086,2025-08-11 02:11:15,UPI,Indore,Food Delivery,M1229,C39012,537.89,0.538,night_burst,Low,Cleared,1,0,Done
ALT0003815,TXN00006475,2025-08-11 02:14:44,UPI,Chandigarh,Fashion,M1462,C50310,721.32,0.552,velocity,Medium,Cleared,1,0,Done
ALT0003816,TXN00040750,2025-08-11 02:27:03,Wallet,Jaipur,Food Delivery,M1207,C49072,909.17,0.518,new_payee,Low,Investigating,0,0,Queue
ALT0003817,TXN00042887,2025-08-11 02:34:21,UPI,Surat,Grocery,M1612,C15715,10781.59,0.585,night_burst,Medium,Cleared,1,0,Done
ALT0003818,TXN00013618,2025-08-11 02:37:29,Card,Kolkata,Food Delivery,M1290,C20891,18859.33,0.539,amount_spike,Low,Escalated,0,0,Queue
ALT0003819,TXN00040314,2025-08-11 02:43:06,UPI,Kolkata,Food Delivery,M1839,C13459,3719.85,0.582,velocity,Medium,Cleared,1,0,Done
ALT0003820,TXN00035287,2025-08-11 02:44:35,UPI,Jaipur,Food Delivery,M1224,C83803,1480.06,0.581,velocity,Medium,Cleared,1,0,Done
ALT0003821,TXN00022846,2025-08-11 02:44:37,Card,Chandigarh,Food Delivery,M1540,C81379,29744.55,0.538,velocity,Low,Cleared,1,0,Done
ALT0003822,TXN00021947,2025-08-11 02:45:46,Card,Hyderabad,Fuel,M1009,C46509,27912.74,0.576,night_burst,Medium,Blocked,1,1,Done
ALT0003823,TXN00038731,2025-08-11 02:47:36,UPI,Ahmedabad,Grocery,M1056,C27218,4878.57,0.68,velocity,Medium,Cleared,1,0,Done
ALT0003824,TXN00005965,2025-08-11 02:53:53,UPI,Nagpur,Utilities,M1520,C53325,2919.03,0.772,night_burst,High,Investigating,0,0,Queue
ALT0003825,TXN00017394,2025-08-11 02:56:35,Wallet,Surat,Fashion,M1258,C55877,1700.39,0.492,velocity,Low,Open,0,0,Queue
ALT0003826,TXN00022742,2025-08-11 03:04:17,UPI,Kochi,Travel,M1774,C74083,22325.77,0.707,device,High,Blocked,0,1,Done
ALT0003827,TXN00018330,2025-08-11 03:07:37,Card,Kolkata,Travel,M1743,C82612,25784.92,0.598,velocity,Medium,Blocked,0,1,Done
ALT0003828,TXN00029915,2025-08-11 03:13:40,UPI,Nagpur,Gaming,M1284,C34915,6200.27,0.601,velocity,Medium,Investigating,0,0,Queue
ALT0003829,TXN00044090,2025-08-11 03:18:09,UPI,Nagpur,Fashion,M1165,C17764,6378.28,0.622,velocity,Medium,Cleared,1,0,Done
ALT0003830,TXN00015797,2025-08-11 03:23:26,UPI,Chandigarh,Grocery,M1557,C82631,14610.02,0.71,night_burst,High,Investigating,0,0,Queue
ALT0003831,TXN00046327,2025-08-11 03:26:08,Card,Chandigarh,Education,M1734,C82199,1492.56,0.51,velocity,Low,Cleared,1,0,Done
ALT0003832,TXN00026618,2025-08-11 03:42:43,UPI,Hyderabad,Grocery,M1113,C10033,11047.09,0.578,velocity,Medium,Investigating,0,0,Queue
ALT0003833,TXN00040608,2025-08-11 03:47:12,UPI,Chennai,Fashion,M1788,C89406,822.51,0.573,velocity,Medium,Investigating,0,0,Queue
ALT0003834,TXN00014358,2025-08-11 03:50:17,Card,Indore,Food Delivery,M1507,C23223,3854.2,0.482,night_burst,Low,Cleared,1,0,Done
ALT0003835,TXN00009579,2025-08-11 03:57:52,Card,Nagpur,Gaming,M1211,C80430,350000.0,0.984,amount_spike,Critical,Blocked,0,1,Done
ALT0003836,TXN00000297,2025-08-11 04:01:44,Card,Nagpur,Food Delivery,M1248,C50961,4466.99,0.781,velocity,High,Investigating,0,0,Queue
ALT0003837,TXN00017179,2025-08-11 04:02:05,UPI,Jaipur,Food Delivery,M1037,C84932,27514.06,0.569,amount_spike,Medium,Open,0,0,Queue
ALT0003838,TXN00016011,2025-08-11 04:07:42,UPI,Jaipur,Grocery,M1112,C73082,2815.25,0.589,new_payee,Medium,Open,0,0,Queue
ALT0003839,TXN00010041,2025-08-11 04:10:42,UPI,Chennai,Utilities,M1809,C66719,486.72,0.59,new_payee,Medium,Open,0,0,Queue
ALT0003840,TXN00012497,2025-08-11 04:12:46,Card,Mumbai,Travel,M1287,C39134,11115.43,0.584,velocity,Medium,Investigating,0,0,Queue
ALT0003841,TXN00046631,2025-08-11 04:16:27,UPI,Hyderabad,Fuel,M1435,C51236,16986.91,0.641,amount_spike,Medium,Blocked,1,1,Done
ALT0003842,TXN00031446,2025-08-11 04:24:01,UPI,Chennai,Healthcare,M1697,C12549,10683.71,0.54,new_payee,Low,Cleared,1,0,Done
ALT0003843,TXN00019000,2025-08-11 04:41:57,UPI,Bengaluru,Fuel,M1575,C14300,7020.63,0.611,velocity,Medium,Blocked,1,1,Done
ALT0003844,TXN00024060,2025-08-11 04:43:36,UPI,Nagpur,Healthcare,M1708,C17341,179.0,0.516,night_burst,Low,Cleared,1,0,Done
ALT0003845,TXN00019226,2025-08-11 04:44:42,UPI,Pune,Electronics,M1208,C31210,11974.73,0.653,device,Medium,Open,0,0,Queue
ALT0003846,TXN00046098,2025-08-11 04:45:22,Wallet,Chennai,Fuel,M1368,C39374,972.57,0.794,velocity,High,Investigating,0,0,Queue
ALT0003847,TXN00045709,2025-08-11 04:54:25,Card,Mumbai,Food Delivery,M1722,C42690,12900.13,0.615,velocity,Medium,Cleared,1,0,Done
ALT0003848,TXN00009706,2025-08-11 04:55:14,Card,Ahmedabad,Fashion,M1151,C85936,41927.98,0.642,night_burst,Medium,Cleared,1,0,Done
ALT0003849,TXN00009243,2025-08-11 04:55:38,UPI,Ahmedabad,Food Delivery,M1875,C57017,4041.95,0.52,night_burst,Low,Blocked,1,1,Done
ALT0003850,TXN00005316,2025-08-11 04:58:52,Card,Nagpur,Travel,M1753,C78541,25714.75,0.71,amount_spike,High,Cleared,0,0,Done
ALT0003851,TXN00025356,2025-08-11 05:59:05,UPI,Hyderabad,Grocery,M1551,C86350,1422.34,0.624,new_payee,Medium,Investigating,0,0,Queue
ALT0003852,TXN00007900,2025-08-11 06:11:50,UPI,Lucknow,Electronics,M1777,C63213,690.6,0.653,velocity,Medium,Blocked,1,1,Done
ALT0003853,TXN00029298,2025-08-11 07:01:47,UPI,Nagpur,Food Delivery,M1062,C25089,1241.04,0.493,velocity,Low,Cleared,1,0,Done
ALT0003854,TXN00005193,2025-08-11 07:21:34,UPI,Chandigarh,Grocery,M1841,C21630,4023.21,0.657,velocity,Medium,Blocked,0,1,Done
ALT0003855,TXN00004145,2025-08-11 07:35:33,UPI,Chennai,Education,M1683,C48086,7467.57,0.592,device,Medium,Cleared,1,0,Done
ALT0003856,TXN00003693,2025-08-11 07:59:25,Card,Indore,Grocery,M1135,C19108,3487.57,0.509,velocity,Low,Cleared,1,0,Done
ALT0003857,TXN00007710,2025-08-11 09:30:14,UPI,Lucknow,Healthcare,M1375,C64164,48400.14,0.593,amount_spike,Medium,Escalated,0,0,Queue
ALT0003858,TXN00006313,2025-08-11 09:51:37,UPI,Lucknow,Education,M1293,C61043,47769.83,0.526,amount_spike,Low,Open,0,0,Queue
ALT0003859,TXN00017895,2025-08-11 10:10:12,Card,Lucknow,Grocery,M1795,C50071,162123.41,0.598,new_payee,Medium,Cleared,1,0,Done
ALT0003860,TXN00037817,2025-08-11 10:50:31,UPI,Jaipur,Utilities,M1454,C81595,9334.87,0.552,geo_mismatch,Medium,Cleared,1,0,Done
ALT0003861,TXN00000995,2025-08-11 11:04:27,UPI,Jaipur,Electronics,M1046,C23170,461.78,0.524,velocity,Low,Cleared,1,0,Done
ALT0003862,TXN00028593,2025-08-11 11:12:10,Card,Nagpur,Healthcare,M1735,C50416,28353.49,0.541,amount_spike,Low,Investigating,0,0,Queue
ALT0003863,TXN00010004,2025-08-11 11:29:46,UPI,Delhi,Food Delivery,M1413,C89632,16215.92,0.643,amount_spike,Medium,Investigating,0,0,Queue
ALT0003864,TXN00019792,2025-08-11 11:43:11,Card,Surat,Food Delivery,M1365,C49822,48564.57,0.634,velocity,Medium,Cleared,1,0,Done
ALT0003865,TXN00042888,2025-08-11 12:26:00,UPI,Indore,Healthcare,M1016,C80224,1102.49,0.656,velocity,Medium,Blocked,0,1,Done
ALT0003866,TXN00015778,2025-08-11 13:31:55,UPI,Indore,Healthcare,M1303,C78884,965.0,0.637,device,Medium,Cleared,1,0,Done
ALT0003867,TXN00025449,2025-08-11 14:44:16,Card,Lucknow,Healthcare,M1450,C62833,27774.35,0.535,velocity,Low,Blocked,1,1,Done
ALT0003868,TXN00043976,2025-08-11 15:03:57,UPI,Lucknow,Food Delivery,M1571,C72629,6042.63,0.489,velocity,Low,Cleared,1,0,Done
ALT0003869,TXN00004770,2025-08-11 16:02:33,UPI,Chennai,Fashion,M1743,C68479,8892.53,0.655,device,Medium,Investigating,0,0,Queue
ALT0003870,TXN00000817,2025-08-11 16:24:38,Card,Pune,Utilities,M1753,C40800,38112.83,0.564,new_payee,Medium,Cleared,1,0,Done
ALT0003871,TXN00032839,2025-08-11 16:30:40,Wallet,Hyderabad,Fashion,M1814,C56428,1094.07,0.766,device,High,Blocked,1,1,Done
ALT0003872,TXN00046715,2025-08-11 17:46:40,Card,Ahmedabad,Fashion,M1888,C17706,9974.73,0.693,geo_mismatch,High,Cleared,1,0,Done
ALT0003873,TXN00042885,2025-08-11 18:03:09,Card,Kolkata,Grocery,M1440,C33879,28344.11,0.595,velocity,Medium,Investigating,0,0,Queue
ALT0003874,TXN00006582,2025-08-11 18:18:42,UPI,Mumbai,Utilities,M1860,C84269,6245.78,0.523,velocity,Low,Cleared,1,0,Done
ALT0003875,TXN00044512,2025-08-11 18:37:34,Wallet,Kochi,Grocery,M1884,C58923,21247.83,0.563,new_payee,Medium,Cleared,1,0,Done
ALT0003876,TXN00000182,2025-08-11 19:28:31,UPI,Chandigarh,Electronics,M1827,C60851,64614.52,0.537,velocity,Low,Cleared,1,0,Done
ALT0003877,TXN00047151,2025-08-11 19:39:24,UPI,Kochi,Grocery,M1390,C27390,172.93,0.502,device,Low,Open,0,0,Queue
ALT0003878,TXN00047020,2025-08-11 19:42:11,UPI,Ahmedabad,Fuel,M1778,C74144,8010.11,0.52,geo_mismatch,Low,Cleared,1,0,Done
ALT0003879,TXN00017855,2025-08-11 20:04:52,UPI,Surat,Travel,M1033,C22220,32237.02,0.549,amount_spike,Low,Open,0,0,Queue
ALT0003880,TXN00040407,2025-08-11 21:45:27,UPI,Indore,Utilities,M1479,C56007,18420.9,0.528,velocity,Low,Blocked,1,1,Done
ALT0003881,TXN00011526,2025-08-11 21:52:34,UPI,Indore,Electronics,M1413,C42706,1087.57,0.587,velocity,Medium,Investigating,0,0,Queue
ALT0003882,TXN00013726,2025-08-11 22:13:30,UPI,Chandigarh,Healthcare,M1722,C45084,642.97,0.5,velocity,Low,Cleared,1,0,Done
ALT0003883,TXN00012647,2025-08-11 23:02:47,Card,Delhi,Utilities,M1669,C56229,14123.84,0.582,velocity,Medium,Investigating,0,0,Queue
ALT0003884,TXN00046774,2025-08-11 23:06:12,UPI,Hyderabad,Fashion,M1382,C26831,4274.84,0.485,velocity,Low,Investigating,0,0,Queue
ALT0003885,TXN00021294,2025-08-11 23:13:43,Card,Chandigarh,Gaming,M1811,C46550,10786.84,0.576,night_burst,Medium,Open,0,0,Queue
ALT0003886,TXN00006051,2025-08-11 23:14:19,Card,Chandigarh,Grocery,M1498,C58444,1441.28,0.561,night_burst,Medium,Open,0,0,Queue
ALT0003887,TXN00015458,2025-08-11 23:26:48,UPI,Lucknow,Electronics,M1377,C55575,356.35,0.628,velocity,Medium,Open,0,0,Queue
ALT0003888,TXN00000805,2025-08-11 23:27:22,Card,Mumbai,Fuel,M1726,C44583,9373.3,0.564,night_burst,Medium,Escalated,0,0,Queue
ALT0003889,TXN00027480,2025-08-11 23:33:13,Card,Lucknow,Food Delivery,M1694,C82182,4176.46,0.536,new_payee,Low,Open,0,0,Queue
ALT0003890,TXN00015238,2025-08-11 23:36:45,Card,Indore,Utilities,M1804,C60304,6767.66,0.593,new_payee,Medium,Investigating,0,0,Queue
ALT0003891,TXN00046595,2025-08-11 23:37:58,UPI,Pune,Grocery,M1400,C72467,10552.09,0.564,velocity,Medium,Investigating,0,0,Queue
ALT0003892,TXN00012319,2025-08-11 23:41:19,UPI,Kolkata,Food Delivery,M1207,C62191,74347.81,0.578,night_burst,Medium,Blocked,1,1,Done
ALT0003893,TXN00019659,2025-08-11 23:45:02,Card,Jaipur,Education,M1236,C54320,6033.24,0.785,geo_mismatch,High,Escalated,0,0,Queue
ALT0003894,TXN00020855,2025-08-11 23:46:27,Card,Kochi,Grocery,M1400,C22845,27439.13,0.737,amount_spike,High,Investigating,0,0,Queue
ALT0003895,TXN00042502,2025-08-11 23:49:17,Card,Kolkata,Gaming,M1358,C18189,22130.92,0.554,night_burst,Medium,Cleared,1,0,Done
ALT0003896,TXN00010308,2025-08-11 23:54:43,UPI,Surat,Electronics,M1035,C35731,879.37,0.501,velocity,Low,Open,0,0,Queue
ALT0003897,TXN00013022,2025-08-11 23:56:31,UPI,Kolkata,Grocery,M1007,C48581,542.96,0.591,new_payee,Medium,Cleared,1,0,Done
ALT0003898,TXN00005507,2025-08-11 23:57:54,Card,Kochi,Gaming,M1456,C24940,5661.72,0.585,night_burst,Medium,Investigating,0,0,Queue
ALT0003899,TXN00036932,2025-08-11 23:58:24,UPI,Chennai,Utilities,M1341,C76852,738.43,0.615,velocity,Medium,Escalated,0,0,Queue
ALT0003900,TXN00018970,2025-08-11 23:58:49,UPI,Chennai,Fashion,M1092,C73612,1844.98,0.516,velocity,Low,Investigating,0,0,Queue
ALT0003901,TXN00007590,2025-08-12 00:00:36,Wallet,Bengaluru,Electronics,M1704,C47956,5267.23,0.579,velocity,Medium,Escalated,0,0,Queue
ALT0003902,TXN00038307,2025-08-12 00:00:47,UPI,Surat,Fuel,M1714,C33820,3922.15,0.538,velocity,Low,Cleared,1,0,Done
ALT0003903,TXN00002743,2025-08-12 00:04:45,UPI,Surat,Utilities,M1458,C21739,5630.6,0.54,night_burst,Low,Investigating,0,0,Queue
ALT0003904,TXN00012382,2025-08-12 00:20:58,Card,Chennai,Gaming,M1256,C51859,36354.14,0.66,amount_spike,Medium,Blocked,1,1,Done
ALT0003905,TXN00000096,2025-08-12 00:22:14,Card,Kolkata,Grocery,M1727,C49665,2245.0,0.528,velocity,Low,Blocked,1,1,Done
ALT0003906,TXN00030854,2025-08-12 00:22:44,Card,Hyderabad,Food Delivery,M1174,C83759,5572.55,0.545,night_burst,Low,Cleared,1,0,Done
ALT0003907,TXN00036664,2025-08-12 00:29:43,Card,Lucknow,Travel,M1326,C33941,2434.33,0.563,velocity,Medium,Cleared,1,0,Done
ALT0003908,TXN00007987,2025-08-12 00:32:48,UPI,Surat,Education,M1211,C82423,11174.23,0.525,velocity,Low,Cleared,1,0,Done
ALT0003909,TXN00019647,2025-08-12 00:33:38,UPI,Pune,Grocery,M1188,C79817,2872.87,0.658,geo_mismatch,Medium,Investigating,0,0,Queue
ALT0003910,TXN00021377,2025-08-12 00:33:58,UPI,Hyderabad,Travel,M1413,C28869,1285.97,0.512,new_payee,Low,Open,0,0,Queue
ALT0003911,TXN00026684,2025-08-12 00:38:02,UPI,Chennai,Electronics,M1291,C53928,13648.68,0.598,night_burst,Medium,Open,0,0,Queue
ALT0003912,TXN00034209,2025-08-12 00:41:54,UPI,Ahmedabad,Food Delivery,M1477,C35882,7806.03,0.589,device,Medium,Open,0,0,Queue
ALT0003913,TXN00038484,2025-08-12 00:46:51,Card,Nagpur,Utilities,M1187,C62520,350000.0,0.508,amount_spike,Low,Investigating,0,0,Queue
ALT0003914,TXN00009010,2025-08-12 00:52:29,UPI,Lucknow,Fuel,M1108,C15105,16002.25,0.559,new_payee,Medium,Open,0,0,Queue
ALT0003915,TXN00032182,2025-08-12 00:54:44,UPI,Surat,Electronics,M1231,C18366,2986.92,0.531,velocity,Low,Cleared,1,0,Done
ALT0003916,TXN00045909,2025-08-12 00:56:06,UPI,Chandigarh,Healthcare,M1536,C86039,68399.92,0.498,amount_spike,Low,Blocked,1,1,Done
ALT0003917,TXN00019509,2025-08-12 01:08:13,Card,Pune,Electronics,M1166,C17393,5401.81,0.562,velocity,Medium,Investigating,0,0,Queue
ALT0003918,TXN00010207,2025-08-12 01:08:59,UPI,Chennai,Utilities,M1099,C27464,1472.71,0.576,night_burst,Medium,Cleared,1,0,Done
ALT0003919,TXN00017245,2025-08-12 01:11:43,UPI,Kolkata,Fuel,M1755,C30513,2191.92,0.618,geo_mismatch,Medium,Open,0,0,Queue
ALT0003920,TXN00022411,2025-08-12 01:30:00,Wallet,Surat,Fashion,M1104,C25638,868.05,0.5,velocity,Low,Cleared,1,0,Done
ALT0003921,TXN00041814,2025-08-12 01:36:53,UPI,Delhi,Grocery,M1722,C81391,7294.97,0.578,velocity,Medium,Open,0,0,Queue
ALT0003922,TXN00009163,2025-08-12 01:37:17,Card,Ahmedabad,Fashion,M1380,C63912,187613.28,0.676,velocity,Medium,Investigating,0,0,Queue
ALT0003923,TXN00019803,2025-08-12 01:42:11,UPI,Kochi,Gaming,M1405,C46733,2172.75,0.536,night_burst,Low,Open,0,0,Queue
ALT0003924,TXN00034715,2025-08-12 01:42:37,UPI,Kolkata,Fuel,M1661,C64466,27634.14,0.806,amount_spike,High,Blocked,0,1,Done
ALT0003925,TXN00045546,2025-08-12 01:46:12,Card,Lucknow,Education,M1775,C45603,4273.45,0.697,velocity,High,Blocked,0,1,Done
ALT0003926,TXN00001323,2025-08-12 01:49:17,UPI,Lucknow,Electronics,M1704,C72554,1992.22,0.499,night_burst,Low,Investigating,0,0,Queue
ALT0003927,TXN00043266,2025-08-12 01:52:48,UPI,Surat,Fuel,M1874,C15271,22904.38,0.603,night_burst,Medium,Cleared,1,0,Done
ALT0003928,TXN00015370,2025-08-12 01:54:46,Card,Surat,Food Delivery,M1095,C20762,18536.59,0.798,night_burst,High,Investigating,0,0,Queue
ALT0003929,TXN00023412,2025-08-12 02:09:22,UPI,Kolkata,Travel,M1793,C60478,6655.21,0.763,night_burst,High,Investigating,0,0,Queue
ALT0003930,TXN00021117,2025-08-12 02:09:38,Wallet,Ahmedabad,Electronics,M1421,C16381,689.15,0.599,new_payee,Medium,Blocked,1,1,Done
ALT0003931,TXN00001196,2025-08-12 02:10:06,UPI,Bengaluru,Electronics,M1307,C83322,4615.56,0.575,night_burst,Medium,Investigating,0,0,Queue
ALT0003932,TXN00003886,2025-08-12 02:11:11,UPI,Kolkata,Food Delivery,M1524,C67900,2624.44,0.512,velocity,Low,Open,0,0,Queue
ALT0003933,TXN00019586,2025-08-12 02:11:24,Wallet,Mumbai,Electronics,M1070,C38841,1506.98,0.574,night_burst,Medium,Cleared,1,0,Done
ALT0003934,TXN00030019,2025-08-12 02:14:56,UPI,Hyderabad,Fashion,M1223,C80109,1383.65,0.538,velocity,Low,Open,0,0,Queue
ALT0003935,TXN00000395,2025-08-12 02:16:28,UPI,Nagpur,Fashion,M1656,C84803,13106.73,0.566,new_payee,Medium,Escalated,0,0,Queue
ALT0003936,TXN00006780,2025-08-12 02:36:45,UPI,Chennai,Food Delivery,M1607,C16490,7375.46,0.581,velocity,Medium,Investigating,0,0,Queue
ALT0003937,TXN00039977,2025-08-12 02:43:50,UPI,Bengaluru,Electronics,M1700,C49310,5046.25,0.567,velocity,Medium,Investigating,0,0,Queue
ALT0003938,TXN00016622,2025-08-12 02:44:26,Card,Chandigarh,Healthcare,M1619,C70368,10900.12,0.597,geo_mismatch,Medium,Investigating,0,0,Queue
ALT0003939,TXN00028556,2025-08-12 02:50:39,UPI,Kolkata,Electronics,M1178,C51246,26742.98,0.677,velocity,Medium,Open,0,0,Queue
ALT0003940,TXN00030829,2025-08-12 02:52:07,UPI,Delhi,Electronics,M1027,C68961,4489.76,0.609,velocity,Medium,Cleared,1,0,Done
ALT0003941,TXN00009329,2025-08-12 02:53:16,Card,Chennai,Travel,M1025,C43196,4845.79,0.606,velocity,Medium,Investigating,0,0,Queue
ALT0003942,TXN00007737,2025-08-12 02:56:19,UPI,Delhi,Fashion,M1405,C58416,3753.91,0.577,geo_mismatch,Medium,Blocked,1,1,Done
ALT0003943,TXN00016119,2025-08-12 03:07:22,Wallet,Mumbai,Gaming,M1357,C66814,3323.9,0.612,device,Medium,Cleared,1,0,Done
ALT0003944,TXN00045383,2025-08-12 03:08:21,UPI,Jaipur,Healthcare,M1781,C24744,6217.68,0.664,device,Medium,Investigating,0,0,Queue
ALT0003945,TXN00028668,2025-08-12 03:08:34,UPI,Lucknow,Electronics,M1205,C45820,9664.56,0.578,velocity,Medium,Escalated,0,0,Queue
ALT0003946,TXN00021391,2025-08-12 03:11:18,UPI,Bengaluru,Fuel,M1890,C56669,16309.69,0.617,amount_spike,Medium,Cleared,1,0,Done
ALT0003947,TXN00028237,2025-08-12 03:14:50,UPI,Bengaluru,Fuel,M1221,C43718,54001.87,0.574,velocity,Medium,Blocked,1,1,Done
ALT0003948,TXN00005023,2025-08-12 03:21:43,Card,Jaipur,Electronics,M1073,C45932,2018.44,0.499,night_burst,Low,Cleared,1,0,Done
ALT0003949,TXN00005933,2025-08-12 03:25:20,Card,Chandigarh,Gaming,M1019,C32644,25356.68,0.894,amount_spike,Critical,Blocked,0,1,Done
ALT0003950,TXN00014918,2025-08-12 03:33:19,UPI,Lucknow,Grocery,M1555,C69888,3473.39,0.538,night_burst,Low,Investigating,0,0,Queue
ALT0003951,TXN00026181,2025-08-12 03:33:27,UPI,Hyderabad,Food Delivery,M1548,C41259,1235.36,0.577,velocity,Medium,Cleared,1,0,Done
ALT0003952,TXN00024806,2025-08-12 03:36:58,UPI,Kochi,Grocery,M1311,C46025,6408.13,0.658,night_burst,Medium,Investigating,0,0,Queue
ALT0003953,TXN00005534,2025-08-12 03:42:16,Card,Delhi,Fuel,M1344,C71840,20767.73,0.584,night_burst,Medium,Cleared,1,0,Done
ALT0003954,TXN00013897,2025-08-12 03:42:20,Wallet,Surat,Electronics,M1023,C48738,3649.24,0.512,night_burst,Low,Open,0,0,Queue
ALT0003955,TXN00024355,2025-08-12 03:45:11,UPI,Delhi,Gaming,M1826,C63262,1114.09,0.67,velocity,Medium,Investigating,0,0,Queue
ALT0003956,TXN00043673,2025-08-12 03:46:29,UPI,Jaipur,Travel,M1506,C56722,1086.33,0.779,device,High,Investigating,0,0,Queue
ALT0003957,TXN00047913,2025-08-12 03:46:31,UPI,Surat,Grocery,M1867,C67948,21647.58,0.555,new_payee,Medium,Open,0,0,Queue
ALT0003958,TXN00011069,2025-08-12 03:49:48,UPI,Chennai,Fuel,M1871,C72222,10331.44,0.547,velocity,Low,Cleared,1,0,Done
ALT0003959,TXN00041274,2025-08-12 03:51:59,Card,Delhi,Food Delivery,M1329,C31032,18115.74,0.736,night_burst,High,Escalated,0,0,Queue
ALT0003960,TXN00015212,2025-08-12 03:56:00,Card,Mumbai,Fuel,M1511,C44866,8390.42,0.525,velocity,Low,Blocked,0,1,Done
ALT0003961,TXN00035814,2025-08-12 04:07:54,Card,Mumbai,Grocery,M1738,C33137,5899.79,0.483,night_burst,Low,Open,0,0,Queue
ALT0003962,TXN00008449,2025-08-12 04:11:58,UPI,Ahmedabad,Fashion,M1537,C25938,3629.74,0.521,velocity,Low,Cleared,1,0,Done
ALT0003963,TXN00044284,2025-08-12 04:13:14,UPI,Chennai,Grocery,M1271,C27717,353.22,0.607,night_burst,Medium,Blocked,1,1,Done
ALT0003964,TXN00003761,2025-08-12 04:16:32,Card,Jaipur,Fuel,M1802,C70015,30995.42,0.842,velocity,Critical,Blocked,1,1,Done
ALT0003965,TXN00027519,2025-08-12 04:17:09,Card,Nagpur,Healthcare,M1723,C47547,6920.04,0.559,new_payee,Medium,Investigating,0,0,Queue
ALT0003966,TXN00012360,2025-08-12 04:18:43,Card,Kochi,Food Delivery,M1282,C56076,31345.17,0.641,geo_mismatch,Medium,Open,0,0,Queue
ALT0003967,TXN00004779,2025-08-12 04:19:05,Wallet,Delhi,Gaming,M1327,C43858,2650.46,0.61,velocity,Medium,Escalated,0,0,Queue
ALT0003968,TXN00034910,2025-08-12 04:20:05,UPI,Ahmedabad,Grocery,M1420,C82705,4473.01,0.602,velocity,Medium,Blocked,1,1,Done
ALT0003969,TXN00002754,2025-08-12 04:21:29,UPI,Chandigarh,Utilities,M1207,C36974,3067.74,0.541,velocity,Low,Blocked,1,1,Done
ALT0003970,TXN00013921,2025-08-12 04:23:12,UPI,Jaipur,Food Delivery,M1460,C73247,26418.03,0.608,new_payee,Medium,Investigating,0,0,Queue
ALT0003971,TXN00001738,2025-08-12 04:33:08,UPI,Lucknow,Travel,M1208,C12227,4716.27,0.54,night_burst,Low,Open,0,0,Queue
ALT0003972,TXN00031090,2025-08-12 04:36:24,Card,Mumbai,Food Delivery,M1430,C10883,9750.92,0.6,night_burst,Medium,Investigating,0,0,Queue
ALT0003973,TXN00011220,2025-08-12 04:38:55,UPI,Chandigarh,Grocery,M1839,C25969,8281.55,0.547,velocity,Low,Cleared,1,0,Done
ALT0003974,TXN00038885,2025-08-12 04:40:10,UPI,Hyderabad,Healthcare,M1056,C24207,7173.58,0.652,night_burst,Medium,Investigating,0,0,Queue
ALT0003975,TXN00044120,2025-08-12 04:44:11,UPI,Ahmedabad,Healthcare,M1321,C46078,9084.33,0.587,new_payee,Medium,Cleared,1,0,Done
ALT0003976,TXN00041406,2025-08-12 04:46:06,Wallet,Lucknow,Travel,M1425,C23066,1547.85,0.701,velocity,High,Blocked,1,1,Done
ALT0003977,TXN00026369,2025-08-12 04:51:29,UPI,Kochi,Travel,M1312,C36964,21171.99,0.589,velocity,Medium,Blocked,0,1,Done
ALT0003978,TXN00024854,2025-08-12 04:52:56,UPI,Hyderabad,Fashion,M1478,C70783,2404.44,0.483,velocity,Low,Open,0,0,Queue
ALT0003979,TXN00038127,2025-08-12 04:56:26,UPI,Mumbai,Fuel,M1822,C46830,4157.27,0.569,velocity,Medium,Blocked,1,1,Done
ALT0003980,TXN00002348,2025-08-12 04:57:10,UPI,Ahmedabad,Fashion,M1864,C85764,1339.72,0.493,velocity,Low,Cleared,1,0,Done
ALT0003981,TXN00012659,2025-08-12 04:57:17,UPI,Indore,Education,M1739,C32837,315.83,0.515,velocity,Low,Cleared,1,0,Done
ALT0003982,TXN00014975,2025-08-12 05:13:53,UPI,Surat,Fashion,M1804,C29024,3923.0,0.565,geo_mismatch,Medium,Blocked,1,1,Done
ALT0003983,TXN00040762,2025-08-12 05:26:44,Card,Mumbai,Electronics,M1280,C85451,598.12,0.546,velocity,Low,Blocked,0,1,Done
ALT0003984,TXN00036561,2025-08-12 05:42:32,Card,Hyderabad,Food Delivery,M1136,C85168,1389.14,0.581,new_payee,Medium,Open,0,0,Queue
ALT0003985,TXN00023775,2025-08-12 05:56:55,UPI,Lucknow,Grocery,M1576,C10081,1304.68,0.555,geo_mismatch,Medium,Cleared,1,0,Done
ALT0003986,TXN00011884,2025-08-12 06:00:52,Card,Chandigarh,Healthcare,M1044,C31863,35305.28,0.55,amount_spike,Low,Cleared,1,0,Done
ALT0003987,TXN00046296,2025-08-12 06:03:56,UPI,Chandigarh,Grocery,M1862,C18749,1324.42,0.625,velocity,Medium,Investigating,0,0,Queue
ALT0003988,TXN00024232,2025-08-12 06:04:27,UPI,Nagpur,Grocery,M1199,C12243,2196.99,0.642,velocity,Medium,Cleared,1,0,Done
ALT0003989,TXN00006143,2025-08-12 07:01:35,UPI,Nagpur,Travel,M1068,C65272,1569.58,0.548,device,Low,Open,0,0,Queue
ALT0003990,TXN00018599,2025-08-12 07:05:41,UPI,Chandigarh,Grocery,M1859,C41533,3126.99,0.504,device,Low,Investigating,0,0,Queue
ALT0003991,TXN00003263,2025-08-12 07:19:56,UPI,Chandigarh,Fuel,M1574,C68833,12951.92,0.589,geo_mismatch,Medium,Blocked,1,1,Done
ALT0003992,TXN00040288,2025-08-12 08:05:06,UPI,Kolkata,Food Delivery,M1279,C35273,34494.29,0.624,amount_spike,Medium,Investigating,0,0,Queue
ALT0003993,TXN00003440,2025-08-12 08:20:13,UPI,Chandigarh,Grocery,M1267,C52577,8455.92,0.494,device,Low,Cleared,1,0,Done
ALT0003994,TXN00034464,2025-08-12 08:41:09,UPI,Pune,Fuel,M1111,C70005,48648.42,0.481,amount_spike,Low,Open,0,0,Queue
ALT0003995,TXN00045560,2025-08-12 08:48:40,Card,Kolkata,Food Delivery,M1202,C72692,1132.27,0.53,geo_mismatch,Low,Cleared,1,0,Done
ALT0003996,TXN00034014,2025-08-12 09:20:39,Card,Lucknow,Electronics,M1677,C70402,244184.5,0.602,velocity,Medium,Blocked,1,1,Done
ALT0003997,TXN00023520,2025-08-12 09:38:17,Card,Jaipur,Electronics,M1229,C67176,2287.11,0.645,device,Medium,Cleared,1,0,Done
ALT0003998,TXN00005382,2025-08-12 09:40:33,UPI,Kolkata,Grocery,M1539,C65134,1453.81,0.642,device,Medium,Open,0,0,Queue
ALT0003999,TXN00013381,2025-08-12 09:51:45,UPI,Ahmedabad,Healthcare,M1885,C80017,1541.48,0.565,velocity,Medium,Blocked,0,1,Done
ALT0004000,TXN00015947,2025-08-12 10:09:41,UPI,Jaipur,Grocery,M1050,C80111,1432.01,0.589,velocity,Medium,Escalated,0,0,Queue
ALT0004001,TXN00031257,2025-08-12 10:24:12,Card,Chandigarh,Travel,M1622,C88911,52091.48,0.604,velocity,Medium,Blocked,0,1,Done
ALT0004002,TXN00028988,2025-08-12 10:37:09,Card,Bengaluru,Food Delivery,M1630,C52307,1482.13,0.614,velocity,Medium,Investigating,0,0,Queue
ALT0004003,TXN00005704,2025-08-12 10:41:31,Card,Ahmedabad,Utilities,M1742,C37648,471.62,0.576,device,Medium,Blocked,0,1,Done
ALT0004004,TXN00006839,2025-08-12 10:44:14,Card,Surat,Utilities,M1804,C78179,36786.1,0.616,geo_mismatch,Medium,Escalated,0,0,Queue
ALT0004005,TXN00034110,2025-08-12 10:47:57,UPI,Indore,Travel,M1790,C86089,2224.03,0.585,device,Medium,Cleared,1,0,Done
ALT0004006,TXN00047577,2025-08-12 11:43:17,Card,Kolkata,Utilities,M1182,C47443,6890.44,0.483,velocity,Low,Cleared,1,0,Done
ALT0004007,TXN00037924,2025-08-12 11:49:12,UPI,Kolkata,Fashion,M1601,C86511,6954.89,0.598,device,Medium,Blocked,0,1,Done
ALT0004008,TXN00037900,2025-08-12 11:49:56,UPI,Kochi,Travel,M1263,C80838,6346.27,0.563,velocity,Medium,Open,0,0,Queue
ALT0004009,TXN00047406,2025-08-12 12:05:15,UPI,Kolkata,Grocery,M1432,C62149,7737.22,0.54,device,Low,Cleared,1,0,Done
ALT0004010,TXN00021652,2025-08-12 12:42:04,Card,Indore,Healthcare,M1678,C32628,33514.98,0.62,velocity,Medium,Blocked,1,1,Done
ALT0004011,TXN00044362,2025-08-12 12:42:22,Wallet,Indore,Grocery,M1018,C73135,2359.8,0.612,new_payee,Medium,Open,0,0,Queue
ALT0004012,TXN00015220,2025-08-12 13:08:23,Card,Chennai,Electronics,M1596,C18682,1916.49,0.686,velocity,High,Investigating,0,0,Queue
ALT0004013,TXN00013312,2025-08-12 13:50:50,UPI,Pune,Grocery,M1685,C20568,1557.77,0.611,velocity,Medium,Cleared,1,0,Done
ALT0004014,TXN00022513,2025-08-12 13:56:02,UPI,Chandigarh,Fuel,M1269,C36959,328.82,0.507,velocity,Low,Cleared,1,0,Done
ALT0004015,TXN00038161,2025-08-12 14:02:01,Card,Delhi,Travel,M1183,C24091,12267.77,0.603,device,Medium,Cleared,1,0,Done
ALT0004016,TXN00025287,2025-08-12 14:19:38,Card,Indore,Grocery,M1667,C13480,43190.8,0.492,device,Low,Cleared,1,0,Done
ALT0004017,TXN00025623,2025-08-12 15:45:20,UPI,Indore,Electronics,M1204,C84072,3131.59,0.552,new_payee,Medium,Cleared,1,0,Done
ALT0004018,TXN00030287,2025-08-12 16:04:28,Card,Chennai,Fashion,M1106,C35773,161152.92,0.606,velocity,Medium,Cleared,1,0,Done
ALT0004019,TXN00010340,2025-08-12 16:14:04,Card,Kolkata,Fashion,M1451,C68101,31901.82,0.598,amount_spike,Medium,Blocked,1,1,Done
ALT0004020,TXN00003143,2025-08-12 16:26:42,UPI,Bengaluru,Healthcare,M1387,C74795,25938.1,0.509,velocity,Low,Open,0,0,Queue
ALT0004021,TXN00017582,2025-08-12 16:47:13,UPI,Kolkata,Fashion,M1593,C18274,3739.71,0.632,device,Medium,Cleared,1,0,Done
ALT0004022,TXN00038893,2025-08-12 17:05:32,Card,Delhi,Education,M1444,C19110,111844.49,0.582,new_payee,Medium,Blocked,1,1,Done
ALT0004023,TXN00038308,2025-08-12 17:12:43,UPI,Kolkata,Fuel,M1458,C73449,29339.66,0.538,amount_spike,Low,Open,0,0,Queue
ALT0004024,TXN00007915,2025-08-12 17:36:51,UPI,Kolkata,Electronics,M1802,C46991,2105.67,0.616,device,Medium,Open,0,0,Queue
ALT0004025,TXN00036871,2025-08-12 17:49:21,UPI,Nagpur,Food Delivery,M1407,C50553,2579.63,0.484,device,Low,Cleared,1,0,Done
ALT0004026,TXN00018438,2025-08-12 18:21:09,Card,Pune,Electronics,M1206,C75649,3039.23,0.495,velocity,Low,Cleared,1,0,Done
ALT0004027,TXN00038075,2025-08-12 18:35:04,UPI,Jaipur,Electronics,M1203,C43203,3804.91,0.534,velocity,Low,Cleared,1,0,Done
ALT0004028,TXN00017452,2025-08-12 19:57:55,Card,Kolkata,Food Delivery,M1453,C53306,15758.8,0.57,velocity,Medium,Open,0,0,Queue
ALT0004029,TXN00038108,2025-08-12 21:03:16,UPI,Kochi,Fuel,M1557,C37187,2147.47,0.535,velocity,Low,Open,0,0,Queue
ALT0004030,TXN00036789,2025-08-12 21:16:39,Card,Chennai,Fashion,M1034,C19821,5441.79,0.62,velocity,Medium,Cleared,1,0,Done
ALT0004031,TXN00045742,2025-08-12 21:53:38,UPI,Kochi,Gaming,M1643,C51583,6757.94,0.525,device,Low,Investigating,0,0,Queue
ALT0004032,TXN00040967,2025-08-12 21:57:19,Card,Indore,Healthcare,M1810,C52037,25662.36,0.489,velocity,Low,Cleared,1,0,Done
ALT0004033,TXN00015678,2025-08-12 22:22:47,Wallet,Lucknow,Utilities,M1873,C27978,9655.94,0.64,device,Medium,Cleared,1,0,Done
ALT0004034,TXN00037338,2025-08-12 22:28:16,Card,Bengaluru,Education,M1812,C50334,315632.71,0.58,amount_spike,Medium,Investigating,0,0,Queue
ALT0004035,TXN00036832,2025-08-12 22:28:31,UPI,Surat,Electronics,M1465,C61849,1324.32,0.584,new_payee,Medium,Investigating,0,0,Queue
ALT0004036,TXN00013061,2025-08-12 22:29:57,Card,Jaipur,Gaming,M1631,C84489,98871.44,0.555,amount_spike,Medium,Investigating,0,0,Queue
ALT0004037,TXN00041794,2025-08-12 23:02:08,Wallet,Pune,Grocery,M1323,C49439,1955.02,0.552,velocity,Medium,Open,0,0,Queue
ALT0004038,TXN00005566,2025-08-12 23:06:08,UPI,Mumbai,Healthcare,M1138,C52406,2033.9,0.665,device,Medium,Blocked,0,1,Done
ALT0004039,TXN00046214,2025-08-12 23:13:53,UPI,Mumbai,Travel,M1792,C16319,4537.35,0.512,velocity,Low,Cleared,1,0,Done
ALT0004040,TXN00006426,2025-08-12 23:17:48,UPI,Lucknow,Travel,M1533,C42894,45694.89,0.592,new_payee,Medium,Investigating,0,0,Queue
ALT0004041,TXN00026879,2025-08-12 23:19:42,UPI,Delhi,Electronics,M1327,C20057,9142.63,0.657,velocity,Medium,Open,0,0,Queue
ALT0004042,TXN00046264,2025-08-12 23:19:49,Wallet,Ahmedabad,Grocery,M1056,C41879,347.51,0.596,device,Medium,Investigating,0,0,Queue
ALT0004043,TXN00015805,2025-08-12 23:21:33,Wallet,Jaipur,Food Delivery,M1222,C43389,2112.06,0.528,new_payee,Low,Investigating,0,0,Queue
ALT0004044,TXN00033750,2025-08-12 23:24:20,UPI,Hyderabad,Utilities,M1519,C78291,2510.4,0.545,night_burst,Low,Cleared,1,0,Done
ALT0004045,TXN00015984,2025-08-12 23:31:12,UPI,Kochi,Electronics,M1011,C45418,36583.12,0.495,night_burst,Low,Cleared,1,0,Done
ALT0004046,TXN00012396,2025-08-12 23:31:14,UPI,Ahmedabad,Food Delivery,M1059,C61352,4714.12,0.766,device,High,Open,0,0,Queue
ALT0004047,TXN00040511,2025-08-12 23:34:37,UPI,Lucknow,Grocery,M1347,C75642,5703.59,0.598,new_payee,Medium,Investigating,0,0,Queue
ALT0004048,TXN00039908,2025-08-12 23:42:42,UPI,Kochi,Fuel,M1526,C74341,2850.45,0.596,velocity,Medium,Open,0,0,Queue
ALT0004049,TXN00033070,2025-08-12 23:46:35,Card,Pune,Grocery,M1371,C63476,2503.78,0.586,velocity,Medium,Blocked,0,1,Done
ALT0004050,TXN00028786,2025-08-12 23:46:37,UPI,Chennai,Electronics,M1117,C73562,2224.93,0.603,velocity,Medium,Blocked,0,1,Done
ALT0004051,TXN00012561,2025-08-12 23:49:10,Card,Nagpur,Fashion,M1423,C11271,18058.94,0.602,velocity,Medium,Escalated,0,0,Queue
ALT0004052,TXN00002438,2025-08-12 23:51:54,Wallet,Kolkata,Food Delivery,M1114,C45990,13276.25,0.599,device,Medium,Blocked,0,1,Done
ALT0004053,TXN00007884,2025-08-12 23:55:58,Card,Ahmedabad,Food Delivery,M1797,C46675,4348.9,0.592,new_payee,Medium,Cleared,1,0,Done
ALT0004054,TXN00027334,2025-08-12 23:59:17,UPI,Chandigarh,Food Delivery,M1249,C53243,21130.01,0.48,new_payee,Low,Open,0,0,Queue
ALT0004055,TXN00038411,2025-08-13 00:01:20,UPI,Lucknow,Fuel,M1451,C34553,674.71,0.583,velocity,Medium,Blocked,1,1,Done
ALT0004056,TXN00014523,2025-08-13 00:02:44,Card,Mumbai,Utilities,M1017,C41109,7437.91,0.609,velocity,Medium,Cleared,1,0,Done
ALT0004057,TXN00009358,2025-08-13 00:04:12,UPI,Nagpur,Healthcare,M1799,C81792,372.4,0.533,night_burst,Low,Open,0,0,Queue
ALT0004058,TXN00043208,2025-08-13 00:04:40,UPI,Delhi,Fashion,M1293,C37647,4003.98,0.815,velocity,High,Escalated,0,0,Queue
ALT0004059,TXN00039780,2025-08-13 00:07:07,Card,Kochi,Gaming,M1394,C85662,63066.46,0.556,velocity,Medium,Cleared,1,0,Done
ALT0004060,TXN00034400,2025-08-13 00:10:46,Card,Surat,Food Delivery,M1422,C24390,4139.52,0.608,velocity,Medium,Blocked,0,1,Done
ALT0004061,TXN00002768,2025-08-13 00:11:27,Card,Delhi,Food Delivery,M1448,C23884,5157.98,0.546,velocity,Low,Open,0,0,Queue
ALT0004062,TXN00039524,2025-08-13 00:12:06,Card,Ahmedabad,Grocery,M1834,C87801,11282.14,0.761,night_burst,High,Open,0,0,Queue
ALT0004063,TXN00034551,2025-08-13 00:13:51,Wallet,Surat,Travel,M1223,C38381,9514.98,0.525,velocity,Low,Open,0,0,Queue
ALT0004064,TXN00029275,2025-08-13 00:14:14,UPI,Hyderabad,Healthcare,M1680,C62637,6003.41,0.6,velocity,Medium,Cleared,1,0,Done
ALT0004065,TXN00045991,2025-08-13 00:18:05,UPI,Mumbai,Healthcare,M1243,C50862,33129.42,0.561,amount_spike,Medium,Cleared,1,0,Done
ALT0004066,TXN00045887,2025-08-13 00:20:17,Card,Kochi,Electronics,M1083,C20557,4093.89,0.628,night_burst,Medium,Open,0,0,Queue
ALT0004067,TXN00005855,2025-08-13 00:21:34,Card,Hyderabad,Travel,M1538,C63793,30785.29,0.51,night_burst,Low,Cleared,1,0,Done
ALT0004068,TXN00036099,2025-08-13 00:23:35,UPI,Surat,Fashion,M1228,C80391,3583.39,0.482,velocity,Low,Open,0,0,Queue
ALT0004069,TXN00034162,2025-08-13 00:24:46,UPI,Delhi,Healthcare,M1049,C34517,5421.14,0.612,night_burst,Medium,Open,0,0,Queue
ALT0004070,TXN00034309,2025-08-13 00:27:19,UPI,Delhi,Fuel,M1534,C51569,3932.78,0.607,night_burst,Medium,Cleared,1,0,Done
ALT0004071,TXN00004987,2025-08-13 00:39:50,UPI,Chandigarh,Healthcare,M1603,C45346,1106.09,0.504,velocity,Low,Cleared,1,0,Done
ALT0004072,TXN00034377,2025-08-13 00:43:11,UPI,Lucknow,Fuel,M1497,C57034,8765.19,0.516,night_burst,Low,Blocked,0,1,Done
ALT0004073,TXN00035172,2025-08-13 00:48:35,Card,Chandigarh,Electronics,M1327,C73813,4122.89,0.52,velocity,Low,Cleared,1,0,Done
ALT0004074,TXN00013075,2025-08-13 00:49:56,UPI,Kochi,Fashion,M1173,C81581,8520.55,0.71,new_payee,High,Investigating,0,0,Queue
ALT0004075,TXN00020137,2025-08-13 00:49:58,Card,Lucknow,Fashion,M1701,C45317,1392.55,0.52,velocity,Low,Investigating,0,0,Queue
ALT0004076,TXN00033997,2025-08-13 00:59:58,Wallet,Lucknow,Utilities,M1789,C63905,392.0,0.509,night_burst,Low,Cleared,1,0,Done
ALT0004077,TXN00029528,2025-08-13 01:01:08,UPI,Chandigarh,Fashion,M1813,C44180,1761.69,0.598,night_burst,Medium,Cleared,1,0,Done
ALT0004078,TXN00018035,2025-08-13 01:08:55,Card,Ahmedabad,Grocery,M1846,C87139,76275.84,0.572,night_burst,Medium,Open,0,0,Queue
ALT0004079,TXN00039616,2025-08-13 01:09:42,Wallet,Pune,Gaming,M1623,C20824,12000.53,0.488,night_burst,Low,Cleared,1,0,Done
ALT0004080,TXN00006949,2025-08-13 01:11:41,UPI,Ahmedabad,Gaming,M1273,C33939,7988.37,0.541,velocity,Low,Cleared,1,0,Done
ALT0004081,TXN00025237,2025-08-13 01:12:55,Card,Chandigarh,Travel,M1476,C75861,204506.64,0.764,amount_spike,High,Escalated,0,0,Queue
ALT0004082,TXN00012848,2025-08-13 01:12:59,UPI,Mumbai,Fuel,M1149,C52823,46138.55,0.5,velocity,Low,Cleared,1,0,Done
ALT0004083,TXN00005558,2025-08-13 01:14:05,UPI,Mumbai,Electronics,M1876,C59934,5235.41,0.602,velocity,Medium,Investigating,0,0,Queue
ALT0004084,TXN00002369,2025-08-13 01:16:20,Card,Indore,Fuel,M1091,C39179,9260.01,0.82,device,High,Investigating,0,0,Queue
ALT0004085,TXN00029426,2025-08-13 01:17:13,UPI,Pune,Electronics,M1369,C75002,63522.1,0.539,velocity,Low,Investigating,0,0,Queue
ALT0004086,TXN00044710,2025-08-13 01:18:34,UPI,Bengaluru,Grocery,M1306,C50429,13997.48,0.484,night_burst,Low,Investigating,0,0,Queue
ALT0004087,TXN00043244,2025-08-13 01:19:53,Card,Chandigarh,Fashion,M1176,C21853,45594.6,0.796,velocity,High,Cleared,0,0,Done
ALT0004088,TXN00035843,2025-08-13 01:22:53,Card,Chennai,Grocery,M1155,C79336,38152.25,0.747,amount_spike,High,Blocked,0,1,Done
ALT0004089,TXN00012923,2025-08-13 01:27:54,Card,Delhi,Grocery,M1853,C31828,8180.23,0.575,velocity,Medium,Blocked,0,1,Done
ALT0004090,TXN00031806,2025-08-13 01:28:12,UPI,Hyderabad,Electronics,M1348,C62437,7368.96,0.59,velocity,Medium,Blocked,0,1,Done
ALT0004091,TXN00022745,2025-08-13 01:30:43,UPI,Mumbai,Fuel,M1224,C25824,32386.17,0.51,velocity,Low,Cleared,1,0,Done
ALT0004092,TXN00014726,2025-08-13 01:32:10,UPI,Bengaluru,Grocery,M1566,C55550,912.24,0.511,velocity,Low,Cleared,1,0,Done
ALT0004093,TXN00047612,2025-08-13 01:48:40,Wallet,Chandigarh,Fashion,M1322,C73234,1210.7,0.48,new_payee,Low,Cleared,1,0,Done
ALT0004094,TXN00012041,2025-08-13 01:49:18,Wallet,Mumbai,Fashion,M1353,C43812,696.24,0.596,velocity,Medium,Open,0,0,Queue
ALT0004095,TXN00024556,2025-08-13 01:51:53,UPI,Pune,Education,M1262,C76312,10955.59,0.508,new_payee,Low,Open,0,0,Queue
ALT0004096,TXN00038998,2025-08-13 02:01:57,Wallet,Surat,Fashion,M1713,C34231,3827.39,0.592,night_burst,Medium,Open,0,0,Queue
ALT0004097,TXN00020682,2025-08-13 02:06:26,Wallet,Bengaluru,Gaming,M1051,C15152,5049.03,0.566,velocity,Medium,Cleared,1,0,Done
ALT0004098,TXN00006919,2025-08-13 02:06:41,Card,Nagpur,Food Delivery,M1129,C32415,5772.55,0.524,new_payee,Low,Cleared,1,0,Done
ALT0004099,TXN00007034,2025-08-13 02:06:52,UPI,Bengaluru,Food Delivery,M1018,C27612,443.52,0.617,velocity,Medium,Investigating,0,0,Queue
ALT0004100,TXN00001036,2025-08-13 02:11:16,UPI,Bengaluru,Gaming,M1778,C83728,8718.18,0.66,new_payee,Medium,Blocked,0,1,Done
ALT0004101,TXN00036319,2025-08-13 02:11:19,UPI,Bengaluru,Travel,M1652,C74802,1957.99,0.67,velocity,Medium,Cleared,1,0,Done
ALT0004102,TXN00019441,2025-08-13 02:11:58,UPI,Surat,Utilities,M1492,C27732,2512.67,0.53,velocity,Low,Cleared,1,0,Done
ALT0004103,TXN00046660,2025-08-13 02:12:35,UPI,Mumbai,Fuel,M1224,C42350,5404.77,0.58,velocity,Medium,Investigating,0,0,Queue
ALT0004104,TXN00007191,2025-08-13 02:17:19,Card,Bengaluru,Fuel,M1896,C18727,5619.6,0.82,new_payee,High,Blocked,0,1,Done
ALT0004105,TXN00035096,2025-08-13 02:18:33,UPI,Jaipur,Healthcare,M1571,C19735,2569.11,0.487,velocity,Low,Open,0,0,Queue
ALT0004106,TXN00009248,2025-08-13 02:26:33,Wallet,Delhi,Travel,M1655,C33023,2342.16,0.594,night_burst,Medium,Investigating,0,0,Queue
ALT0004107,TXN00034992,2025-08-13 02:42:15,UPI,Surat,Fashion,M1698,C20474,1093.77,0.481,velocity,Low,Open,0,0,Queue
ALT0004108,TXN00034980,2025-08-13 02:44:57,UPI,Kochi,Fuel,M1102,C13672,2022.99,0.539,velocity,Low,Cleared,1,0,Done
ALT0004109,TXN00035601,2025-08-13 02:45:05,UPI,Indore,Fashion,M1554,C84185,2802.66,0.49,night_burst,Low,Open,0,0,Queue
ALT0004110,TXN00039519,2025-08-13 02:45:51,Card,Ahmedabad,Fuel,M1326,C52179,19504.76,0.513,amount_spike,Low,Cleared,1,0,Done
ALT0004111,TXN00009042,2025-08-13 02:57:49,UPI,Nagpur,Utilities,M1313,C19386,979.24,0.593,new_payee,Medium,Blocked,0,1,Done
ALT0004112,TXN00015876,2025-08-13 03:00:58,Card,Indore,Grocery,M1640,C57917,73033.11,0.509,amount_spike,Low,Investigating,0,0,Queue
ALT0004113,TXN00038141,2025-08-13 03:08:28,Card,Hyderabad,Electronics,M1568,C34225,24287.42,0.539,velocity,Low,Cleared,1,0,Done
ALT0004114,TXN00040003,2025-08-13 03:10:11,Card,Indore,Electronics,M1081,C82754,1419.48,0.549,velocity,Low,Cleared,1,0,Done
ALT0004115,TXN00029222,2025-08-13 03:18:50,Card,Bengaluru,Healthcare,M1862,C11055,2263.8,0.62,night_burst,Medium,Open,0,0,Queue
ALT0004116,TXN00032303,2025-08-13 03:22:32,Card,Chennai,Fuel,M1247,C54243,9359.93,0.527,night_burst,Low,Blocked,1,1,Done
ALT0004117,TXN00003340,2025-08-13 03:33:07,Card,Nagpur,Utilities,M1386,C65124,2114.81,0.627,velocity,Medium,Cleared,1,0,Done
ALT0004118,TXN00007526,2025-08-13 03:36:53,UPI,Nagpur,Electronics,M1274,C62278,22335.5,0.603,new_payee,Medium,Open,0,0,Queue
ALT0004119,TXN00024356,2025-08-13 03:40:36,UPI,Kolkata,Healthcare,M1505,C68954,16870.39,0.56,amount_spike,Medium,Investigating,0,0,Queue
ALT0004120,TXN00028463,2025-08-13 03:44:53,UPI,Chennai,Fuel,M1028,C88527,17828.76,0.5,new_payee,Low,Investigating,0,0,Queue
ALT0004121,TXN00009631,2025-08-13 03:47:10,UPI,Surat,Grocery,M1816,C31972,598.77,0.488,new_payee,Low,Open,0,0,Queue
ALT0004122,TXN00046881,2025-08-13 03:56:22,UPI,Kolkata,Travel,M1468,C20253,5695.45,0.593,velocity,Medium,Cleared,1,0,Done
ALT0004123,TXN00021577,2025-08-13 04:03:57,Wallet,Kochi,Gaming,M1794,C50769,516.21,0.592,velocity,Medium,Cleared,1,0,Done
ALT0004124,TXN00043246,2025-08-13 04:05:03,Card,Mumbai,Grocery,M1549,C87811,3537.61,0.617,night_burst,Medium,Investigating,0,0,Queue
ALT0004125,TXN00004955,2025-08-13 04:13:42,UPI,Delhi,Travel,M1032,C49115,689.71,0.57,velocity,Medium,Investigating,0,0,Queue
ALT0004126,TXN00015800,2025-08-13 04:18:12,Wallet,Lucknow,Electronics,M1100,C26410,12071.35,0.557,night_burst,Medium,Investigating,0,0,Queue
ALT0004127,TXN00040291,2025-08-13 04:23:05,Card,Hyderabad,Utilities,M1494,C22386,150726.92,0.536,amount_spike,Low,Cleared,1,0,Done
ALT0004128,TXN00037276,2025-08-13 04:31:38,Card,Delhi,Fashion,M1608,C57670,10642.41,0.555,velocity,Medium,Cleared,1,0,Done
ALT0004129,TXN00018348,2025-08-13 04:33:55,UPI,Nagpur,Healthcare,M1497,C18695,5954.8,0.531,night_burst,Low,Investigating,0,0,Queue
ALT0004130,TXN00011448,2025-08-13 04:34:26,UPI,Kolkata,Education,M1699,C29527,788.99,0.518,night_burst,Low,Cleared,1,0,Done
ALT0004131,TXN00032571,2025-08-13 04:34:55,UPI,Chandigarh,Healthcare,M1156,C39244,6572.42,0.574,night_burst,Medium,Blocked,1,1,Done
ALT0004132,TXN00019543,2025-08-13 04:52:45,UPI,Pune,Education,M1012,C60455,2272.51,0.576,device,Medium,Investigating,0,0,Queue
ALT0004133,TXN00027690,2025-08-13 04:54:33,UPI,Ahmedabad,Grocery,M1021,C60051,4766.9,0.492,night_burst,Low,Investigating,0,0,Queue
ALT0004134,TXN00009907,2025-08-13 04:58:29,UPI,Ahmedabad,Grocery,M1523,C84724,1897.18,0.507,new_payee,Low,Open,0,0,Queue
ALT0004135,TXN00012297,2025-08-13 04:58:54,UPI,Indore,Grocery,M1440,C40840,590.19,0.549,velocity,Low,Cleared,1,0,Done
ALT0004136,TXN00030074,2025-08-13 05:50:26,Card,Mumbai,Fuel,M1725,C32134,278281.32,0.495,new_payee,Low,Investigating,0,0,Queue
ALT0004137,TXN00029614,2025-08-13 06:16:18,Wallet,Ahmedabad,Fuel,M1697,C87742,7567.33,0.506,velocity,Low,Blocked,1,1,Done
ALT0004138,TXN00027938,2025-08-13 06:33:06,Card,Nagpur,Electronics,M1486,C83410,42446.28,0.583,amount_spike,Medium,Escalated,0,0,Queue
ALT0004139,TXN00028418,2025-08-13 06:37:59,UPI,Lucknow,Electronics,M1376,C68021,787.47,0.576,velocity,Medium,Blocked,1,1,Done
ALT0004140,TXN00035371,2025-08-13 06:50:53,UPI,Kochi,Education,M1307,C48887,70024.85,0.511,amount_spike,Low,Open,0,0,Queue
ALT0004141,TXN00033819,2025-08-13 06:52:46,UPI,Kolkata,Grocery,M1131,C60421,13370.33,0.501,device,Low,Cleared,1,0,Done
ALT0004142,TXN00030244,2025-08-13 07:19:03,UPI,Chennai,Gaming,M1338,C72165,831.27,0.624,device,Medium,Blocked,1,1,Done
ALT0004143,TXN00043253,2025-08-13 08:13:46,UPI,Nagpur,Electronics,M1606,C83402,8536.81,0.493,device,Low,Cleared,1,0,Done
ALT0004144,TXN00023692,2025-08-13 09:15:10,UPI,Surat,Food Delivery,M1059,C61440,1675.55,0.625,velocity,Medium,Blocked,1,1,Done
ALT0004145,TXN00047710,2025-08-13 09:43:40,UPI,Surat,Gaming,M1059,C79570,2695.4,0.481,device,Low,Open,0,0,Queue
ALT0004146,TXN00042174,2025-08-13 09:58:03,UPI,Delhi,Grocery,M1495,C42729,8464.02,0.613,velocity,Medium,Blocked,0,1,Done
ALT0004147,TXN00008804,2025-08-13 09:59:03,UPI,Surat,Electronics,M1234,C46567,2938.64,0.497,velocity,Low,Open,0,0,Queue
ALT0004148,TXN00006868,2025-08-13 10:03:32,UPI,Hyderabad,Electronics,M1816,C37687,219914.83,0.615,geo_mismatch,Medium,Escalated,0,0,Queue
ALT0004149,TXN00001438,2025-08-13 10:06:49,UPI,Hyderabad,Fuel,M1384,C53806,5952.02,0.573,velocity,Medium,Investigating,0,0,Queue
ALT0004150,TXN00040968,2025-08-13 10:06:57,UPI,Pune,Utilities,M1792,C81100,293.1,0.496,device,Low,Blocked,1,1,Done
ALT0004151,TXN00044079,2025-08-13 10:27:57,UPI,Pune,Fashion,M1709,C81670,1802.45,0.608,velocity,Medium,Cleared,1,0,Done
ALT0004152,TXN00013508,2025-08-13 10:28:34,Wallet,Kochi,Fuel,M1230,C72984,2916.32,0.589,new_payee,Medium,Cleared,1,0,Done
ALT0004153,TXN00031145,2025-08-13 10:48:40,Card,Ahmedabad,Fashion,M1805,C63269,5102.99,0.51,device,Low,Open,0,0,Queue
ALT0004154,TXN00025896,2025-08-13 11:16:03,UPI,Jaipur,Fashion,M1520,C34751,11561.82,0.54,velocity,Low,Investigating,0,0,Queue
ALT0004155,TXN00003787,2025-08-13 11:52:47,Card,Nagpur,Gaming,M1082,C34041,2557.34,0.509,new_payee,Low,Open,0,0,Queue
ALT0004156,TXN00016853,2025-08-13 12:34:23,UPI,Indore,Utilities,M1758,C32731,664.47,0.608,geo_mismatch,Medium,Cleared,1,0,Done
ALT0004157,TXN00033959,2025-08-13 12:56:32,Wallet,Bengaluru,Travel,M1588,C16897,2934.89,0.527,velocity,Low,Cleared,1,0,Done
ALT0004158,TXN00023361,2025-08-13 13:38:27,UPI,Kochi,Travel,M1103,C73014,223.33,0.656,new_payee,Medium,Escalated,0,0,Queue
ALT0004159,TXN00029184,2025-08-13 14:08:29,UPI,Chennai,Gaming,M1851,C51733,9525.2,0.509,device,Low,Cleared,1,0,Done
ALT0004160,TXN00001452,2025-08-13 15:18:36,Card,Delhi,Education,M1049,C67864,37918.91,0.561,new_payee,Medium,Investigating,0,0,Queue
ALT0004161,TXN00013791,2025-08-13 15:23:45,Wallet,Lucknow,Fashion,M1770,C11027,5606.35,0.535,geo_mismatch,Low,Cleared,1,0,Done
ALT0004162,TXN00041184,2025-08-13 15:32:23,UPI,Bengaluru,Food Delivery,M1821,C29326,12330.4,0.586,geo_mismatch,Medium,Cleared,1,0,Done
ALT0004163,TXN00032873,2025-08-13 16:13:18,Wallet,Kolkata,Electronics,M1083,C11613,1386.77,0.623,velocity,Medium,Open,0,0,Queue
ALT0004164,TXN00022636,2025-08-13 16:33:19,UPI,Indore,Food Delivery,M1083,C16052,3622.52,0.51,velocity,Low,Open,0,0,Queue
ALT0004165,TXN00005976,2025-08-13 16:49:51,Wallet,Chandigarh,Electronics,M1169,C62283,1139.03,0.545,geo_mismatch,Low,Investigating,0,0,Queue
ALT0004166,TXN00029710,2025-08-13 17:50:44,UPI,Jaipur,Education,M1152,C63633,4496.99,0.631,velocity,Medium,Investigating,0,0,Queue
ALT0004167,TXN00025848,2025-08-13 17:54:55,UPI,Pune,Healthcare,M1259,C26409,8311.7,0.596,velocity,Medium,Blocked,1,1,Done
ALT0004168,TXN00030618,2025-08-13 18:44:45,UPI,Pune,Grocery,M1644,C57396,2372.14,0.743,device,High,Cleared,0,0,Done
ALT0004169,TXN00003933,2025-08-13 19:01:08,Card,Indore,Grocery,M1381,C36736,43903.14,0.492,velocity,Low,Investigating,0,0,Queue
ALT0004170,TXN00010316,2025-08-13 19:15:54,Wallet,Kolkata,Food Delivery,M1863,C50200,3469.83,0.537,geo_mismatch,Low,Investigating,0,0,Queue
ALT0004171,TXN00010092,2025-08-13 19:25:09,UPI,Bengaluru,Electronics,M1833,C18187,6326.81,0.482,velocity,Low,Cleared,1,0,Done
ALT0004172,TXN00003863,2025-08-13 19:47:46,UPI,Ahmedabad,Grocery,M1184,C22834,420.16,0.518,velocity,Low,Cleared,1,0,Done
ALT0004173,TXN00036896,2025-08-13 19:48:08,Card,Kochi,Healthcare,M1039,C45845,37570.92,0.516,new_payee,Low,Cleared,1,0,Done
ALT0004174,TXN00023779,2025-08-13 21:06:32,Card,Jaipur,Grocery,M1112,C83544,139422.54,0.501,new_payee,Low,Cleared,1,0,Done
ALT0004175,TXN00027084,2025-08-13 21:14:16,UPI,Surat,Fuel,M1702,C41069,8414.33,0.587,velocity,Medium,Cleared,1,0,Done
ALT0004176,TXN00021539,2025-08-13 21:37:44,Card,Delhi,Fuel,M1260,C28943,5513.5,0.549,velocity,Low,Cleared,1,0,Done
ALT0004177,TXN00026140,2025-08-13 21:58:19,Card,Ahmedabad,Fashion,M1123,C75455,6598.36,0.571,velocity,Medium,Blocked,1,1,Done
ALT0004178,TXN00017616,2025-08-13 22:01:25,UPI,Kolkata,Fashion,M1245,C43278,1836.81,0.524,new_payee,Low,Investigating,0,0,Queue
ALT0004179,TXN00046244,2025-08-13 22:37:20,UPI,Ahmedabad,Education,M1005,C53481,63450.69,0.491,new_payee,Low,Blocked,1,1,Done
ALT0004180,TXN00016899,2025-08-13 22:40:50,UPI,Delhi,Fuel,M1788,C52429,742.62,0.539,velocity,Low,Open,0,0,Queue
ALT0004181,TXN00043657,2025-08-13 22:56:05,UPI,Hyderabad,Fashion,M1350,C57599,1153.6,0.566,velocity,Medium,Cleared,1,0,Done
ALT0004182,TXN00022331,2025-08-13 23:07:58,UPI,Chandigarh,Travel,M1725,C22713,7411.21,0.576,velocity,Medium,Cleared,1,0,Done
ALT0004183,TXN00047266,2025-08-13 23:12:13,Card,Pune,Electronics,M1130,C39575,7573.65,0.566,velocity,Medium,Cleared,1,0,Done
ALT0004184,TXN00014658,2025-08-13 23:14:34,UPI,Indore,Grocery,M1294,C69279,17402.62,0.564,velocity,Medium,Blocked,1,1,Done
ALT0004185,TXN00019084,2025-08-13 23:16:13,Wallet,Kolkata,Travel,M1167,C85065,4465.56,0.541,night_burst,Low,Cleared,1,0,Done
ALT0004186,TXN00026641,2025-08-13 23:18:08,UPI,Mumbai,Healthcare,M1596,C16476,8174.01,0.547,night_burst,Low,Blocked,1,1,Done
ALT0004187,TXN00001090,2025-08-13 23:18:57,Card,Indore,Travel,M1502,C26328,1441.45,0.618,night_burst,Medium,Cleared,1,0,Done
ALT0004188,TXN00045668,2025-08-13 23:19:59,UPI,Ahmedabad,Electronics,M1796,C67315,34769.77,0.624,amount_spike,Medium,Cleared,1,0,Done
ALT0004189,TXN00041536,2025-08-13 23:20:51,Card,Chennai,Grocery,M1036,C57648,6171.42,0.51,new_payee,Low,Open,0,0,Queue
ALT0004190,TXN00010009,2025-08-13 23:22:22,Wallet,Mumbai,Food Delivery,M1396,C63728,1777.92,0.509,night_burst,Low,Open,0,0,Queue
ALT0004191,TXN00019012,2025-08-13 23:31:50,Card,Jaipur,Food Delivery,M1119,C67920,15016.35,0.569,amount_spike,Medium,Escalated,0,0,Queue
ALT0004192,TXN00044805,2025-08-13 23:31:58,Card,Bengaluru,Food Delivery,M1391,C26560,73816.19,0.597,amount_spike,Medium,Investigating,0,0,Queue
ALT0004193,TXN00041655,2025-08-13 23:37:40,Card,Bengaluru,Food Delivery,M1044,C25254,81575.81,0.553,new_payee,Medium,Cleared,1,0,Done
ALT0004194,TXN00034248,2025-08-13 23:40:18,UPI,Ahmedabad,Fashion,M1078,C85495,2336.98,0.589,velocity,Medium,Investigating,0,0,Queue
ALT0004195,TXN00032420,2025-08-13 23:42:37,UPI,Chandigarh,Food Delivery,M1799,C12210,111954.27,0.579,new_payee,Medium,Investigating,0,0,Queue
ALT0004196,TXN00008375,2025-08-13 23:46:22,Card,Bengaluru,Fashion,M1707,C21353,6265.03,0.746,device,High,Escalated,0,0,Queue
ALT0004197,TXN00005317,2025-08-13 23:53:47,Card,Jaipur,Fuel,M1813,C77732,8351.79,0.532,velocity,Low,Cleared,1,0,Done
ALT0004198,TXN00035921,2025-08-13 23:55:43,Card,Jaipur,Fuel,M1434,C34467,3781.94,0.726,geo_mismatch,High,Blocked,0,1,Done
ALT0004199,TXN00046351,2025-08-13 23:58:51,UPI,Nagpur,Food Delivery,M1244,C61180,4302.24,0.612,new_payee,Medium,Cleared,1,0,Done
ALT0004200,TXN00006375,2025-08-13 23:59:56,UPI,Mumbai,Education,M1237,C40933,3239.42,0.609,velocity,Medium,Investigating,0,0,Queue
